{
"type": "FeatureCollection",
"name": "eroded_coastline",
"features": [
{ "type": "Feature", "properties": { "name": "eroded_coastline" }, "geometry": { "type": "LineString", "coordinates": [ [ -3631127.813328198622912, 3660139.335632145870477 ], [ -3631159.886329503264278, 3660451.464209894649684 ], [ -3630998.525381033774465, 3660942.232997246552259 ], [ -3630337.906089454889297, 3661496.735623598098755 ], [ -3629143.710420742165297, 3662052.738831140566617 ], [ -3627813.788349438924342, 3662583.716823546681553 ], [ -3626764.18391097523272, 3663088.041462147608399 ], [ -3625958.818315173964947, 3663538.655992845539004 ], [ -3625022.848440357018262, 3663835.786355982534587 ], [ -3623703.441422476433218, 3663865.111651109531522 ], [ -3622072.469594462309033, 3663682.670171079691499 ], [ -3620253.509588605258614, 3663641.983189897611737 ], [ -3618276.524418979417533, 3664102.31937454873696 ], [ -3616208.000488951336592, 3664940.566653938964009 ], [ -3614078.031264087650925, 3665598.178668241947889 ], [ -3611912.95098840771243, 3665746.513617605902255 ], [ -3609820.562843804247677, 3665457.371020909864455 ], [ -3608053.795068219304085, 3664928.144820740446448 ], [ -3606830.589358571916819, 3664299.743636126630008 ], [ -3606199.661855664104223, 3663646.365498992614448 ], [ -3605848.701154666952789, 3663056.748821147251874 ], [ -3605222.068779733963311, 3662669.368895359802991 ], [ -3603984.445213040802628, 3662584.166921467520297 ], [ -3602165.638983027078211, 3662781.147592432331294 ], [ -3599907.925107062328607, 3663154.523326913360506 ], [ -3597406.902140965219587, 3663609.721646279562265 ], [ -3594939.841953397262841, 3664116.835955748800188 ], [ -3592747.778937086928636, 3664697.681103688664734 ], [ -3590927.720195801462978, 3665340.128509239293635 ], [ -3589348.616944839712232, 3665903.95648895110935 ], [ -3587683.006060526240617, 3666189.346119392197579 ], [ -3585588.511519818101078, 3666174.245509282685816 ], [ -3582950.642218624707311, 3666030.257098705973476 ], [ -3580058.314678613562137, 3665953.925285843666643 ], [ -3577449.927606268320233, 3666086.668259039521217 ], [ -3575654.173496305942535, 3666504.534200678579509 ], [ -3575000.138051219284534, 3667156.052026504185051 ], [ -3575434.52869735378772, 3667885.332767217420042 ], [ -3576528.967664894182235, 3668592.682583841495216 ], [ -3577684.743445616215467, 3669253.179793669842184 ], [ -3578400.641780307982117, 3669826.806800233665854 ], [ -3578300.335171259939671, 3670260.919478339143097 ], [ -3577169.175032861996442, 3670505.836804163642228 ], [ -3575008.306003519333899, 3670550.466803857125342 ], [ -3572018.780275140888989, 3670477.719977668486536 ], [ -3568528.134448038414121, 3670444.909994889050722 ], [ -3564914.717625605873764, 3670568.954749980941415 ], [ -3561520.483249329030514, 3670835.231681107077748 ], [ -3558514.529044950846583, 3671109.518682090099901 ], [ -3555753.931261538062245, 3671213.902668814640492 ], [ -3553081.706822512671351, 3671103.660255684982985 ], [ -3550648.159346553497016, 3670946.860636704135686 ], [ -3548866.935257067903876, 3670963.835349022876471 ], [ -3548127.753585171420127, 3671218.627932834904641 ], [ -3548338.912702747154981, 3671617.423946971539408 ], [ -3548934.266345183365047, 3672048.336569212377071 ], [ -3549317.336108193732798, 3672445.283772407565266 ], [ -3549104.337865311652422, 3672753.234134192112833 ], [ -3548164.313612086232752, 3672898.001741578802466 ], [ -3546588.097076336387545, 3672827.491645536385477 ], [ -3544538.196754527278244, 3672575.206912412308156 ], [ -3542097.918762559536844, 3672237.551039147656411 ], [ -3539419.446873128414154, 3671871.959588131867349 ], [ -3536993.056262776255608, 3671456.848642855416983 ], [ -3535440.597247032914311, 3670960.710050567984581 ], [ -3534784.247460408136249, 3670430.563977601006627 ], [ -3534337.965397039428353, 3669960.41476505342871 ], [ -3533388.856823467183858, 3669652.227290825452656 ], [ -3531865.006782067008317, 3669578.400335613172501 ], [ -3530248.028225837741047, 3669728.07182812364772 ], [ -3528896.499893806409091, 3670028.310077571310103 ], [ -3527805.507917567156255, 3670418.569504603743553 ], [ -3526829.010210954584181, 3670883.313412719406188 ], [ -3525891.443074408918619, 3671428.068846335168928 ], [ -3525016.687576394062489, 3672037.102208231110126 ], [ -3524265.382890184875578, 3672659.644808562938124 ], [ -3523583.487905201967806, 3673236.455049960874021 ], [ -3522633.350354112219065, 3673715.517782755661756 ], [ -3520889.461795782204717, 3674044.68148048967123 ], [ -3518058.59407291514799, 3674171.476778323762119 ], [ -3514428.832160190213472, 3674061.990098486188799 ], [ -3510775.586397544015199, 3673713.547111593186855 ], [ -3507801.665161, 3673176.285748233087361 ], [ -3505463.357172449119389, 3672555.174362821970135 ], [ -3503126.522376294247806, 3671958.257430151570588 ], [ -3500330.058015846647322, 3671432.611517852172256 ], [ -3497201.214573641307652, 3670947.007384112570435 ], [ -3494174.174260245636106, 3670446.68156346026808 ], [ -3491510.728549263905734, 3669907.865265533328056 ], [ -3489128.474403808824718, 3669353.638654882088304 ], [ -3486813.570076130796224, 3668837.898004690650851 ], [ -3484501.998352634720504, 3668428.096104953438044 ], [ -3482346.887733984272927, 3668193.907596552744508 ], [ -3480584.103265277575701, 3668182.850860303733498 ], [ -3479431.64717629365623, 3668383.178725145757198 ], [ -3478990.977179810870439, 3668728.625043763779104 ], [ -3479190.759931495878845, 3669141.200775085482746 ], [ -3479758.831370449624956, 3669560.254796105436981 ], [ -3480268.492292816750705, 3669945.649546483531594 ], [ -3480301.21695137117058, 3670256.549510962329805 ], [ -3479575.080403482075781, 3670436.083597107324749 ], [ -3478033.726966156624258, 3670446.090492061339319 ], [ -3475848.867792288307101, 3670337.217036683112383 ], [ -3473307.849067669827491, 3670246.714750180952251 ], [ -3470717.298770636785775, 3670290.095789594110101 ], [ -3468309.997380546759814, 3670490.927082062698901 ], [ -3466220.265444439835846, 3670812.820203772280365 ], [ -3464554.155588593799621, 3671208.943389788735658 ], [ -3463464.028776949737221, 3671634.278608228545636 ], [ -3463156.865657850634307, 3672041.969370247796178 ], [ -3463812.004676209762692, 3672396.104571998119354 ], [ -3465396.717557908501476, 3672700.818720559589565 ], [ -3467490.794983303174376, 3673019.165993176400661 ], [ -3469331.612754867877811, 3673422.527373983990401 ], [ -3470108.07145282253623, 3673898.611805055290461 ], [ -3469276.588470988441259, 3674345.245214905589819 ], [ -3466773.385978599078953, 3674633.287767023313791 ], [ -3463136.813271252438426, 3674659.821933159604669 ], [ -3459248.731636417098343, 3674387.321823391132057 ], [ -3455754.094284697901458, 3673846.334258335176855 ], [ -3452967.108527526725084, 3673099.716724428348243 ], [ -3451071.856881036888808, 3672243.107430970296264 ], [ -3450154.932772533036768, 3671396.215566458646208 ], [ -3450166.33778934692964, 3670632.014260811731219 ], [ -3450821.227437042631209, 3669963.342074876185507 ], [ -3451527.120151737239212, 3669386.919980948325247 ], [ -3451581.085590721573681, 3668906.683692180085927 ], [ -3450603.616300203837454, 3668523.137907783035189 ], [ -3448778.280264333821833, 3668202.580183296930045 ], [ -3446722.691509468015283, 3667868.751739786937833 ], [ -3445017.841332176700234, 3667466.954799057915807 ], [ -3443646.326613325625658, 3667060.085893964860588 ], [ -3442048.081485309638083, 3666814.608905587811023 ], [ -3439739.3918785918504, 3666881.716734661720693 ], [ -3436721.301392714027315, 3667296.807369613088667 ], [ -3433385.158051094040275, 3667972.814704918768257 ], [ -3430207.329060802236199, 3668769.059689017944038 ], [ -3427438.589903980027884, 3669561.909762596245855 ], [ -3424972.735168301966041, 3670250.111613144632429 ], [ -3422590.216657158918679, 3670725.174885008018464 ], [ -3420316.959604268427938, 3670889.012416141107678 ], [ -3418440.135173401795328, 3670723.158571539446712 ], [ -3417172.550486375112087, 3670308.113134126644582 ], [ -3416462.840628599282354, 3669760.627468692138791 ], [ -3416053.747269853949547, 3669181.146398658398539 ], [ -3415626.216640054248273, 3668648.459093710873276 ], [ -3414934.444730467628688, 3668223.684961431659758 ], [ -3413869.068103633821011, 3667946.807008946314454 ], [ -3412434.378119003027678, 3667822.348508587572724 ], [ -3410692.741128755733371, 3667803.336477073840797 ], [ -3408739.320742297917604, 3667810.0568011184223 ], [ -3406748.642434515990317, 3667800.680703485850245 ], [ -3404998.366549335420132, 3667825.553439377807081 ], [ -3403766.971890014130622, 3667989.874006805475801 ], [ -3403171.373525344301015, 3668352.015063601080328 ], [ -3403087.657155164051801, 3668871.157554883509874 ], [ -3403296.705780989956111, 3669440.842903796117753 ], [ -3403736.372266947757453, 3669941.204486616887152 ], [ -3404521.980794703122228, 3670289.435759864281863 ], [ -3405720.983393219765276, 3670495.944122469983995 ], [ -3407204.823422417510301, 3670676.261254393961281 ], [ -3408696.778986947145313, 3670964.458934694994241 ], [ -3409877.598016337025911, 3671398.071801227051765 ], [ -3410466.022850408684462, 3671897.354524767491966 ], [ -3410246.053504049312323, 3672350.815368884708732 ], [ -3409102.522366414312273, 3672697.561157389543951 ], [ -3407048.285340338945389, 3672960.244674320332706 ], [ -3404231.810515775810927, 3673221.314783746842295 ], [ -3400976.227689831051975, 3673549.302995319943875 ], [ -3397770.41917542507872, 3673949.856205615215003 ], [ -3395042.006781924050301, 3674385.618710139766335 ], [ -3392867.080819905735552, 3674817.636962062679231 ], [ -3390957.511263217311352, 3675226.18731802329421 ], [ -3388869.503973322920501, 3675603.604950712062418 ], [ -3386217.519297208636999, 3675937.454093059524894 ], [ -3382837.048312874510884, 3676207.599390531890094 ], [ -3378885.925606682896614, 3676404.065146849490702 ], [ -3374757.38463520957157, 3676543.863176504615694 ], [ -3370823.384253972675651, 3676671.169604412745684 ], [ -3367238.725392566528171, 3676859.861377574503422 ], [ -3363943.58568313671276, 3677192.300838701426983 ], [ -3360801.264584513846785, 3677695.449091024231166 ], [ -3357702.327327307779342, 3678297.581015073694289 ], [ -3354610.074968906119466, 3678860.529259017203003 ], [ -3351565.370688370428979, 3679257.946519759483635 ], [ -3348671.618776810355484, 3679432.925906307995319 ], [ -3346105.855150677729398, 3679423.603312395047396 ], [ -3344065.058313719928265, 3679356.914199345279485 ], [ -3342631.200638012029231, 3679381.878573141992092 ], [ -3341692.280019866302609, 3679571.060598033014685 ], [ -3340962.80027699843049, 3679885.464849397540092 ], [ -3340130.522233942523599, 3680212.242683566175401 ], [ -3339091.838011291343719, 3680412.73264495190233 ], [ -3338072.329779575578868, 3680363.127079067751765 ], [ -3337476.096063360571861, 3679995.33539642393589 ], [ -3337600.730275637935847, 3679317.048379979096353 ], [ -3338507.270365316420794, 3678397.990130980499089 ], [ -3340083.768390171695501, 3677345.793932585045695 ], [ -3342165.424177137203515, 3676288.918100289069116 ], [ -3344608.777163547929376, 3675364.844061199110001 ], [ -3347249.479449932929128, 3674688.505700815469027 ], [ -3349835.327561652287841, 3674320.020741323474795 ], [ -3352078.924693206325173, 3674268.822583598084748 ], [ -3353785.869505412876606, 3674500.678552943281829 ], [ -3354991.988395528402179, 3674912.396120857913047 ], [ -3356065.574402743950486, 3675327.4539879350923 ], [ -3357598.612302389927208, 3675563.419971668627113 ], [ -3360102.004637048579752, 3675521.638464829418808 ], [ -3363774.266186323016882, 3675231.469883799552917 ], [ -3368450.366074619814754, 3674809.126987358555198 ], [ -3373650.82462989911437, 3674359.810323124285787 ], [ -3378714.420457535889, 3673921.671366041526198 ], [ -3382980.101407214999199, 3673485.558305817190558 ], [ -3386000.640342813450843, 3673044.358103069476783 ], [ -3387634.539720537606627, 3672619.245644135866314 ], [ -3387965.282084231264889, 3672258.382021662779152 ], [ -3387179.78692648652941, 3672017.386394274421036 ], [ -3385499.163560814689845, 3671925.452324167825282 ], [ -3383109.056857061572373, 3671953.805195758584887 ], [ -3380115.032986341044307, 3672029.367665533907712 ], [ -3376667.74154934938997, 3672097.899089066777378 ], [ -3373121.217266235034913, 3672163.901268479879946 ], [ -3369955.570957273710519, 3672252.75226574158296 ], [ -3367520.647018136456609, 3672337.283704800531268 ], [ -3365898.659494248684496, 3672326.620184812229127 ], [ -3364965.93344785599038, 3672139.300229978282005 ], [ -3364509.985769562423229, 3671767.782472661230713 ], [ -3364328.803005970548838, 3671268.680093219038099 ], [ -3364289.103392925579101, 3670713.566836065147072 ], [ -3364288.458391213323921, 3670154.015104548539966 ], [ -3364165.032072352711111, 3669620.989376687444746 ], [ -3363716.625700081232935, 3669146.063030528835952 ], [ -3362851.634775902144611, 3668783.023209598381072 ], [ -3361672.529552178457379, 3668609.151452266611159 ], [ -3360357.982876095920801, 3668697.695179497357458 ], [ -3358930.61397058237344, 3669072.954387065023184 ], [ -3357114.758718576282263, 3669677.735960719641298 ], [ -3354461.159726702142507, 3670380.344841407146305 ], [ -3350692.797549619339406, 3671026.680873940698802 ], [ -3345974.647836664691567, 3671521.210470911115408 ], [ -3340859.942114626523107, 3671878.937034427188337 ], [ -3336020.226053715217859, 3672193.991221910808235 ], [ -3332003.721884971018881, 3672548.78320551617071 ], [ -3329028.419917874969542, 3672951.148401548154652 ], [ -3326878.116318347863853, 3673343.062341772019863 ], [ -3325080.870283807627857, 3673643.188087512273341 ], [ -3323252.766159231774509, 3673782.796323439106345 ], [ -3321269.505101151764393, 3673730.555260417051613 ], [ -3319150.148657441139221, 3673507.53384896973148 ], [ -3316876.034964577760547, 3673184.168792217504233 ], [ -3314362.318680900149047, 3672854.814875969663262 ], [ -3311560.148743560072035, 3672611.975705645978451 ], [ -3308565.516829053871334, 3672519.07188942655921 ], [ -3305638.678182115312666, 3672570.903885180596262 ], [ -3303118.643176617566496, 3672674.42544631101191 ], [ -3301263.877201211638749, 3672696.165459159296006 ], [ -3300106.616555915679783, 3672551.858071957714856 ], [ -3299391.697976354509592, 3672250.376933993771672 ], [ -3298700.16012141527608, 3671865.754449724685401 ], [ -3297687.053285913541913, 3671489.852933128364384 ], [ -3296197.835159968584776, 3671199.311517654452473 ], [ -3294223.939196629449725, 3671033.720994215924293 ], [ -3291859.8395288689062, 3670987.209307626821101 ], [ -3289316.658865928649902, 3671030.275297002401203 ], [ -3286938.822847408242524, 3671148.794345972128212 ], [ -3285175.238671732600778, 3671349.364818125963211 ], [ -3284441.701887311413884, 3671625.677113548852503 ], [ -3284898.475070611573756, 3671944.562335656955838 ], [ -3286347.919417001772672, 3672274.503913183230907 ], [ -3288318.33782205125317, 3672615.465690503828228 ], [ -3290256.047256010118872, 3672994.600981418509036 ], [ -3291778.541453555691987, 3673436.443287168629467 ], [ -3292847.179965354502201, 3673943.735784532036632 ], [ -3293710.322365475352854, 3674500.527705044019967 ], [ -3294684.761431674938649, 3675073.234281927347183 ], [ -3295971.191736262757331, 3675597.899869121145457 ], [ -3297604.681806292384863, 3675972.546209225431085 ], [ -3299515.592254352755845, 3676083.582604262977839 ], [ -3301616.008344719652086, 3675876.066877215635031 ], [ -3303817.688169255852699, 3675426.217666364274919 ], [ -3305990.482204555533826, 3674927.473036928568035 ], [ -3307929.708250498399138, 3674586.972916739061475 ], [ -3309390.238741646520793, 3674544.272370521910489 ], [ -3310159.906305534299463, 3674851.344358565751463 ], [ -3310124.323555406183004, 3675476.628323996905237 ], [ -3309269.567915298976004, 3676318.215787424705923 ], [ -3307637.042158245109022, 3677234.563764389138669 ], [ -3305290.144343874417245, 3678086.724661136511713 ], [ -3302324.421114798635244, 3678771.530916120857 ], [ -3298908.490785875357687, 3679237.456282783299685 ], [ -3295301.077207285445184, 3679472.679345773532987 ], [ -3291828.466067884583026, 3679484.285541494376957 ], [ -3288839.448280042037368, 3679292.666629620362073 ], [ -3286617.314087145030499, 3678933.041047181934118 ], [ -3285240.864237590227276, 3678457.081769588403404 ], [ -3284498.311968296766281, 3677932.110694557894021 ], [ -3283945.677017729729414, 3677441.055024207569659 ], [ -3283099.98953303694725, 3677078.463772140908986 ], [ -3281698.39045292744413, 3676929.522028516046703 ], [ -3279887.908798328600824, 3677036.165485257748514 ], [ -3278137.006949443835765, 3677376.680761961266398 ], [ -3276861.0721824048087, 3677880.970017802435905 ], [ -3276112.720991338603199, 3678459.352352268528193 ], [ -3275617.30269036674872, 3679019.119343048427254 ], [ -3275032.900358949787915, 3679469.05937263276428 ], [ -3274139.158949949312955, 3679724.977377389091998 ], [ -3272867.936340651940554, 3679725.247405252885073 ], [ -3271281.172299861907959, 3679451.15985971968621 ], [ -3269545.41313751321286, 3678928.36261146562174 ], [ -3267856.981390865519643, 3678204.568335835356265 ], [ -3266326.081132613588125, 3677331.434565970208496 ], [ -3264935.650856955442578, 3676362.306146531365812 ], [ -3263602.673048325348645, 3675352.855075491126627 ], [ -3262284.961869798135012, 3674351.114919524174184 ], [ -3261066.133637058082968, 3673385.651810395065695 ], [ -3260162.304504100698978, 3672460.869397573173046 ], [ -3259802.658610702026635, 3671566.582494527101517 ], [ -3260031.35467247152701, 3670707.70907077845186 ], [ -3260609.859372081700712, 3669927.062529902905226 ], [ -3261110.004310548771173, 3669294.409010789357126 ], [ -3261140.059305362869054, 3668873.199728701263666 ], [ -3260562.740922244731337, 3668683.713544447906315 ], [ -3259517.41341217700392, 3668677.304771504830569 ], [ -3258244.624612466432154, 3668745.091959555633366 ], [ -3256920.548026773612946, 3668759.886713382322341 ], [ -3255637.467197356745601, 3668625.651705127209425 ], [ -3254473.340310297440737, 3668313.570889569353312 ], [ -3253513.843795583117753, 3667868.064059320837259 ], [ -3252779.931257992982864, 3667381.670645560137928 ], [ -3252162.86816723505035, 3666963.823920848313719 ], [ -3251488.75123524479568, 3666706.904585614334792 ], [ -3250668.268065360374749, 3666631.019080328755081 ], [ -3249759.986504700034857, 3666638.003364489413798 ], [ -3248891.238476839382201, 3666553.387333941180259 ], [ -3248138.940254086628556, 3666246.612533568404615 ], [ -3247462.191834185272455, 3665711.314319670200348 ], [ -3246758.559164260979742, 3665036.531192442402244 ], [ -3246024.009176349733025, 3664315.925150966737419 ], [ -3245438.285149501636624, 3663587.928998291492462 ], [ -3245215.855793174821883, 3662845.227394828107208 ], [ -3245341.724328188691288, 3662075.638053637463599 ], [ -3245514.811499897390604, 3661283.023283367510885 ], [ -3245358.74974845116958, 3660486.014723697677255 ], [ -3244629.170444176066667, 3659709.529684897046536 ], [ -3243232.917182576376945, 3658979.665823397226632 ], [ -3241153.217944970820099, 3658325.149431546684355 ], [ -3238451.339026935398579, 3657776.978058461099863 ], [ -3235306.193757540546358, 3657368.811785754282027 ], [ -3231946.832695203367621, 3657138.634970950428396 ], [ -3228527.956826560199261, 3657112.549637105781585 ], [ -3225133.570775144733489, 3657266.192118129692972 ], [ -3221827.399017463903874, 3657515.248334457632154 ], [ -3218629.43197307921946, 3657760.659935410134494 ], [ -3215528.63402425032109, 3657945.019373365677893 ], [ -3212605.33772873878479, 3658082.425496132578701 ], [ -3210128.848335451912135, 3658247.68237513769418 ], [ -3208477.619545603636652, 3658525.378978115040809 ], [ -3207885.362653876654804, 3658954.092929361388087 ], [ -3208245.725864832755178, 3659508.529685578774661 ], [ -3209183.419229018967599, 3660124.527110446244478 ], [ -3210321.906739218626171, 3660737.888964799232781 ], [ -3211499.402998438104987, 3661310.710076694842428 ], [ -3212798.210044985171407, 3661832.476366186048836 ], [ -3214374.318188886158168, 3662312.396520192734897 ], [ -3216227.749190350994468, 3662778.347147771157324 ], [ -3218138.682041774038225, 3663271.750606609974056 ], [ -3219796.446091691497713, 3663826.537468403577805 ], [ -3220948.106402928475291, 3664446.81578375864774 ], [ -3221548.330045401118696, 3665096.620474595110863 ], [ -3221859.262491965200752, 3665710.869954193476588 ], [ -3222266.718265081755817, 3666235.599542808253318 ], [ -3222904.713744186330587, 3666676.225931748282164 ], [ -3223537.301910142414272, 3667110.48187324590981 ], [ -3223796.669836290180683, 3667635.503554713912308 ], [ -3223443.455547934398055, 3668285.720071142073721 ], [ -3222448.265116063412279, 3669016.616105824708939 ], [ -3220924.522019380237907, 3669769.553754818625748 ], [ -3219024.514452676288784, 3670518.165413290262222 ], [ -3216908.396276024635881, 3671257.115948260761797 ], [ -3214758.956132819410414, 3671973.495789088308811 ], [ -3212746.375146898906678, 3672629.515966147650033 ], [ -3210944.772683093789965, 3673163.418772739823908 ], [ -3209325.143192980438471, 3673509.24609789904207 ], [ -3207823.851019191090018, 3673621.471075567882508 ], [ -3206421.539921138901263, 3673495.002967315260321 ], [ -3205216.580683440901339, 3673164.947169584687799 ], [ -3204465.493540972471237, 3672683.357983038760722 ], [ -3204506.923308120574802, 3672099.340262510348111 ], [ -3205515.770483735948801, 3671457.778178317006677 ], [ -3207221.048747095279396, 3670805.970820495393127 ], [ -3208868.31082317000255, 3670193.383448099717498 ], [ -3209532.658295332454145, 3669669.65401967940852 ], [ -3208607.225723455194384, 3669280.696799055673182 ], [ -3206187.799207941163331, 3669053.42456316575408 ], [ -3202979.515230739954859, 3668976.350814763922244 ], [ -3199790.440719829406589, 3668991.90378689346835 ], [ -3197150.703404663130641, 3668995.306113117840141 ], [ -3195282.103471953421831, 3668870.854988845530897 ], [ -3194264.786853712052107, 3668562.293308687862009 ], [ -3194120.673765654675663, 3668089.317399644292891 ], [ -3194699.879701666533947, 3667492.636301393155009 ], [ -3195540.832423857878894, 3666786.124284577555954 ], [ -3196029.630280715879053, 3665960.2367193242535 ], [ -3195841.036728993989527, 3665019.811349884606898 ], [ -3195199.555086845997721, 3664012.971171403303742 ], [ -3194728.507375719491392, 3663020.508571683429182 ], [ -3194982.209414512384683, 3662116.811813429929316 ], [ -3195928.903485807124525, 3661342.914435612503439 ], [ -3196871.258976951241493, 3660697.864612999837846 ], [ -3196999.873667632229626, 3660168.729076331481338 ], [ -3196071.757640442345291, 3659772.223031031899154 ], [ -3194482.094193815719336, 3659551.60572361946106 ], [ -3192786.745033150538802, 3659537.148727071937174 ], [ -3191325.390805972274393, 3659715.218709337059408 ], [ -3190161.451454245951027, 3660031.415528482291847 ], [ -3189172.473936659749597, 3660404.863356893416494 ], [ -3188162.142177935224026, 3660745.034900553524494 ], [ -3186953.840978065039963, 3660993.833723568357527 ], [ -3185453.456638227682561, 3661169.48746281536296 ], [ -3183672.195474034175277, 3661331.263489823788404 ], [ -3181707.801966646220535, 3661482.623771998099983 ], [ -3179726.54937793686986, 3661544.472975738812238 ], [ -3178006.553711753804237, 3661430.914509783964604 ], [ -3176919.69557215180248, 3661121.3276780503802 ], [ -3176730.953950590919703, 3660659.745354557875544 ], [ -3177346.060388180427253, 3660116.34911982389167 ], [ -3178262.292907760478556, 3659562.13314002007246 ], [ -3178791.008127827197313, 3659076.328414060175419 ], [ -3178382.858549302909523, 3658759.738139814231545 ], [ -3176861.14822542341426, 3658707.77532851183787 ], [ -3174455.407732524909079, 3658938.840206837281585 ], [ -3171626.270510422531515, 3659353.894534569233656 ], [ -3168788.819996540434659, 3659787.692343760281801 ], [ -3166167.749178368132561, 3660122.215654463041574 ], [ -3163926.811172022018582, 3660370.544681707397103 ], [ -3162312.130166158080101, 3660637.217787296045572 ], [ -3161481.753487738315016, 3661001.719091147650033 ], [ -3161168.026682141236961, 3661466.887316178064793 ], [ -3160795.253352631349117, 3661986.768715828191489 ], [ -3160046.254289265256375, 3662518.039896396920085 ], [ -3159136.165888437535614, 3663057.988143212161958 ], [ -3158518.772521190345287, 3663619.359582868404686 ], [ -3158470.828945521265268, 3664173.207911156583577 ], [ -3158990.71227219235152, 3664630.882166604977101 ], [ -3159993.018688726704568, 3664881.971931801643223 ], [ -3161513.302975861821324, 3664862.211601844523102 ], [ -3163705.366619985084981, 3664617.17528516240418 ], [ -3166649.00739964004606, 3664303.722455918323249 ], [ -3170121.003548725042492, 3664101.434828154742718 ], [ -3173490.355033927131444, 3664105.913630224764347 ], [ -3175883.001855291426182, 3664291.470936913043261 ], [ -3176681.434430967550725, 3664560.076159324962646 ], [ -3176008.79720708495006, 3664826.333877954632044 ], [ -3174752.579610420856625, 3665080.881938165519387 ], [ -3174071.797441245056689, 3665377.61905188113451 ], [ -3174682.34573710989207, 3665761.6414431668818 ], [ -3176282.370125223416835, 3666233.441620209254324 ], [ -3177542.213055261876434, 3666770.131009078584611 ], [ -3177009.251646803226322, 3667332.812927400693297 ], [ -3174354.543231723830104, 3667860.320938417222351 ], [ -3170544.525846717413515, 3668313.496818608604372 ], [ -3166861.326496591325849, 3668712.478864773642272 ], [ -3164084.046982596628368, 3669115.581344120204449 ], [ -3162397.403946977574378, 3669564.365861250087619 ], [ -3161684.45386955793947, 3670057.060146373230964 ], [ -3161780.553228611592203, 3670565.552136991173029 ], [ -3162550.331227392423898, 3671048.364197998773307 ], [ -3163891.313154440838844, 3671444.901466397568583 ], [ -3165762.98787323012948, 3671678.273983976338059 ], [ -3168202.320562718436122, 3671698.573842050973326 ], [ -3171286.384762124158442, 3671545.731446074321866 ], [ -3174971.073087536729872, 3671359.185695996973664 ], [ -3178814.757952396757901, 3671299.70804709289223 ], [ -3181973.23934640455991, 3671455.886727002449334 ], [ -3183662.171098619233817, 3671807.231508524157107 ], [ -3183572.303343704435974, 3672265.247318654786795 ], [ -3181813.799129783641547, 3672734.853770375717431 ], [ -3178676.301087778992951, 3673139.359207339119166 ], [ -3174599.92682268936187, 3673408.052250677719712 ], [ -3170216.961775843054056, 3673472.458314041607082 ], [ -3166200.274289200548083, 3673295.550212029833347 ], [ -3163022.708391671534628, 3672905.33916554460302 ], [ -3160813.044053202029318, 3672388.112426397856325 ], [ -3159410.788883162662387, 3671849.647925368044525 ], [ -3158464.934726655948907, 3671392.8337671328336 ], [ -3157544.728331833612174, 3671099.811011317186058 ], [ -3156241.501953802071512, 3670986.247150516603142 ], [ -3154165.136743548791856, 3670959.278118651825935 ], [ -3150913.652839824091643, 3670875.280751946847886 ], [ -3146276.348434309940785, 3670693.881436818744987 ], [ -3140556.917387222405523, 3670537.852642985526472 ], [ -3134477.811466685496271, 3670589.891669653356075 ], [ -3128597.740383878350258, 3670959.68592796754092 ], [ -3123153.246088996529579, 3671605.103288104757667 ], [ -3118344.552385328803211, 3672346.351682717911899 ], [ -3114412.614016170613468, 3672976.732167750131339 ], [ -3111401.546180729754269, 3673385.576725273858756 ], [ -3109071.524056049529463, 3673617.51472203573212 ], [ -3106954.731473757885396, 3673804.618279450107366 ], [ -3104504.829496003687382, 3674011.069418034981936 ], [ -3101325.494173370767385, 3674195.137705855071545 ], [ -3097410.423745952546597, 3674330.601489256136119 ], [ -3093209.166876434814185, 3674474.555974747985601 ], [ -3089375.348803351633251, 3674700.272920478601009 ], [ -3086318.745930791366845, 3675024.798223367892206 ], [ -3084007.766288503538817, 3675410.399668077472597 ], [ -3082112.602389259263873, 3675784.127775566186756 ], [ -3080259.365157779771835, 3676054.987576234620064 ], [ -3078197.631522451061755, 3676161.912444768939167 ], [ -3075828.33790140831843, 3676135.364930079318583 ], [ -3073180.03782951971516, 3676093.165352310054004 ], [ -3070377.455111674498767, 3676144.960285052657127 ], [ -3067486.341495123691857, 3676316.969038623385131 ], [ -3064433.816961688455194, 3676572.075987167656422 ], [ -3061175.038561040535569, 3676880.835106641519815 ], [ -3057779.662788107991219, 3677241.074332740623504 ], [ -3054209.741456534713507, 3677630.784845532849431 ], [ -3050228.516473576892167, 3677997.277917210478336 ], [ -3045653.563949631061405, 3678317.609700654633343 ], [ -3040558.93877024250105, 3678618.031828521750867 ], [ -3035178.009669257327914, 3678933.396734433248639 ], [ -3029661.993038544431329, 3679293.824835091363639 ], [ -3023959.348629407584667, 3679715.328896876890212 ], [ -3017894.731991135980934, 3680193.785896020010114 ], [ -3011339.415995792020112, 3680707.695074338465929 ], [ -3004299.101030285470188, 3681219.526197928003967 ], [ -2996637.290091942995787, 3681682.543808818329126 ], [ -2987920.299842488020658, 3682074.685773719567806 ], [ -2977981.088216681499034, 3682424.40880209999159 ], [ -2967484.312117527704686, 3682789.339023809880018 ], [ -2957593.858211823739111, 3683195.0387874962762 ], [ -2949087.199116357136518, 3683606.626448676921427 ], [ -2941844.869003483094275, 3683975.67224012222141 ], [ -2935376.16384128946811, 3684339.232280970551074 ], [ -2929344.068526115268469, 3684776.06041356548667 ], [ -2923586.17636880138889, 3685307.847665294539183 ], [ -2917954.200385858304799, 3685896.660491222050041 ], [ -2912321.321708447299898, 3686496.787233083508909 ], [ -2906783.410688715986907, 3687097.804487100802362 ], [ -2901555.244844611268491, 3687715.979458671063185 ], [ -2896692.156596895772964, 3688367.143651520833373 ], [ -2892030.61296150740236, 3689053.774870040826499 ], [ -2887336.475851532071829, 3689767.269655461423099 ], [ -2882616.317158011719584, 3690483.186283018905669 ], [ -2878111.456419165246189, 3691171.449574836529791 ], [ -2873965.728573235217482, 3691831.119527377653867 ], [ -2869945.800427300855517, 3692496.585402193944901 ], [ -2865692.728879240807146, 3693187.234828468877822 ], [ -2861208.216532711870968, 3693841.706435888074338 ], [ -2857079.168389886151999, 3694304.277084722649306 ], [ -2854195.660267623141408, 3694423.757070441264659 ], [ -2853116.856274869758636, 3694177.04085798561573 ], [ -2853491.840750162024051, 3693681.150927695445716 ], [ -2854406.803440551739186, 3693086.46654935926199 ], [ -2855414.630289685446769, 3692494.587617764249444 ], [ -2856806.827868628781289, 3691942.92473466321826 ], [ -2859038.383679167833179, 3691431.095590167213231 ], [ -2862158.914986445102841, 3690943.498953383881599 ], [ -2865653.578541830647737, 3690468.361289923544973 ], [ -2868734.638780037872493, 3690002.088710456155241 ], [ -2871021.346140427049249, 3689537.958332463167608 ], [ -2872689.75207781419158, 3689069.717931236606091 ], [ -2874225.316982961725444, 3688591.516918137669563 ], [ -2876192.603202013298869, 3688080.631807421334088 ], [ -2879030.657227189280093, 3687512.271285482682288 ], [ -2882810.673159969039261, 3686900.87410443322733 ], [ -2887251.978387915063649, 3686299.456285467837006 ], [ -2892138.547723171766847, 3685736.46781470393762 ], [ -2897522.090184940490872, 3685202.599314103834331 ], [ -2903486.538326752372086, 3684678.534471712075174 ], [ -2910142.621839536353946, 3684145.593871483113617 ], [ -2917497.424771004822105, 3683592.18681762367487 ], [ -2925249.71530876820907, 3683010.162964600604028 ], [ -2932847.626907681580633, 3682386.233172229956836 ], [ -2939976.405285771470517, 3681728.431458116043359 ], [ -2946592.878372301347554, 3681116.755437014158815 ], [ -2952895.739189560990781, 3680653.901501786429435 ], [ -2958883.556130839977413, 3680331.452437157742679 ], [ -2964377.120353181380779, 3680055.33578784018755 ], [ -2969356.725499100517482, 3679707.035919644404203 ], [ -2973991.34290124475956, 3679199.642832914832979 ], [ -2978236.405889433342963, 3678512.323477665428072 ], [ -2981688.354373759590089, 3677695.901649457868189 ], [ -2984254.593834115657955, 3676877.083876955322921 ], [ -2986226.458324302453548, 3676225.093536281492561 ], [ -2987929.25170513568446, 3675888.156119777821004 ], [ -2989505.035182624123991, 3675873.883040950633585 ], [ -2990972.723956872709095, 3676072.781121197156608 ], [ -2992241.970924688503146, 3676405.469182253815234 ], [ -2993267.824692288413644, 3676828.53557829093188 ], [ -2994334.109187595080584, 3677262.728138323873281 ], [ -2995993.144631389994174, 3677598.054505314212292 ], [ -2998603.787514833267778, 3677747.421024450100958 ], [ -3002022.277453956194222, 3677723.131525320000947 ], [ -3005737.45416589314118, 3677634.515405407175422 ], [ -3008999.425724976696074, 3677543.625902332365513 ], [ -3011169.753466654103249, 3677383.409107263199985 ], [ -3011897.936141723301262, 3677080.495890431106091 ], [ -3011160.560139263048768, 3676653.930724082514644 ], [ -3009324.225363323930651, 3676144.805492701940238 ], [ -3007297.877552863676101, 3675576.281490488909185 ], [ -3006230.115652235224843, 3674990.640013230033219 ], [ -3006334.374573594424874, 3674435.338112144730985 ], [ -3006930.992261609528214, 3673887.753734474536031 ], [ -3007594.316226413473487, 3673311.59058402525261 ], [ -3008390.554472860880196, 3672710.613621655385941 ], [ -3009239.222531562671065, 3672123.683437710162252 ], [ -3009724.596219401340932, 3671574.008083875291049 ], [ -3009728.723067285958678, 3671058.282049183733761 ], [ -3009548.520343110896647, 3670549.387295684311539 ], [ -3009380.921904529444873, 3670018.813397272024304 ], [ -3009107.677965208888054, 3669456.135991062968969 ], [ -3008497.345520769245923, 3668871.114065525587648 ], [ -3007423.887965814210474, 3668304.321936211083084 ], [ -3005953.211125056259334, 3667770.869256235193461 ], [ -3004295.188887454103678, 3667202.955977554433048 ], [ -3002518.142128318548203, 3666575.19828693382442 ], [ -3000581.475469216704369, 3665975.385832561645657 ], [ -2998609.507194828707725, 3665446.252935270313174 ], [ -2996874.367555465549231, 3664951.497842500451952 ], [ -2995556.574410454370081, 3664453.148263942915946 ], [ -2994266.197312006726861, 3663977.325133142992854 ], [ -2992295.19621685706079, 3663631.716780183371156 ], [ -2989570.064753313548863, 3663567.667637062259018 ], [ -2986881.620204316917807, 3663822.139205197803676 ], [ -2984787.86440471932292, 3664227.941702906507999 ], [ -2983338.587323082610965, 3664527.872793568298221 ], [ -2982378.327500241342932, 3664502.274677252396941 ], [ -2981779.668075491674244, 3664118.889604578725994 ], [ -2981269.401686368510127, 3663598.159731730353087 ], [ -2980330.846400758251548, 3663182.170407137367874 ], [ -2978504.516331295482814, 3663017.367035783827305 ], [ -2975859.783388681709766, 3663141.970080687198788 ], [ -2973013.849254538770765, 3663469.065531837753952 ], [ -2970355.219975809566677, 3663870.534185582306236 ], [ -2967783.077502530999482, 3664212.617572345305234 ], [ -2965114.811742550693452, 3664354.050824551843107 ], [ -2962237.998601788189262, 3664136.85254084598273 ], [ -2959105.492663982789963, 3663511.244635048788041 ], [ -2955396.243400405161083, 3662681.040640952065587 ], [ -2951065.18482265714556, 3661912.659672531764954 ], [ -2946541.064949344377965, 3661402.752981955651194 ], [ -2941909.256565007846802, 3661283.396365316119045 ], [ -2937277.590454232413322, 3661459.258148042485118 ], [ -2932825.927238187752664, 3661677.49495753319934 ], [ -2928736.341120289638638, 3661845.21711586182937 ], [ -2925199.733781775925308, 3662100.375209977384657 ], [ -2922214.167560457717627, 3662529.818005648907274 ], [ -2919448.151374933309853, 3663008.379924300592393 ], [ -2916824.656606701668352, 3663279.933376126922667 ], [ -2914978.440379791893065, 3663163.030518360901624 ], [ -2914548.869876971002668, 3662706.414014377165586 ], [ -2915489.137005414813757, 3662136.477658198680729 ], [ -2917130.655251055490226, 3661592.153552242089063 ], [ -2918800.915279323235154, 3661059.701338783837855 ], [ -2919791.380955659318715, 3660484.115448042750359 ], [ -2919341.40702797845006, 3659885.520116496365517 ], [ -2917067.238039453979582, 3659389.360410416964442 ], [ -2913366.538994525093585, 3659150.130034598521888 ], [ -2909349.682161382399499, 3659231.376760879997164 ], [ -2906210.277696181088686, 3659572.437891354318708 ], [ -2904772.861665912438184, 3660128.428137680049986 ], [ -2904865.875178143382072, 3660832.882106663193554 ], [ -2905460.841553776990622, 3661618.991952863987535 ], [ -2904960.911358633544296, 3662399.971958619076759 ], [ -2901437.947389751672745, 3663134.228425274137408 ], [ -2894720.939857532735914, 3663704.071462332736701 ], [ -2887643.578781091142446, 3663912.46995789045468 ], [ -2883196.71825304441154, 3663662.357216912787408 ], [ -2881631.96114258794114, 3663109.798767667263746 ], [ -2881648.372124826069921, 3662509.783256880007684 ], [ -2882166.388687298633158, 3661991.140267108567059 ], [ -2882610.24987825518474, 3661535.394469056744128 ], [ -2882610.193420459516346, 3661080.42691676132381 ], [ -2881857.124351973179728, 3660595.445561201311648 ], [ -2880562.707968044094741, 3660097.220097329933196 ], [ -2879493.726482172496617, 3659604.448325253091753 ], [ -2878572.472939600236714, 3659167.1080506965518 ], [ -2876859.630967801436782, 3658868.633208902087063 ], [ -2873846.656373071949929, 3658769.627181094139814 ], [ -2870131.659159585833549, 3658735.393820807803422 ], [ -2866334.469881970435381, 3658498.200388938654214 ], [ -2862487.080373542848974, 3657979.867725482676178 ], [ -2858300.156677060760558, 3657458.469296725932509 ], [ -2854073.236109642311931, 3657209.749650423880666 ], [ -2849872.930579746607691, 3657375.485751649364829 ], [ -2845671.950066739693284, 3657906.892334463540465 ], [ -2841785.38666679058224, 3658621.265277827624232 ], [ -2838664.591960357502103, 3659452.557408578228205 ], [ -2836338.421426007989794, 3660350.176202910020947 ], [ -2834496.066915062721819, 3661223.724672779906541 ], [ -2832970.185093112289906, 3661998.584259619005024 ], [ -2831566.314349599648267, 3662543.265995179768652 ], [ -2830255.709302034694701, 3662700.841876301448792 ], [ -2829173.252442973665893, 3662352.031558318063617 ], [ -2828772.554327146150172, 3661556.158921250142157 ], [ -2829189.975412669591606, 3660590.848335392773151 ], [ -2830171.645451223943383, 3659615.414549102541059 ], [ -2831572.890603601932526, 3658754.210105334408581 ], [ -2833240.39011752512306, 3657980.830194769892842 ], [ -2834976.206875084899366, 3657262.142194881103933 ], [ -2836400.973770959768444, 3656611.123912665061653 ], [ -2836810.593741265125573, 3655976.577123498078436 ], [ -2836343.835995602421463, 3655302.03731874935329 ], [ -2835947.93467073328793, 3654576.063515253830701 ], [ -2835840.631344039924443, 3653891.659252453129739 ], [ -2835445.827070725150406, 3653276.85059863794595 ], [ -2834768.725930540356785, 3652708.812765691429377 ], [ -2834622.758193042594939, 3652126.48287776298821 ], [ -2834722.613011327572167, 3651470.206244640983641 ], [ -2833574.589594365563244, 3650662.19871793827042 ], [ -2831213.608968948945403, 3649746.049729630351067 ], [ -2829829.444176298566163, 3648950.465877087321132 ], [ -2830485.167826363816857, 3648524.030962194316089 ], [ -2833079.861766685266048, 3648425.726734754163772 ], [ -2836597.460236039012671, 3648318.778934286907315 ], [ -2838739.662438309751451, 3647997.186724047642201 ], [ -2839014.428482959978282, 3647575.217484246939421 ], [ -2838175.109022745862603, 3647142.395497210789472 ], [ -2836488.608208945021033, 3646687.394965705927461 ], [ -2833691.061216037254781, 3646181.688805928919464 ], [ -2829514.285167467780411, 3645623.002643405459821 ], [ -2824603.947981521952897, 3645053.691867952700704 ], [ -2819719.742801161017269, 3644855.482489145826548 ], [ -2817189.303662315942347, 3645191.441146116703749 ], [ -2816426.121048897039145, 3645862.561548496596515 ], [ -2814367.919841377064586, 3646554.792101368308067 ], [ -2809935.658286718651652, 3646750.572273219935596 ], [ -2804873.769405307248235, 3646344.713828103616834 ], [ -2799854.612298305146396, 3645725.752241607289761 ], [ -2795875.514147252310067, 3645043.582199211698025 ], [ -2792918.900827987585217, 3644266.232103946618736 ], [ -2791258.273528337478638, 3643391.860149052925408 ], [ -2790960.471831560134888, 3642610.463138235267252 ], [ -2792310.574918222613633, 3641887.686521095689386 ], [ -2795117.332108973059803, 3641130.090207752771676 ], [ -2797969.936830071266741, 3640348.089201471302658 ], [ -2800617.488205663859844, 3639723.856784931849688 ], [ -2802881.730715760495514, 3639180.715810946188867 ], [ -2804641.348730295430869, 3638721.456367040518671 ], [ -2805863.630069284699857, 3638475.026746889110655 ], [ -2806528.609394911676645, 3638674.371480291243643 ], [ -2806247.369132944848388, 3639363.481552782002836 ], [ -2804973.657435024622828, 3640140.198479352053255 ], [ -2803423.214289516210556, 3640864.554488213267177 ], [ -2801993.902873943559825, 3641528.473982680588961 ], [ -2801323.649126954376698, 3642176.959979017265141 ], [ -2802358.258999890182167, 3642774.907593288924545 ], [ -2806113.704496424645185, 3643048.98911742027849 ], [ -2812099.450129507575184, 3642844.296521734446287 ], [ -2817307.715784501750022, 3642357.974984542001039 ], [ -2821615.123291013296694, 3641740.30085967015475 ], [ -2825427.962273213081062, 3641060.700917096808553 ], [ -2828458.046995457261801, 3640411.585439481306821 ], [ -2829920.70070323208347, 3639722.756838301662356 ], [ -2829424.023972591850907, 3638963.306252512149513 ], [ -2827718.772024845238775, 3638208.085058416705579 ], [ -2827222.763460251968354, 3637413.737224954646081 ], [ -2828461.54489067196846, 3636657.929499911144376 ], [ -2830077.271376024466008, 3636059.71179825393483 ], [ -2831473.126094669103622, 3635586.138299797195941 ], [ -2832724.391842363867909, 3635113.515836115926504 ], [ -2833903.078801357652992, 3634510.653692223597318 ], [ -2834887.629757822025567, 3633749.327037808485329 ], [ -2835681.221497404389083, 3633032.082254070788622 ], [ -2835965.407915290910751, 3632375.813350819982588 ], [ -2835581.343220279552042, 3631818.629142817109823 ], [ -2834723.830087995156646, 3631336.442601993214339 ], [ -2833559.359956644941121, 3630863.678493333049119 ], [ -2832532.638655866030604, 3630489.464688431005925 ], [ -2831544.942920388188213, 3630601.257892859168351 ], [ -2830394.759422861039639, 3631275.729977562092245 ], [ -2829092.923942776862532, 3631956.805701456964016 ], [ -2828345.672077843453735, 3632539.862084337510169 ], [ -2828080.165107436943799, 3633134.494864293839782 ], [ -2827562.641139945480973, 3633751.479851714801043 ], [ -2826270.770207383669913, 3634336.467019729316235 ], [ -2824240.180182356853038, 3634781.582792779896408 ], [ -2820727.658736162818968, 3635058.945706629194319 ], [ -2815083.178013850003481, 3635169.887644182424992 ], [ -2808784.802059795241803, 3635239.587350894697011 ], [ -2803215.327911687083542, 3635326.931909219827503 ], [ -2798832.564821294508874, 3635451.570820876862854 ], [ -2795378.879396817646921, 3635424.890593408606946 ], [ -2792342.851344936061651, 3635179.6650739624165 ], [ -2789053.285785689949989, 3635150.164407985284925 ], [ -2787029.372701155021787, 3635576.683359902352095 ], [ -2787919.883903353940696, 3636221.95988002512604 ], [ -2791156.223802167922258, 3636888.651219113729894 ], [ -2792938.061311858706176, 3637519.46265801647678 ], [ -2792754.063506864476949, 3638080.839559253770858 ], [ -2792005.184051326476038, 3638598.275372369680554 ], [ -2791282.508459453936666, 3638997.900381451938301 ], [ -2790546.69075798522681, 3639199.692326846532524 ], [ -2789296.886841143015772, 3639009.078634129837155 ], [ -2786744.453383808489889, 3638296.893398177344352 ], [ -2782906.232273987028748, 3637468.959925810340792 ], [ -2780444.228640411514789, 3636612.136955024208874 ], [ -2779428.190852845553309, 3635906.593210839666426 ], [ -2779416.730535017792135, 3635211.943664731457829 ], [ -2780297.578371926210821, 3634367.591208054684103 ], [ -2781984.176450593397021, 3633438.933154247235507 ], [ -2785222.805302214808762, 3632994.779888043645769 ], [ -2790212.338097900152206, 3633062.633666270412505 ], [ -2797053.51880291569978, 3633250.915413570590317 ], [ -2803107.244510756805539, 3633476.035309181548655 ], [ -2807689.386496775317937, 3633368.109162362292409 ], [ -2810288.089059901423752, 3632729.224714697804302 ], [ -2811561.973875457886606, 3632070.241618798580021 ], [ -2810940.526724757626653, 3631477.430749992374331 ], [ -2807557.621160563547164, 3630958.188758333679289 ], [ -2801408.482311327476054, 3630575.0875562322326 ], [ -2793757.596655042842031, 3630610.507475527469069 ], [ -2787132.605106300674379, 3630967.520735956728458 ], [ -2780420.711413741577417, 3631409.527244137600064 ], [ -2775863.242079493124038, 3631916.771981431171298 ], [ -2773676.903762866742909, 3632442.698754519224167 ], [ -2772511.073160619474947, 3632639.402928280644119 ], [ -2771432.653738436289132, 3632380.823546738363802 ], [ -2769924.803947589825839, 3631895.73989647673443 ], [ -2767581.877986161969602, 3631275.257455721497536 ], [ -2763617.040904245804995, 3630683.810835662297904 ], [ -2758731.96562571125105, 3630173.04913729056716 ], [ -2752848.173664967529476, 3629869.516343818977475 ], [ -2747755.664697827771306, 3629957.555106854066253 ], [ -2744767.987548007629812, 3630425.225657836534083 ], [ -2742962.643876644782722, 3631140.470415773801506 ], [ -2741293.412548571359366, 3632012.452503457665443 ], [ -2739540.381587606389076, 3632750.031771345529705 ], [ -2739394.327388826292008, 3633393.908721229992807 ], [ -2741008.276812243741006, 3633979.817987431772053 ], [ -2742659.684573885519058, 3634528.136328848078847 ], [ -2743803.393478330690414, 3635130.605831153225154 ], [ -2743687.468060553539544, 3635898.646317822858691 ], [ -2741921.382830689661205, 3636595.502331534400582 ], [ -2739053.572174746543169, 3636889.298254361376166 ], [ -2738037.40912304027006, 3636509.02060190634802 ], [ -2738447.087892759591341, 3635812.190566128585488 ], [ -2736794.773230017162859, 3634951.831890019588172 ], [ -2732538.909773775842041, 3633988.700353425461799 ], [ -2730734.492188871838152, 3632934.313324193004519 ], [ -2731505.131501744501293, 3632152.212804676499218 ], [ -2732136.933719121851027, 3631547.05989819439128 ], [ -2732110.745657859835774, 3630990.966071121394634 ], [ -2732264.172629572916776, 3630435.938082211650908 ], [ -2732841.678443423006684, 3629903.107322338037193 ], [ -2732708.266507894266397, 3629336.302730211056769 ], [ -2731449.144978174008429, 3628732.947215717751533 ], [ -2729878.7696035457775, 3628039.696090943180025 ], [ -2728188.803912854753435, 3627422.895766996312886 ], [ -2728113.184717914089561, 3626781.286844456102699 ], [ -2729548.451593886595219, 3626120.532845189794898 ], [ -2729903.936095807701349, 3625473.663092105649412 ], [ -2729102.290904997847974, 3624840.479049063753337 ], [ -2729902.767249238211662, 3624207.036805550567806 ], [ -2734276.010561731643975, 3623745.154776033945382 ], [ -2741199.993976811412722, 3623444.250252417288721 ], [ -2744124.959384158719331, 3622883.165738700889051 ], [ -2743447.600759799592197, 3622068.462233732454479 ], [ -2742335.982660158071667, 3621077.53319875150919 ], [ -2741493.777057758998126, 3620257.751273774541914 ], [ -2741405.76852131774649, 3619625.252470160834491 ], [ -2742366.437279026024044, 3619123.357303067110479 ], [ -2744494.660446038004011, 3618674.698872373439372 ], [ -2748915.591204792261124, 3618198.338009480386972 ], [ -2755812.479035838972777, 3617707.038086791988462 ], [ -2761099.301488219294697, 3617222.214717112947255 ], [ -2764174.253983728587627, 3616730.070116026327014 ], [ -2767003.618036863859743, 3616356.647566590458155 ], [ -2769738.917283235117793, 3616084.194839223753661 ], [ -2770165.857126910239458, 3615697.713084333110601 ], [ -2767844.367162926122546, 3615431.635556509252638 ], [ -2764044.895087001845241, 3615561.550286017823964 ], [ -2760627.618024188559502, 3615982.336233734153211 ], [ -2757440.593376803677529, 3616100.015521586872637 ], [ -2755356.758550518658012, 3615668.109431154560298 ], [ -2755406.984878403134644, 3615034.55920288246125 ], [ -2758417.61648194026202, 3614355.602283788844943 ], [ -2763537.158634249586612, 3613605.516764367930591 ], [ -2764140.251170115545392, 3612814.9831118946895 ], [ -2759918.77262347843498, 3612401.963829578366131 ], [ -2756062.545311229303479, 3612037.096976079978049 ], [ -2753313.616433741990477, 3611630.362384120933712 ], [ -2752943.524754364509135, 3611210.307025745045394 ], [ -2755122.393677852582186, 3611013.358578607905656 ], [ -2758624.990728531964123, 3611071.817480898462236 ], [ -2760797.684999699238688, 3610805.14389623561874 ], [ -2758104.982308619655669, 3610050.638154888059944 ], [ -2750332.548479383811355, 3609287.520935542881489 ], [ -2745176.846064933110029, 3608651.497188330162317 ], [ -2741786.271945448126644, 3608141.695149795152247 ], [ -2739197.396460325922817, 3607712.41482770582661 ], [ -2736739.767971567809582, 3607613.450883930083364 ], [ -2733872.266966056078672, 3607895.615000993013382 ], [ -2730085.511544652748853, 3607846.734904870390892 ], [ -2728207.424469345249236, 3607162.316227453760803 ], [ -2728039.506487390492111, 3606525.879115017596632 ], [ -2727769.664463248569518, 3606071.87803789274767 ], [ -2726181.124560215976089, 3605906.37827956257388 ], [ -2723174.785005998797715, 3606277.496673793066293 ], [ -2720800.515269767027348, 3606777.560219901613891 ], [ -2718498.595441021025181, 3606799.045087014790624 ], [ -2716424.488121163565665, 3606268.860818673856556 ], [ -2713844.336491677444428, 3606259.49926082836464 ], [ -2711600.742018056102097, 3606995.091866006609052 ], [ -2709080.079410061705858, 3607230.864908143877983 ], [ -2707238.867163612972945, 3606626.479768114630133 ], [ -2705580.921437561977655, 3606402.876945511903614 ], [ -2704504.329554123338312, 3606803.627012735232711 ], [ -2703508.722192079760134, 3606946.401027041953057 ], [ -2701793.213510500267148, 3606519.513423810247332 ], [ -2699228.548197411000729, 3605931.657121939118952 ], [ -2698762.459499749820679, 3605147.262742242310196 ], [ -2700180.410164159256965, 3604157.472894763108343 ], [ -2699915.503973271232098, 3603153.160667124669999 ], [ -2697217.196052159648389, 3602808.726861870381981 ], [ -2694764.838120847940445, 3603243.888448963407427 ], [ -2693086.255266539286822, 3604015.662261804100126 ], [ -2691321.432679388672113, 3604593.086168339475989 ], [ -2689232.657812709454447, 3604990.934352854266763 ], [ -2686632.098709301557392, 3605264.184744548052549 ], [ -2683704.58854308584705, 3605410.924329801462591 ], [ -2680221.368049185257405, 3605616.111218068283051 ], [ -2675959.551486555486917, 3605938.532761208247393 ], [ -2671064.06249973597005, 3606110.569158874452114 ], [ -2667133.235762618016452, 3606334.73332041176036 ], [ -2663957.138628, 3606774.568323980085552 ], [ -2661125.430058010853827, 3607308.737291676457971 ], [ -2658866.502511277794838, 3607894.284892983734608 ], [ -2656021.300179807003587, 3608113.063548683188856 ], [ -2652755.43413719907403, 3607832.819105044007301 ], [ -2648654.143333459272981, 3607350.148504950106144 ], [ -2647576.280190722551197, 3606682.785492141731083 ], [ -2648939.506448667962104, 3605850.443064840044826 ], [ -2648358.429451733827591, 3604847.49975426401943 ], [ -2645085.277354578487575, 3604020.668368578888476 ], [ -2643080.828353843651712, 3603382.535946158226579 ], [ -2642715.83649723790586, 3602882.173699316103011 ], [ -2644165.819039279129356, 3602474.459678310435265 ], [ -2647879.548781240358949, 3602449.414655236527324 ], [ -2651420.9624476400204, 3602962.218468453269452 ], [ -2655808.298872662708163, 3603374.743648320436478 ], [ -2660765.897369140293449, 3603247.836150083690882 ], [ -2662305.76732630468905, 3602646.539184839464724 ], [ -2660556.895205053500831, 3601885.817189922556281 ], [ -2657443.627914900891483, 3601060.634235094301403 ], [ -2652342.147269395645708, 3600786.930578879546374 ], [ -2647153.074731081724167, 3600509.664176847785711 ], [ -2641761.669003010261804, 3599763.053555586840957 ], [ -2633929.931650374084711, 3599160.516914761159569 ], [ -2627418.859311064705253, 3598725.49315230967477 ], [ -2620901.4638921613805, 3598328.865958884824067 ], [ -2616103.729869180358946, 3597859.028687741141766 ], [ -2614021.411852049641311, 3597218.193101141601801 ], [ -2613209.101782239042222, 3596428.803969066124409 ], [ -2611609.44465582864359, 3595542.755751901771873 ], [ -2608775.174797688610852, 3594838.101006222423166 ], [ -2608324.61939255381003, 3594199.014848335180432 ], [ -2610324.033387042116374, 3593575.217046073637903 ], [ -2611443.415589172858745, 3592941.450285820290446 ], [ -2611445.138750419951975, 3592365.808598737232387 ], [ -2611714.205965470522642, 3591807.082875142805278 ], [ -2612689.439738698769361, 3591289.890191992744803 ], [ -2613104.636936615686864, 3590750.860779795795679 ], [ -2613128.05250901915133, 3590192.555448080878705 ], [ -2614849.600515223108232, 3589541.921657725702971 ], [ -2620036.862486597616225, 3588911.135402295738459 ], [ -2626551.825059367809445, 3588732.684281120542437 ], [ -2628857.577312600798905, 3589118.669602680485696 ], [ -2626985.096520278137177, 3589641.171607989352196 ], [ -2622986.138779328204691, 3590269.569305164273828 ], [ -2618392.835776888765395, 3591091.895815033931285 ], [ -2616010.026688951998949, 3592029.666657092515379 ], [ -2615180.268044781405479, 3592711.974236893933266 ], [ -2615135.122668582480401, 3593253.087357864715159 ], [ -2615821.611608087085187, 3593711.165527500677854 ], [ -2617188.039588230196387, 3594032.167330419179052 ], [ -2619624.557832766324282, 3594104.972438152413815 ], [ -2622877.815537532791495, 3593805.505378652829677 ], [ -2625720.68852791050449, 3593366.889026895165443 ], [ -2626721.268209115136415, 3592855.037984304130077 ], [ -2626454.793701466172934, 3592343.121089010033756 ], [ -2626733.925801989622414, 3591816.604318341240287 ], [ -2628455.669945329427719, 3591317.064755582250655 ], [ -2631351.227819640655071, 3590739.818744771648198 ], [ -2635033.841335579287261, 3589935.756619308609515 ], [ -2638131.345705747138709, 3589060.03133497480303 ], [ -2641684.382104855962098, 3588613.317650492768735 ], [ -2645412.160838049836457, 3588300.535413611214608 ], [ -2648864.635735382791609, 3587648.791979267261922 ], [ -2651247.690883695147932, 3586414.117126068100333 ], [ -2652885.464338435325772, 3585511.22061078902334 ], [ -2652117.067777004092932, 3585011.493075216654688 ], [ -2648730.28720116103068, 3585025.851923372130841 ], [ -2645481.320857201237231, 3585487.127425922546536 ], [ -2642007.523033245932311, 3585441.425616131629795 ], [ -2638325.905660916585475, 3584667.361349885351956 ], [ -2632290.277985338121653, 3584181.501526823267341 ], [ -2624288.159949045162648, 3584352.318601951934397 ], [ -2620016.757520483806729, 3584978.364017803221941 ], [ -2618625.050464070867747, 3585674.909699462819844 ], [ -2617395.007596913725138, 3586310.049444287084043 ], [ -2614649.763589934445918, 3586780.820488893892616 ], [ -2611305.211987684946507, 3586805.33672532113269 ], [ -2610354.041950036771595, 3586226.601626030635089 ], [ -2611527.059091935865581, 3585446.168606808874756 ], [ -2611976.464656129013747, 3584682.371552107390016 ], [ -2611501.899386519566178, 3583943.998032031115144 ], [ -2612265.689329262357205, 3583179.671643212903291 ], [ -2614342.802110779564828, 3582351.300468966364861 ], [ -2614204.877716718707234, 3581460.6177977938205 ], [ -2611595.790957844350487, 3580639.971026898361742 ], [ -2610188.494953991379589, 3579868.13223668653518 ], [ -2610443.299358456861228, 3579063.68998499494046 ], [ -2611018.883671407587826, 3578124.99801779165864 ], [ -2611095.754733269102871, 3577346.01783659402281 ], [ -2609188.069880436174572, 3576689.887193446978927 ], [ -2603098.779041462112218, 3576149.036857673432678 ], [ -2593605.340954505838454, 3575940.408954240381718 ], [ -2588734.39427929231897, 3576207.394794803112745 ], [ -2588140.534484684932977, 3576663.132104313001037 ], [ -2588144.750913760159165, 3577179.924262886866927 ], [ -2587666.59264096384868, 3577671.008461843244731 ], [ -2587879.136333889793605, 3578089.540934333577752 ], [ -2589476.573371076025069, 3578262.920343743171543 ], [ -2591978.75847992952913, 3578153.667020032182336 ], [ -2594261.602238421328366, 3578169.254851268138736 ], [ -2595286.632471656892449, 3578577.600731884129345 ], [ -2595213.307252933271229, 3579195.141098521184176 ], [ -2594774.678936336189508, 3579889.809521112591028 ], [ -2594417.344816599041224, 3580489.428972942754626 ], [ -2594682.561156594194472, 3581040.818141491618007 ], [ -2595481.966712966095656, 3581553.243735614232719 ], [ -2595306.293938501738012, 3582067.500595243647695 ], [ -2593287.205412568990141, 3582507.143400086089969 ], [ -2590098.409010543022305, 3582623.83281528018415 ], [ -2588307.422139054629952, 3582243.391152967698872 ], [ -2587578.246972064487636, 3581596.564149386715144 ], [ -2585733.522111723665148, 3580811.971099540125579 ], [ -2582310.309795623179525, 3580131.113928847480565 ], [ -2580240.977665214799345, 3579537.802646867465228 ], [ -2579333.051394984126091, 3579002.92530669271946 ], [ -2577480.467930398415774, 3578583.165011854376644 ], [ -2574027.829461515881121, 3578590.764307644683868 ], [ -2571326.902650976553559, 3579231.879861086606979 ], [ -2569478.163585129659623, 3580117.454126374330372 ], [ -2568150.724323201924562, 3581144.852594214957207 ], [ -2567102.872440473176539, 3582041.666343757882714 ], [ -2566660.890520210377872, 3582752.686831754166633 ], [ -2565858.6774264969863, 3583365.221676233224571 ], [ -2561928.208516311366111, 3584033.607776029966772 ], [ -2554715.152274442836642, 3584843.520673268474638 ], [ -2549889.977294155862182, 3585806.637922559864819 ], [ -2548201.514656353741884, 3586677.750360473524779 ], [ -2549076.587737650144845, 3587457.122457613702863 ], [ -2551767.34650072036311, 3588289.32740697870031 ], [ -2554137.181048414669931, 3589267.467243344988674 ], [ -2555819.082370959687978, 3590121.609416383318603 ], [ -2556691.831020785029978, 3590798.139851632993668 ], [ -2557530.053727458231151, 3591360.625675218179822 ], [ -2559913.896675582509488, 3591838.264858993235976 ], [ -2563702.875648863613605, 3592217.614429379347712 ], [ -2565269.453559547662735, 3592694.328763455618173 ], [ -2564774.581812270916998, 3593274.739370430354029 ], [ -2565562.862319748383015, 3594027.439540110528469 ], [ -2568187.411046015098691, 3595002.06539284158498 ], [ -2569873.595009781885892, 3596133.650767266284674 ], [ -2570381.444297937210649, 3597149.116072739008814 ], [ -2571265.932077824138105, 3598022.627721497789025 ], [ -2572609.293176918756217, 3598697.185236130375415 ], [ -2572052.801331106573343, 3599206.087701379321516 ], [ -2568887.739107680041343, 3599469.951237762346864 ], [ -2564814.76448650797829, 3599512.118666321970522 ], [ -2561069.035156824626029, 3599797.151769537013024 ], [ -2558068.409966288600117, 3600391.862493262626231 ], [ -2555466.083891599904746, 3600783.968127524014562 ], [ -2553800.781373018398881, 3600701.290381447412074 ], [ -2553086.356957746203989, 3600312.966978332027793 ], [ -2553176.413766093552113, 3599725.675210112240165 ], [ -2553652.139924051240087, 3598923.675137421116233 ], [ -2553415.483060927130282, 3597823.760971846058965 ], [ -2552104.166045504622161, 3596503.375416343100369 ], [ -2550341.34517654357478, 3595050.36723653646186 ], [ -2548570.486511995084584, 3593909.671585663221776 ], [ -2547708.224296486005187, 3593058.170929580461234 ], [ -2547645.389791297260672, 3592386.454636766575277 ], [ -2547421.990355459973216, 3591759.797530330251902 ], [ -2546439.925539446994662, 3591083.303357695229352 ], [ -2544630.203533268067986, 3590322.088673182297498 ], [ -2542037.495115320663899, 3589631.574053331278265 ], [ -2539423.783038735855371, 3589241.235593894030899 ], [ -2537285.144570599775761, 3589485.118899169843644 ], [ -2536524.765839003957808, 3590359.118407214526087 ], [ -2536705.94251211034134, 3591286.922604215331376 ], [ -2536034.246555293444544, 3592125.169851385522634 ], [ -2534197.846221485640854, 3592907.416359227150679 ], [ -2532922.335047972854227, 3593623.612051285337657 ], [ -2533134.626455939374864, 3594308.360720125958323 ], [ -2534287.077832928393036, 3594958.9161063763313 ], [ -2534487.281614525709301, 3595650.465800975449383 ], [ -2532952.512663983274251, 3596425.982723000459373 ], [ -2529993.436546135693789, 3597264.352287190966308 ], [ -2526178.791349359788001, 3598069.960058251861483 ], [ -2523234.142627004068345, 3598805.906047872267663 ], [ -2521712.013561588712037, 3599430.887675295583904 ], [ -2521805.838551180437207, 3599990.958151089493185 ], [ -2523578.052052521146834, 3600513.511170128826052 ], [ -2526653.425520210992545, 3601011.376978357322514 ], [ -2530241.643920805770904, 3601454.950783451087773 ], [ -2533442.429151099175215, 3601839.409985063131899 ], [ -2536503.437725152820349, 3602191.759482342284173 ], [ -2539336.032692222855985, 3602593.666839492041618 ], [ -2540965.578954231459647, 3603167.551434934139252 ], [ -2541524.482560319826007, 3603839.181566397659481 ], [ -2541909.373269625008106, 3604469.922445469535887 ], [ -2542466.601280455011874, 3605024.352247140370309 ], [ -2542710.629782948177308, 3605574.382464957423508 ], [ -2542304.89701521396637, 3606184.695440852548927 ], [ -2541239.697148746810853, 3606800.034801448695362 ], [ -2539585.2253621770069, 3607276.033641947433352 ], [ -2537416.320266154594719, 3607498.15391852427274 ], [ -2534731.385566066484898, 3607343.313971546012908 ], [ -2531610.163297532591969, 3606773.405150096863508 ], [ -2527487.790116451214999, 3606024.659663085825741 ], [ -2521829.292063471861184, 3605368.62738436833024 ], [ -2514598.682878618594259, 3605075.196284948382527 ], [ -2507688.452225680928677, 3605218.245689599309117 ], [ -2502206.77358188573271, 3605601.734879489988089 ], [ -2498518.113105821888894, 3605897.162295132875443 ], [ -2496193.89257305720821, 3605697.587365437764674 ], [ -2495152.659050366841257, 3604954.551494161132723 ], [ -2495281.647783077787608, 3604027.671401093713939 ], [ -2496296.520675191190094, 3603233.051731953397393 ], [ -2497676.607549460139126, 3602624.041471736971289 ], [ -2498524.619634046684951, 3602095.434986810199916 ], [ -2498531.381560768932104, 3601550.031430202536285 ], [ -2497857.501174806151539, 3600940.429546089842916 ], [ -2496795.467323670163751, 3600221.187374963890761 ], [ -2496025.131007037125528, 3599424.871154841035604 ], [ -2496457.49717603623867, 3598648.499426558148116 ], [ -2498241.975298010278493, 3597929.108190378639847 ], [ -2500636.03111028810963, 3597242.490733276121318 ], [ -2503095.968183330260217, 3596697.501985519658774 ], [ -2504988.65298933070153, 3596250.027031667996198 ], [ -2506090.554463407956064, 3595815.759069664869457 ], [ -2506356.810025944374502, 3595349.421476763207465 ], [ -2505818.058201916981488, 3594843.529070461634547 ], [ -2504585.816593590658158, 3594279.983002363704145 ], [ -2502843.372227001003921, 3593639.320689490996301 ], [ -2501054.597975276876241, 3592968.647189480718225 ], [ -2499755.267018295358866, 3592318.080574993975461 ], [ -2499361.113684271462262, 3591657.69805859727785 ], [ -2500280.973741368856281, 3590989.737742043565959 ], [ -2502566.270215395838022, 3590346.067713683005422 ], [ -2505587.997055657673627, 3589641.032266862690449 ], [ -2508412.573134796693921, 3588962.990117841400206 ], [ -2509596.831966804340482, 3588358.12182723544538 ], [ -2508823.178759079892188, 3587777.268342622555792 ], [ -2506983.281427371781319, 3587092.733788457233459 ], [ -2505023.354060008656234, 3586226.464205035474151 ], [ -2503054.398080135229975, 3585316.813101076055318 ], [ -2501088.737928834278136, 3584491.855866061057895 ], [ -2499677.692467550747097, 3583811.982252813410014 ], [ -2499652.376051509287208, 3583215.57900920137763 ], [ -2500953.984153422992676, 3582685.280596744734794 ], [ -2502687.13254744745791, 3582211.476836406625807 ], [ -2504485.675561656244099, 3581769.710500768851489 ], [ -2506539.706310858484358, 3581376.559805592987686 ], [ -2509013.865914389956743, 3581096.944315068889409 ], [ -2511538.523102562874556, 3580902.418784664943814 ], [ -2513434.86637758044526, 3580613.048667343799025 ], [ -2514137.20048399316147, 3580117.308660354465246 ], [ -2513582.856700607575476, 3579472.137272578198463 ], [ -2512144.978753871750087, 3578774.022631219122559 ], [ -2510227.248862124979496, 3578021.11196827609092 ], [ -2508035.188045321963727, 3577131.09679619781673 ], [ -2505973.676384308841079, 3576077.529583359602839 ], [ -2504656.971377708949149, 3574971.217059070244431 ], [ -2504052.015688497573137, 3573994.611405137460679 ], [ -2503708.002560203894973, 3573185.412861523218453 ], [ -2503543.481578662525862, 3572546.504339029081166 ], [ -2504068.155182131100446, 3572192.495395586825907 ], [ -2505775.951703309547156, 3572239.438213086221367 ], [ -2508663.889553785789758, 3572557.30120383342728 ], [ -2512092.896728087682277, 3572793.146364395972341 ], [ -2514887.737192204222083, 3572717.803974009118974 ], [ -2516133.052839952055365, 3572349.15962345385924 ], [ -2515852.803872588090599, 3571854.758685574866831 ], [ -2514693.202275007031858, 3571366.048005769960582 ], [ -2513221.113381545059383, 3570931.48600473580882 ], [ -2511765.090785200241953, 3570606.495590700302273 ], [ -2510380.92299515241757, 3570478.930766596458852 ], [ -2508911.040337286423892, 3570510.065037049818784 ], [ -2507090.070147437043488, 3570470.493693094234914 ], [ -2504942.235818482935429, 3570245.975842410698533 ], [ -2502976.916791467461735, 3569921.133186762686819 ], [ -2501657.296002706047148, 3569534.324816975742579 ], [ -2501160.598942299373448, 3569078.246375715825707 ], [ -2501390.820481097791344, 3568589.253805804997683 ], [ -2502082.098025158978999, 3568082.852713997010142 ], [ -2502964.253719555214047, 3567531.872414318844676 ], [ -2503753.722661762498319, 3566924.618879872374237 ], [ -2504247.552639659959823, 3566292.621290306560695 ], [ -2504460.579545358195901, 3565665.457030694931746 ], [ -2504751.430455363821238, 3565110.796865951269865 ], [ -2505603.874778533354402, 3564754.676154175773263 ], [ -2506899.759440981317312, 3564719.52055394416675 ], [ -2507940.058941193390638, 3564991.05439415993169 ], [ -2508567.029357003513724, 3565448.43976016715169 ], [ -2509309.492972184438258, 3565974.442082749679685 ], [ -2510546.918296295683831, 3566427.222843970637769 ], [ -2511929.207163725979626, 3566617.174562684260309 ], [ -2512687.570449185092002, 3566471.859483938664198 ], [ -2512597.758172472473234, 3566122.984716277103871 ], [ -2512121.127945169340819, 3565715.298934198915958 ], [ -2511885.8079444905743, 3565324.024949741084129 ], [ -2512376.198698916472495, 3565010.282570558600128 ], [ -2513739.377670249436051, 3564831.063008364289999 ], [ -2515591.503345544449985, 3564714.220964343287051 ], [ -2517129.42856309376657, 3564418.691311970818788 ], [ -2517680.056692733429372, 3563822.637486391700804 ], [ -2517192.785943313036114, 3563074.115417569410056 ], [ -2516054.759814244695008, 3562361.88338785385713 ], [ -2514626.745734801515937, 3561729.925858882721514 ], [ -2513185.234759700950235, 3561140.756362397689372 ], [ -2511966.559842997230589, 3560570.586098245810717 ], [ -2511111.438211129978299, 3559995.962031901814044 ], [ -2510608.120362597517669, 3559368.222138019744307 ], [ -2510281.113407728262246, 3558657.188780561089516 ], [ -2510000.231233239173889, 3557896.483285564463586 ], [ -2510084.853549712803215, 3557169.18593299947679 ], [ -2511215.079055614303797, 3556574.697156496811658 ], [ -2513537.325252527371049, 3556138.543298138305545 ], [ -2516194.955647670663893, 3555762.085108870174736 ], [ -2518060.938755973242223, 3555358.098578820005059 ], [ -2518737.649620500858873, 3554927.838275096844882 ], [ -2518489.492926027160138, 3554498.856465909164399 ], [ -2517691.955663392320275, 3554070.596365621779114 ], [ -2516595.739719016477466, 3553622.835809540469199 ], [ -2515404.911948057822883, 3553143.629710446111858 ], [ -2514379.985311881173402, 3552632.502355708740652 ], [ -2513746.85383878974244, 3552084.179883080068976 ], [ -2513550.522287169937044, 3551512.355774824041873 ], [ -2513509.268027904443443, 3550975.668003674596548 ], [ -2513168.447293167002499, 3550570.594834227580577 ], [ -2512409.452430820092559, 3550420.365216142497957 ], [ -2511511.361727481707931, 3550594.194977384526283 ], [ -2510678.75351976742968, 3551027.158758960198611 ], [ -2509880.110336197074503, 3551559.476607639342546 ], [ -2509012.041421534493566, 3551999.805175743065774 ], [ -2508084.757452628109604, 3552192.276907072868198 ], [ -2507297.668284759856761, 3552015.169289377517998 ], [ -2506915.974698326084763, 3551396.924197225831449 ], [ -2506933.084587096236646, 3550386.621519571170211 ], [ -2507108.648440092802048, 3549189.98995235003531 ], [ -2507366.295799819286913, 3548093.290367903187871 ], [ -2507801.629373, 3547235.705696957651526 ], [ -2508316.071593774948269, 3546565.55961901601404 ], [ -2508554.849228100851178, 3545955.900589051656425 ], [ -2508327.6002979115583, 3545327.409071467351168 ], [ -2507837.838677299208939, 3544672.385808457620442 ], [ -2507570.966712301131338, 3544049.481870518065989 ], [ -2508013.857199406716973, 3543555.330453163478523 ], [ -2509260.043936505448073, 3543208.126365193165839 ], [ -2510931.561944390181452, 3542883.230472511146218 ], [ -2512566.196957113686949, 3542419.022909829858691 ], [ -2513952.745301154442132, 3541764.694706595037133 ], [ -2515123.214155157562345, 3540972.313519954215735 ], [ -2516260.926630089525133, 3540138.213985700625926 ], [ -2517537.424344909377396, 3539360.117477024905384 ], [ -2518901.516422872897238, 3538714.070923231076449 ], [ -2520021.458218686748296, 3538191.496962296776474 ], [ -2520577.215891443192959, 3537717.558152296114713 ], [ -2520537.02868168707937, 3537226.885939653962851 ], [ -2520173.184177770279348, 3536688.709901079535484 ], [ -2519888.008465941529721, 3536103.516341001726687 ], [ -2519917.749395473860204, 3535500.100669966079295 ], [ -2520009.436873758677393, 3534909.486390036530793 ], [ -2519557.731831518933177, 3534361.179473125841469 ], [ -2518240.105476960074157, 3533940.187266803346574 ], [ -2516328.943913594819605, 3533766.801580488216132 ], [ -2514394.67453574296087, 3533891.54700529249385 ], [ -2512863.091700033750385, 3534252.591620294842869 ], [ -2511873.144994737580419, 3534740.721175427548587 ], [ -2511274.285233659204096, 3535237.665042140055448 ], [ -2510782.833363512065262, 3535610.657746823038906 ], [ -2510221.117755130399019, 3535765.603219578042626 ], [ -2509582.635482718236744, 3535765.841127653606236 ], [ -2508932.594183852896094, 3535816.44315140414983 ], [ -2508390.237042439170182, 3536077.670723504386842 ], [ -2508180.562158844433725, 3536575.572480021975935 ], [ -2508552.318068884313107, 3537263.16556995222345 ], [ -2509526.247980013955384, 3538060.674447154160589 ], [ -2510794.345262269955128, 3538862.335930465720594 ], [ -2511903.775868964381516, 3539570.401221677195281 ], [ -2512454.730772131122649, 3540121.761558678466827 ], [ -2512197.961426050402224, 3540476.066697407513857 ], [ -2511138.861011117231101, 3540639.304611479863524 ], [ -2509559.332904087845236, 3540693.072920441627502 ], [ -2507859.308276046998799, 3540715.129319925792515 ], [ -2506347.866556653287262, 3540684.473540619947016 ], [ -2505127.140078787691891, 3540503.953685313928872 ], [ -2504183.930277146864682, 3540122.737484701909125 ], [ -2503522.78061742708087, 3539605.734919238835573 ], [ -2503137.297385548707098, 3539069.573367830365896 ], [ -2502853.868948589544743, 3538593.19042135681957 ], [ -2502365.427598234731704, 3538214.524074919056147 ], [ -2501510.5382867930457, 3537988.498271159362048 ], [ -2500436.135029779281467, 3537987.953897455241531 ], [ -2499441.459809933789074, 3538234.096786470618099 ], [ -2498709.804049290250987, 3538647.663325096480548 ], [ -2498213.000444255303591, 3539075.762477188371122 ], [ -2497761.801497145555913, 3539316.680942132137716 ], [ -2497147.219740499742329, 3539151.474361015949398 ], [ -2496312.438936504535377, 3538459.973361754324287 ], [ -2495352.047638054005802, 3537340.460283655207604 ], [ -2494333.637665632646531, 3536081.051316945347935 ], [ -2493234.736843632999808, 3535020.940035647246987 ], [ -2492023.024216322693974, 3534385.168327420949936 ], [ -2490717.675162279512733, 3534134.397255406249315 ], [ -2489359.124062193091959, 3534043.903314032591879 ], [ -2487981.619869907852262, 3533970.225043149199337 ], [ -2486606.213321315590292, 3533927.425515308976173 ], [ -2485263.669551671016961, 3533909.044187406077981 ], [ -2484017.928381532430649, 3533787.018198777921498 ], [ -2483001.132839117664844, 3533430.628548786975443 ], [ -2482401.120652162935585, 3532813.403363674413413 ], [ -2482373.461104851216078, 3531987.507450055330992 ], [ -2482879.229738987982273, 3531044.686133888084441 ], [ -2483629.022692195605487, 3530093.904998856130987 ], [ -2484204.110602707602084, 3529200.096615474205464 ], [ -2484253.331948447506875, 3528339.113182514440268 ], [ -2483721.699785199947655, 3527458.147193181794137 ], [ -2482910.695663080085069, 3526557.916205807588995 ], [ -2482277.569348577409983, 3525708.830746024381369 ], [ -2482178.066114386543632, 3525008.778593792580068 ], [ -2482782.544328056275845, 3524530.740031538065523 ], [ -2484056.547633914276958, 3524315.166322217788547 ], [ -2485736.920565152075142, 3524378.166607338469476 ], [ -2487428.743928818963468, 3524706.404934715013951 ], [ -2488850.522955436725169, 3525255.7094223103486 ], [ -2490040.431628142017871, 3525985.374812449794263 ], [ -2491252.926767238881439, 3526865.268656728323549 ], [ -2492633.094976461026818, 3527845.734582046046853 ], [ -2494038.698991323355585, 3528857.227352417539805 ], [ -2495235.930913956835866, 3529853.572606831323355 ], [ -2496213.166190833318979, 3530799.226646354887635 ], [ -2497171.045800296124071, 3531618.768889757338911 ], [ -2498243.205570654477924, 3532227.442427411675453 ], [ -2499350.567074473481625, 3532641.191214052028954 ], [ -2500327.966117650270462, 3532977.249699001666158 ], [ -2501105.629111439455301, 3533323.651501271408051 ], [ -2501800.065522472839803, 3533650.78364498494193 ], [ -2502617.613589403219521, 3533840.753241477999836 ], [ -2503653.200602579396218, 3533781.085391699336469 ], [ -2504848.669027527794242, 3533455.543584734667093 ], [ -2506129.183132353238761, 3532949.06727055972442 ], [ -2507431.221805919427425, 3532359.126435813494027 ], [ -2508621.092244519386441, 3531728.194252587854862 ], [ -2509544.131169646047056, 3531060.069942765403539 ], [ -2510215.377636454068124, 3530401.873879812192172 ], [ -2510830.191638224758208, 3529885.266216617077589 ], [ -2511570.847134076058865, 3529644.136936060618609 ], [ -2512478.318981458898634, 3529667.700810512993485 ], [ -2513461.058819269295782, 3529774.360228914301842 ], [ -2514342.716873424593359, 3529758.727600588463247 ], [ -2514986.798761170823127, 3529546.221211841329932 ], [ -2515459.035051015205681, 3529230.974385597277433 ], [ -2515967.83117442112416, 3528991.254925774876028 ], [ -2516610.786590497475117, 3528965.803197965957224 ], [ -2517293.110930429305881, 3529180.190533984452486 ], [ -2517910.495752066373825, 3529565.2456223401241 ], [ -2518524.855387849267572, 3530032.412074270658195 ], [ -2519384.619237646460533, 3530510.166423849761486 ], [ -2520769.749197229277343, 3530926.353974396362901 ], [ -2522689.135259655304253, 3531189.703102049883455 ], [ -2524675.291992586106062, 3531212.815568206831813 ], [ -2526028.179320782888681, 3530969.368302450049669 ], [ -2526371.26152504933998, 3530517.306000436656177 ], [ -2525851.607940261717886, 3529954.802113197743893 ], [ -2524887.473247286863625, 3529359.713821826037019 ], [ -2523887.668276513926685, 3528762.658251820132136 ], [ -2523170.143671521916986, 3528162.161560111679137 ], [ -2522950.007880677469075, 3527558.297895778901875 ], [ -2523244.903927609790117, 3526964.249135252088308 ], [ -2523810.117423347197473, 3526383.884896595962346 ], [ -2524341.605121265631169, 3525803.160925490316004 ], [ -2524827.093433849513531, 3525228.798166387248784 ], [ -2525560.210791023913771, 3524697.945805897004902 ], [ -2526768.174755093641579, 3524237.542845003306866 ], [ -2528311.904932931065559, 3523829.863653946202248 ], [ -2529737.310293444432318, 3523423.241224446333945 ], [ -2530573.386422677896917, 3522971.853493114933372 ], [ -2530608.733534479513764, 3522456.152344484813511 ], [ -2529946.727196254301816, 3521872.214479049202055 ], [ -2528902.399662025738508, 3521225.866521406453103 ], [ -2527877.230315902270377, 3520538.884716557804495 ], [ -2527213.011855303309858, 3519841.380114919040352 ], [ -2527024.510044556111097, 3519149.440640427637845 ], [ -2527136.270596852526069, 3518456.938321161083877 ], [ -2527278.855468835681677, 3517754.941640119999647 ], [ -2527385.441394447349012, 3517058.608772688079625 ], [ -2527574.896168231032789, 3516404.274232222698629 ], [ -2527870.206614415161312, 3515817.193867102731019 ], [ -2528136.741915433201939, 3515299.098638644441962 ], [ -2528320.795415417291224, 3514859.082192177884281 ], [ -2528591.219819174613804, 3514541.717575376387686 ], [ -2529188.376882365439087, 3514408.450694614090025 ], [ -2530172.406391498632729, 3514473.194318203255534 ], [ -2531343.011683547403663, 3514653.30760029470548 ], [ -2532373.284712459426373, 3514800.560073114931583 ], [ -2532974.838304423727095, 3514783.957084207329899 ], [ -2532992.118295969441533, 3514556.263297053519636 ], [ -2532445.670646155718714, 3514156.330872729886323 ], [ -2531502.388568860478699, 3513655.179755239281803 ], [ -2530400.450491226278245, 3513108.347063504625112 ], [ -2529423.647848088759929, 3512547.327948057558388 ], [ -2528873.385039397049695, 3511986.45012810267508 ], [ -2528949.128833652939647, 3511426.053584915585816 ], [ -2529582.7460330221802, 3510857.827934853732586 ], [ -2530372.571468742098659, 3510271.05494944518432 ], [ -2530792.937464707531035, 3509665.772616633679718 ], [ -2530575.541024848818779, 3509077.333269637078047 ], [ -2529834.029542449861765, 3508571.495089801028371 ], [ -2528860.828420571517199, 3508191.855158163234591 ], [ -2527920.074938135687262, 3507909.428563555702567 ], [ -2527218.122674560174346, 3507645.43570943782106 ], [ -2526965.757064686622471, 3507357.489249688573182 ], [ -2527392.844557450618595, 3507090.771980220451951 ], [ -2528659.932437516283244, 3506930.165399241261184 ], [ -2530698.024544488638639, 3506900.375065628904849 ], [ -2533110.702855894342065, 3506914.23641939740628 ], [ -2535272.391931260935962, 3506829.61154172802344 ], [ -2536608.239430682733655, 3506555.517978764604777 ], [ -2536893.243169418536127, 3506096.995170056819916 ], [ -2536309.930333303287625, 3505514.570102036930621 ], [ -2535270.13900602189824, 3504872.55481913080439 ], [ -2534200.239280349109322, 3504218.942964068613946 ], [ -2533393.083741277456284, 3503579.694483039900661 ], [ -2532931.220713230315596, 3502955.74787970399484 ], [ -2532699.077362276148051, 3502333.094694586936384 ], [ -2532519.29354519629851, 3501702.487306597176939 ], [ -2532335.564228764735162, 3501075.111949919722974 ], [ -2532260.79482743749395, 3500483.906739732716233 ], [ -2532469.108532021287829, 3499973.824502699077129 ], [ -2533085.611234265845269, 3499583.696890636347234 ], [ -2534123.820395813323557, 3499314.454513705335557 ], [ -2535410.089375813957304, 3499102.318486453033984 ], [ -2536555.988888676743954, 3498840.520993661601096 ], [ -2537139.598692378494889, 3498451.948816508520395 ], [ -2537008.475045371800661, 3497940.214144530706108 ], [ -2536350.287946012802422, 3497363.574795235879719 ], [ -2535503.030705571174622, 3496776.090696256607771 ], [ -2534792.453620377462357, 3496207.807207886129618 ], [ -2534474.798927251249552, 3495677.949995430186391 ], [ -2534657.285201936494559, 3495195.824270734097809 ], [ -2535194.07693909201771, 3494744.040787725243717 ], [ -2535722.226997576188296, 3494278.506068254821002 ], [ -2535886.841951484791934, 3493762.520166131202132 ], [ -2535579.063449705019593, 3493199.05335399787873 ], [ -2535020.108900797087699, 3492623.003753337077796 ], [ -2534650.047725504729897, 3492066.551173570100218 ], [ -2534876.957691577728838, 3491537.863659228663892 ], [ -2535804.956886110827327, 3491027.58157477946952 ], [ -2537110.986715218052268, 3490522.766536498907954 ], [ -2538246.662064530421048, 3490011.646143537014723 ], [ -2538858.992138454690576, 3489485.18454068666324 ], [ -2539030.802890398073941, 3488944.959905168972909 ], [ -2539221.977568905800581, 3488419.607884202618152 ], [ -2540060.468506739009172, 3487974.549171904101968 ], [ -2542086.767672923393548, 3487686.915272715967149 ], [ -2545518.019848543219268, 3487584.199219014961272 ], [ -2550138.495826136786491, 3487597.699068302288651 ], [ -2555361.521061746403575, 3487588.605065637268126 ], [ -2560380.032250553835183, 3487428.222023638430983 ], [ -2564381.07302482938394, 3487052.409042328130454 ], [ -2566836.77657558908686, 3486458.620325495488942 ], [ -2567735.7008181004785, 3485682.177277620881796 ], [ -2567505.36921494314447, 3484771.859429087024182 ], [ -2566687.472485357429832, 3483774.141960852779448 ], [ -2565664.357409578748047, 3482733.659319471102208 ], [ -2564597.692626181058586, 3481695.866563186515123 ], [ -2563519.777405678294599, 3480693.31032975949347 ], [ -2562424.67635423829779, 3479731.256151577923447 ], [ -2561299.928777860011905, 3478794.480458030477166 ], [ -2560146.416677047964185, 3477875.76038815593347 ], [ -2559004.474450247362256, 3476996.831139080226421 ], [ -2557977.721584010403603, 3476190.558266696985811 ], [ -2557248.317259858828038, 3475463.788182834163308 ], [ -2557043.143783130217344, 3474796.577768166083843 ], [ -2557529.674496882595122, 3474172.764041317626834 ], [ -2558707.720014167949557, 3473593.164985036011785 ], [ -2560430.78661773307249, 3473061.411810352001339 ], [ -2562546.614689322188497, 3472579.285976380575448 ], [ -2564981.514102923218161, 3472164.00635595433414 ], [ -2567698.069520911667496, 3471861.129957536235452 ], [ -2570597.573746663052589, 3471727.194450166076422 ], [ -2573509.1825942392461, 3471785.497886114753783 ], [ -2576299.771438706666231, 3471985.381484761834145 ], [ -2578954.648127890191972, 3472202.766790902242064 ], [ -2581532.960317082703114, 3472291.019512018654495 ], [ -2584076.962807396426797, 3472151.888647033832967 ], [ -2586568.067913634236902, 3471780.442651174962521 ], [ -2588920.901451750192791, 3471250.112283792812377 ], [ -2591014.944869162514806, 3470665.124187109060585 ], [ -2592765.784431208856404, 3470141.628576048649848 ], [ -2594149.612093775067478, 3469811.354130354709923 ], [ -2595162.636725984979421, 3469791.719086653087288 ], [ -2595801.157061462290585, 3470122.868071911390871 ], [ -2596100.293532021343708, 3470745.632293181493878 ], [ -2596149.597933426965028, 3471545.132495279889554 ], [ -2596067.393684925977141, 3472402.943557523656636 ], [ -2596009.60063839610666, 3473219.469093061052263 ], [ -2596198.68841697787866, 3473917.023641421459615 ], [ -2596852.869489318691194, 3474441.359959700144827 ], [ -2598026.654403653461486, 3474778.209537248127162 ], [ -2599555.06381472107023, 3474978.129967757966369 ], [ -2601162.612010947428644, 3475143.16728939441964 ], [ -2602609.556511984206736, 3475365.488053952809423 ], [ -2603803.066404671873897, 3475678.897085833828896 ], [ -2604867.024168887641281, 3476060.634562402963638 ], [ -2606152.576600695494562, 3476458.029695530887693 ], [ -2608130.480516040697694, 3476815.28952806070447 ], [ -2611148.16363625600934, 3477101.332324059214443 ], [ -2615166.654257848393172, 3477334.499760174658149 ], [ -2619668.918348843697459, 3477576.843070316128433 ], [ -2623833.994886076077819, 3477889.400970369577408 ], [ -2626857.933027212973684, 3478294.64034892199561 ], [ -2628208.657342743128538, 3478782.23173463717103 ], [ -2627753.46885693911463, 3479333.294672893360257 ], [ -2625847.842752427328378, 3479928.763626379426569 ], [ -2623316.491803992539644, 3480545.838154918979853 ], [ -2621118.490414026658982, 3481163.120753892231733 ], [ -2619847.798551266081631, 3481776.360985985957086 ], [ -2619583.695462663192302, 3482404.23064547078684 ], [ -2620137.180778058245778, 3483071.745630248915404 ], [ -2621312.999648840166628, 3483783.15633995924145 ], [ -2622970.507013959810138, 3484501.244774530641735 ], [ -2624943.000613012351096, 3485140.357446522451937 ], [ -2626947.740328447893262, 3485584.81274042930454 ], [ -2628592.988263301085681, 3485741.165060587693006 ], [ -2629538.332425915636122, 3485590.708782340399921 ], [ -2629686.070400729309767, 3485193.481006939895451 ], [ -2629237.269488074351102, 3484642.938721416052431 ], [ -2628615.94140292936936, 3484025.868618505075574 ], [ -2628341.212718097493052, 3483426.673861958086491 ], [ -2628864.504963006824255, 3482948.616906904149801 ], [ -2630429.06608792534098, 3482694.327686765231192 ], [ -2633043.612243009265512, 3482709.650103832129389 ], [ -2636501.464192219544202, 3482961.798123571556062 ], [ -2640353.389612418599427, 3483374.26583141181618 ], [ -2644015.666569161694497, 3483867.000137325376272 ], [ -2647089.641118851490319, 3484363.245137260295451 ], [ -2649544.635996364057064, 3484780.368215856608003 ], [ -2651575.110337028279901, 3485037.733143650460988 ], [ -2653379.859901111572981, 3485091.04946394264698 ], [ -2655143.980996399652213, 3484968.657906286418438 ], [ -2657147.630055078305304, 3484762.471295373514295 ], [ -2659693.688316737301648, 3484567.139845591969788 ], [ -2662875.503464560955763, 3484413.251145443879068 ], [ -2666551.522132742218673, 3484249.984837971627712 ], [ -2670616.822226657066494, 3484005.792017634958029 ], [ -2675167.431645236909389, 3483677.260755234863609 ], [ -2680292.621347539592534, 3483346.085863745305687 ], [ -2685743.180439778137952, 3483103.851302701514214 ], [ -2690951.468543649185449, 3482982.348804069217294 ], [ -2695409.905477872584015, 3482963.822527586482465 ], [ -2698922.713862967677414, 3483036.204261711798608 ], [ -2701600.688889933750033, 3483202.403704836964607 ], [ -2703750.459397056140006, 3483434.517709342297167 ], [ -2705767.20204653730616, 3483645.34662055503577 ], [ -2708015.606197973247617, 3483718.299953716807067 ], [ -2710698.406304932199419, 3483573.115930984728038 ], [ -2713784.015066410414875, 3483224.358053831849247 ], [ -2717057.181179808918387, 3482783.31174295861274 ], [ -2720256.098645355552435, 3482392.711478400044143 ], [ -2723202.358563266694546, 3482150.862830964382738 ], [ -2725841.219466018956155, 3482081.737374437972903 ], [ -2728173.245831588748842, 3482163.160404455382377 ], [ -2730168.87913056043908, 3482359.267018065322191 ], [ -2731807.907710688654333, 3482609.305446184240282 ], [ -2733193.659369078464806, 3482808.693133079446852 ], [ -2734531.607334688771516, 3482831.709005455020815 ], [ -2735982.168200723826885, 3482590.651905389968306 ], [ -2737604.079089041799307, 3482087.414925053715706 ], [ -2739435.593910948839039, 3481411.870174814946949 ], [ -2741525.072025942616165, 3480690.976839664857835 ], [ -2743851.565003415104002, 3480029.450955737382174 ], [ -2746272.405776500701904, 3479462.301530501339585 ], [ -2748605.762498042546213, 3478941.810307684820145 ], [ -2750748.04101716959849, 3478371.811558968387544 ], [ -2752669.369176825042814, 3477669.858391067478806 ], [ -2754288.38771044369787, 3476809.309823689050972 ], [ -2755409.786613502539694, 3475828.507238581776619 ], [ -2755839.833815030753613, 3474814.754712881520391 ], [ -2755561.846128725446761, 3473865.769571705255657 ], [ -2754814.078292042016983, 3473045.20508690783754 ], [ -2754024.390520822256804, 3472371.918710086029023 ], [ -2753641.903706926386803, 3471844.92598889162764 ], [ -2753954.120555818080902, 3471454.806087072473019 ], [ -2754969.913449935615063, 3471164.676637625321746 ], [ -2756475.783848099410534, 3470892.980639785528183 ], [ -2758212.142564014997333, 3470544.875553120393306 ], [ -2759963.375939215533435, 3470075.750019814819098 ], [ -2761550.362836699001491, 3469505.14247271604836 ], [ -2762862.985779081471264, 3468870.091185442637652 ], [ -2763943.072653768584132, 3468193.799062077887356 ], [ -2764943.323305602185428, 3467496.581660110969096 ], [ -2765963.438823379110545, 3466811.225978661794215 ], [ -2766959.687041265424341, 3466172.012747428379953 ], [ -2767794.923989568371326, 3465595.549470500554889 ], [ -2768322.798603562172502, 3465082.796709998976439 ], [ -2768499.823610743042082, 3464628.507121668662876 ], [ -2768520.361476032994688, 3464218.73453351482749 ], [ -2768803.887895768973976, 3463834.763064288534224 ], [ -2769742.638597539626062, 3463476.529785954859108 ], [ -2771401.213148847687989, 3463169.255740161985159 ], [ -2773447.965610159561038, 3462927.535700320266187 ], [ -2775359.69883732451126, 3462714.548526507802308 ], [ -2776669.786549688316882, 3462448.56804695725441 ], [ -2777108.63145080441609, 3462066.842140940949321 ], [ -2776636.987013670150191, 3461589.277841908857226 ], [ -2775378.062882591038942, 3461116.054313134402037 ], [ -2773517.712143918499351, 3460758.525296363979578 ], [ -2771259.51895122602582, 3460558.581632725894451 ], [ -2768767.495220279786736, 3460464.099680183455348 ], [ -2766067.668669224251062, 3460375.232234362978488 ], [ -2763065.553492581471801, 3460211.113752650097013 ], [ -2759706.737486244179308, 3459937.716683201957494 ], [ -2756096.886223614681512, 3459562.235373701434582 ], [ -2752426.761984874494374, 3459124.552675706800073 ], [ -2748863.122422887943685, 3458656.805336490739137 ], [ -2745608.149678342510015, 3458129.042340477462858 ], [ -2742955.158842512406409, 3457464.230251032393426 ], [ -2741135.663927962537855, 3456629.914783130399883 ], [ -2740099.820528258569539, 3455691.712380663491786 ], [ -2739504.692525351885706, 3454754.37605683458969 ], [ -2738958.812783722765744, 3453876.345794756431133 ], [ -2738324.846882768440992, 3453055.76185546675697 ], [ -2737779.097919610328972, 3452272.425593917258084 ], [ -2737602.211432290263474, 3451519.993721876293421 ], [ -2737963.43360102083534, 3450803.951169675216079 ], [ -2738865.611338320653886, 3450133.289137556217611 ], [ -2740278.395403860136867, 3449518.866350025869906 ], [ -2742303.295477808453143, 3448977.49300949415192 ], [ -2745084.077969572041184, 3448526.889858760870993 ], [ -2748525.300297979265451, 3448164.814164639916271 ], [ -2752235.580848249606788, 3447854.663569632451981 ], [ -2755803.339044816792011, 3447532.815992194227874 ], [ -2758981.213250566273928, 3447115.965155274607241 ], [ -2761655.682480276096612, 3446520.188428882043809 ], [ -2763818.729311624076217, 3445717.674278312828392 ], [ -2765597.819542298559099, 3444774.422913873568177 ], [ -2767204.148105344269425, 3443824.495099793188274 ], [ -2768790.000636448618025, 3443019.370365444105119 ], [ -2770321.800886393524706, 3442484.136770533863455 ], [ -2771578.115405324380845, 3442282.677538965828717 ], [ -2772323.667567017488182, 3442390.169905039481819 ], [ -2772563.233561099506915, 3442704.780019981320947 ], [ -2772582.900008199736476, 3443104.485909265000373 ], [ -2772744.539311170578003, 3443491.321017968934029 ], [ -2773279.767034574411809, 3443792.219722809735686 ], [ -2774212.432041559368372, 3443954.89739655982703 ], [ -2775421.096810352988541, 3443972.991571977268904 ], [ -2776791.748137719463557, 3443908.662098113913089 ], [ -2778300.054575829301029, 3443860.069754187483341 ], [ -2779956.355774597264826, 3443887.700127629097551 ], [ -2781721.032583828084171, 3443978.003883834462613 ], [ -2783502.042429208289832, 3444065.31536104856059 ], [ -2785205.218291096389294, 3444067.700054774060845 ], [ -2786726.334860878996551, 3443927.026081691961735 ], [ -2787983.988967823330313, 3443648.574345112312585 ], [ -2789031.715898669790477, 3443313.129192523192614 ], [ -2790030.919635919854045, 3443051.28839393844828 ], [ -2791050.26700780261308, 3442996.960367292165756 ], [ -2791951.302354855462909, 3443234.395516280084848 ], [ -2792547.186381254345179, 3443757.73619549209252 ], [ -2792854.148648628033698, 3444476.081000056117773 ], [ -2793121.393299911636859, 3445266.350098439957947 ], [ -2793646.03525096969679, 3446018.963925828691572 ], [ -2794622.05481077497825, 3446642.841422905214131 ], [ -2796077.534702827688307, 3447063.48810225026682 ], [ -2797818.074621957726777, 3447245.622173447627574 ], [ -2799477.294082906097174, 3447208.25774738797918 ], [ -2800780.726836322341114, 3447021.498974514193833 ], [ -2801762.342274970375001, 3446798.412758698221296 ], [ -2802628.835474773775786, 3446671.783876832108945 ], [ -2803444.944770379923284, 3446749.487358179874718 ], [ -2804101.553320980630815, 3447066.916059031151235 ], [ -2804598.688218884635717, 3447588.313349816482514 ], [ -2805164.384288380853832, 3448257.392515424638987 ], [ -2806064.634742074646056, 3449012.94815648207441 ], [ -2807413.140916103962809, 3449758.839436172042042 ], [ -2809156.876036415807903, 3450360.185630414634943 ], [ -2811170.724916546139866, 3450698.463634440209717 ], [ -2813359.16949619166553, 3450722.736182213760912 ], [ -2815634.26304727839306, 3450466.139486749190837 ], [ -2817821.828408478759229, 3450007.618529389146715 ], [ -2819635.473087291698903, 3449415.311890732031316 ], [ -2820819.821030838880688, 3448752.441955991555005 ], [ -2821349.159591858740896, 3448088.006224261596799 ], [ -2821575.37071224488318, 3447489.79233716847375 ], [ -2822078.65588752925396, 3447023.005498721264303 ], [ -2823246.592896904796362, 3446752.933141567744315 ], [ -2825037.289078928530216, 3446706.55640081083402 ], [ -2827121.189598083496094, 3446810.606147515121847 ], [ -2829200.625323316082358, 3446894.793968874495476 ], [ -2831208.634506204165518, 3446787.130214400589466 ], [ -2833204.748701576143503, 3446450.102861906867474 ], [ -2835165.342140093911439, 3446003.787169397808611 ], [ -2836952.675381676759571, 3445621.109624665696174 ], [ -2838491.002371532842517, 3445423.624675843864679 ], [ -2839864.455887446645647, 3445428.801363595295697 ], [ -2841271.214021189603955, 3445568.57630107505247 ], [ -2842863.561734177172184, 3445769.456155326217413 ], [ -2844556.465735458303243, 3446017.659307529218495 ], [ -2845987.322447208222002, 3446346.652797030750662 ], [ -2846695.189712797757238, 3446766.895024261437356 ], [ -2846338.505141824949533, 3447240.236545493360609 ], [ -2844880.090208425186574, 3447711.137513845227659 ], [ -2842621.270032203756273, 3448146.163850133772939 ], [ -2840057.583811856340617, 3448558.461037847213447 ], [ -2837653.060365421231836, 3449003.488965285010636 ], [ -2835562.133584334049374, 3449523.447264772839844 ], [ -2833611.992234623525292, 3450098.61196264019236 ], [ -2831503.350812369026244, 3450662.1431480855681 ], [ -2829046.544093574862927, 3451158.148580893408507 ], [ -2826334.85175794782117, 3451597.007040749303997 ], [ -2823673.693463612813503, 3452016.277581630740315 ], [ -2821301.426287853624672, 3452394.301979668904096 ], [ -2819250.528578804805875, 3452678.705129688605666 ], [ -2817430.60880307527259, 3452889.350730584934354 ], [ -2815688.940491984598339, 3453129.24265968054533 ], [ -2813861.532855322118849, 3453480.404575488995761 ], [ -2811949.224054657388479, 3453934.23335913894698 ], [ -2810342.737760813441128, 3454431.670944764278829 ], [ -2809691.772819221019745, 3454915.321619890630245 ], [ -2810354.630571135785431, 3455335.259830220136791 ], [ -2812124.419759500771761, 3455647.689924757927656 ], [ -2814435.374919533263892, 3455844.144860302098095 ], [ -2816777.925012250896543, 3455993.118775673676282 ], [ -2818983.327679322101176, 3456196.448486275039613 ], [ -2821098.99136642832309, 3456446.269020266830921 ], [ -2823087.907914041075855, 3456586.425794711802155 ], [ -2824718.40701264468953, 3456472.11782793328166 ], [ -2825826.204732826910913, 3456119.627253348939121 ], [ -2826584.441990710329264, 3455691.849714316893369 ], [ -2827393.512485884130001, 3455367.646079066675156 ], [ -2828496.249741506297141, 3455237.443457330577075 ], [ -2829780.512912340927869, 3455240.809470431413502 ], [ -2830903.028953070286661, 3455199.161619209684432 ], [ -2831517.123809108510613, 3454981.575203180778772 ], [ -2831555.136202371213585, 3454595.259053526911885 ], [ -2831330.71729033999145, 3454117.486194440629333 ], [ -2831397.954654945526272, 3453607.265227489639074 ], [ -2832271.527485018596053, 3453088.938864624593407 ], [ -2834086.16501142596826, 3452583.688381796237081 ], [ -2836475.28827368048951, 3452137.795639281626791 ], [ -2838877.675349307712168, 3451825.331686399877071 ], [ -2840954.799522588029504, 3451692.162223760504276 ], [ -2842663.635430787689984, 3451674.134417505469173 ], [ -2844088.722002492751926, 3451602.177452225238085 ], [ -2845237.878309138584882, 3451336.302304284181446 ], [ -2846096.271658515557647, 3450871.827851921785623 ], [ -2846922.790934414602816, 3450310.644443801604211 ], [ -2848192.37715090950951, 3449762.905752556398511 ], [ -2850093.837127157952636, 3449244.928666091524065 ], [ -2852239.289678062777966, 3448636.729923979379237 ], [ -2853885.125733176246285, 3447820.676621668506414 ], [ -2854341.508957236073911, 3446860.994289351627231 ], [ -2853492.032256906386465, 3445947.942398821469396 ], [ -2851785.146767177153379, 3445210.337446570396423 ], [ -2849729.82259827060625, 3444675.339957794640213 ], [ -2847592.337305608205497, 3444322.08213624637574 ], [ -2845512.327602248638868, 3444084.028183487709612 ], [ -2843737.557584593538195, 3443834.688104442786425 ], [ -2842607.122491258196533, 3443481.243117293808609 ], [ -2842389.377827675081789, 3443044.42232320131734 ], [ -2843168.413591128308326, 3442611.814870710484684 ], [ -2844734.871272063814104, 3442259.863477569073439 ], [ -2846626.542631429154426, 3442016.443099804688245 ], [ -2848432.547581274993718, 3441915.375082810875028 ], [ -2849956.908328031655401, 3442017.153188292402774 ], [ -2851203.76305765658617, 3442321.223558823112398 ], [ -2852364.434654877055436, 3442721.115534105338156 ], [ -2853685.781357836443931, 3443080.271979932207614 ], [ -2855205.140816014725715, 3443262.680912661831826 ], [ -2856586.245855158660561, 3443145.711460656952113 ], [ -2857409.919051056262106, 3442703.447302446700633 ], [ -2857712.832042267546058, 3442029.071366461925209 ], [ -2857940.761387867387384, 3441184.816884071566164 ], [ -2858431.520443698391318, 3440157.845639570616186 ], [ -2859179.878081551752985, 3438944.021632155403495 ], [ -2859979.600136713590473, 3437611.235427606850863 ], [ -2860603.417599496431649, 3436282.652426769491285 ], [ -2860953.757849543821067, 3435076.976480531971902 ], [ -2861056.069267033599317, 3434028.525802565738559 ], [ -2861038.04686069721356, 3433101.175135272089392 ], [ -2861110.965971153695136, 3432200.394935009069741 ], [ -2861457.546078935265541, 3431264.532165634445846 ], [ -2862151.841464704833925, 3430389.694448109250516 ], [ -2863139.88028172031045, 3429762.905381301417947 ], [ -2864218.601181267760694, 3429392.986864946316928 ], [ -2865119.295070962514728, 3429076.111276079434901 ], [ -2865580.17951289517805, 3428613.681848452426493 ], [ -2865467.683503174688667, 3427956.147533053066581 ], [ -2865008.435500959865749, 3427129.511097158305347 ], [ -2864766.293490320909768, 3426155.005334716755897 ], [ -2865174.187162031885237, 3425144.786143612116575 ], [ -2866289.624712209682912, 3424312.326938628219068 ], [ -2867800.403280066791922, 3423839.528618962038308 ], [ -2869141.381856274791062, 3423807.18174405163154 ], [ -2869908.097394918091595, 3424167.496580836363137 ], [ -2870282.42115888511762, 3424745.879809292033315 ], [ -2870833.316732849460095, 3425377.546432960312814 ], [ -2871800.975478346459568, 3425980.234938198234886 ], [ -2872848.368931657169014, 3426540.197543568443507 ], [ -2873490.174217810388654, 3427062.596384369768202 ], [ -2873456.741469910833985, 3427551.341349134221673 ], [ -2872881.710499756038189, 3428003.634231453295797 ], [ -2872241.29798841336742, 3428429.078617523889989 ], [ -2872025.248244797345251, 3428845.93200381891802 ], [ -2872608.399296836461872, 3429244.38299525808543 ], [ -2874141.211875925771892, 3429550.475458867847919 ], [ -2876318.283808440435678, 3429677.391181618440896 ], [ -2878444.945486512966454, 3429688.895924296230078 ], [ -2879935.68941113865003, 3429822.919056443031877 ], [ -2880444.018773856572807, 3430245.144025077112019 ], [ -2880054.655123388860375, 3430911.056159153115004 ], [ -2879283.77636776259169, 3431668.537195447366685 ], [ -2878807.87214624742046, 3432341.852742217481136 ], [ -2879236.785017900168896, 3432802.185240323189646 ], [ -2880664.63470487575978, 3432976.232676924206316 ], [ -2882615.497511668596417, 3432861.584806291386485 ], [ -2884662.417420275975019, 3432563.642609270755202 ], [ -2886771.930527307093143, 3432279.109366178512573 ], [ -2889045.969244590494782, 3432015.338863050565124 ], [ -2891639.072912445291877, 3431553.784788180142641 ], [ -2894735.07147572748363, 3430755.832972083240747 ], [ -2898552.556995316874236, 3429716.773783697746694 ], [ -2903089.563312576618046, 3428674.68766417587176 ], [ -2908011.193514596670866, 3427910.923745877575129 ], [ -2912468.584664775524288, 3427501.409600292798132 ], [ -2916016.470354462508112, 3427313.475469024386257 ], [ -2918684.824162134435028, 3427224.469484308734536 ], [ -2920754.522544329520315, 3427181.98754358664155 ], [ -2922674.172031153924763, 3427245.431771175470203 ], [ -2924760.979387268424034, 3427477.722551641520113 ], [ -2926975.617991052567959, 3427839.544492248911411 ], [ -2929134.376010378822684, 3428242.057443715631962 ], [ -2931311.265105310827494, 3428602.788787906058133 ], [ -2933567.773792076855898, 3428884.922227318864316 ], [ -2935789.412953264079988, 3429055.448622131720185 ], [ -2938050.774067745544016, 3429043.176210565492511 ], [ -2940708.30967943649739, 3428864.334608738776296 ], [ -2943990.270938192959875, 3428606.794736956246197 ], [ -2947459.946006286889315, 3428213.564352914690971 ], [ -2950424.152205701451749, 3427715.42615587124601 ], [ -2952812.125279813073575, 3427393.896321572829038 ], [ -2954923.917722023557872, 3427370.194590672384948 ], [ -2957025.773690771311522, 3427558.955631839577109 ], [ -2959112.154771655797958, 3427879.689350873231888 ], [ -2961054.932881138287485, 3428253.176474100910127 ], [ -2962697.819836905226111, 3428536.21036826306954 ], [ -2964138.893218400888145, 3428578.632925199344754 ], [ -2965573.483013001736253, 3428443.7241130489856 ], [ -2967047.657959237229079, 3428407.910022678319365 ], [ -2968397.788363249506801, 3428537.38624130608514 ], [ -2969592.752959532663226, 3428591.356203249190003 ], [ -2970646.232052637264132, 3428494.078476291149855 ], [ -2971496.115450911223888, 3428486.474701825063676 ], [ -2972113.064628493972123, 3428761.640006124973297 ], [ -2972680.297638094052672, 3429278.574355852324516 ], [ -2973557.374631493352354, 3429886.227298977319151 ], [ -2974866.420481309294701, 3430448.405889431014657 ], [ -2976344.476398166269064, 3430866.601579770445824 ], [ -2977743.676157062407583, 3430988.265305583830923 ], [ -2978805.217379701789469, 3430796.383586306124926 ], [ -2979427.60867153853178, 3430410.67388190375641 ], [ -2979705.859118163585663, 3429938.355682737659663 ], [ -2980049.572766742203385, 3429459.830007649492472 ], [ -2981130.593385390937328, 3429071.996277865488082 ], [ -2983167.93902690988034, 3428935.864597857929766 ], [ -2985529.988549562171102, 3429180.783750284463167 ], [ -2987395.250073159113526, 3429743.184487792663276 ], [ -2988171.943540506996214, 3430436.742276541423053 ], [ -2987869.275097261182964, 3431075.760142002254725 ], [ -2986995.988469153642654, 3431631.451982927508652 ], [ -2986032.683315859176219, 3432170.843054093420506 ], [ -2985289.72085079504177, 3432750.481243528425694 ], [ -2984925.902316052932292, 3433389.615908951964229 ], [ -2985067.61661155661568, 3434064.808541814330965 ], [ -2985713.086115017998964, 3434713.374735897872597 ], [ -2986657.942250171210617, 3435263.310912392567843 ], [ -2987881.958599748555571, 3435689.038557112216949 ], [ -2989757.377925515174866, 3436009.520449872128665 ], [ -2992799.186536678578705, 3436269.711364719085395 ], [ -2997017.570372791960835, 3436537.368660578504205 ], [ -3001565.097128120716661, 3436832.863319033756852 ], [ -3005258.200658320449293, 3437092.132018896285444 ], [ -3008065.226675967220217, 3437086.514148065820336 ], [ -3010469.52529482729733, 3436785.109318037051708 ], [ -3012937.833548069000244, 3436540.830023043323308 ], [ -3015100.576391109731048, 3436562.740359988529235 ], [ -3016163.39249840285629, 3436850.468276826199144 ], [ -3016341.455879736226052, 3437278.976566129829735 ], [ -3016736.630776519421488, 3437738.960123250260949 ], [ -3017999.499783918727189, 3438140.080891103483737 ], [ -3020027.68381634214893, 3438441.019909350201488 ], [ -3022552.840391949284822, 3438694.901594425085932 ], [ -3025221.756436096969992, 3439040.571372880134732 ], [ -3027941.802077230066061, 3439462.255397419910878 ], [ -3030349.065200670156628, 3440059.89937329525128 ], [ -3032391.55727913370356, 3440899.284686581231654 ], [ -3034422.063344749622047, 3441775.303013830911368 ], [ -3036954.307976973708719, 3442477.257393358275294 ], [ -3040553.011512354947627, 3442951.261015713214874 ], [ -3045057.387251059990376, 3443287.55038331868127 ], [ -3049836.184425002429634, 3443602.609765324741602 ], [ -3054755.938324686139822, 3443855.750014991033822 ], [ -3059394.354880785569549, 3443983.5702432426624 ], [ -3063315.155976198147982, 3444030.523928252514452 ], [ -3066610.128290643449873, 3443975.915259158238769 ], [ -3069375.147785441018641, 3443893.227940651588142 ], [ -3071724.165771877858788, 3443954.638616856187582 ], [ -3073949.670958527829498, 3444112.143711150623858 ], [ -3076403.84911903180182, 3444088.613911836408079 ], [ -3079305.535451953299344, 3443778.813963604625314 ], [ -3082484.733485651668161, 3443267.293262221850455 ], [ -3084926.060725640039891, 3442662.784762519411743 ], [ -3086776.252573455218226, 3442139.376050594262779 ], [ -3088831.776554176583886, 3441830.746998213697225 ], [ -3091315.017360378056765, 3441800.274940023198724 ], [ -3093440.334709830116481, 3441925.878120305016637 ], [ -3095015.533945706672966, 3441952.973863107152283 ], [ -3096363.247755117248744, 3441748.63932166621089 ], [ -3097784.342251968570054, 3441411.627318472601473 ], [ -3099169.23423880385235, 3441019.979333019349724 ], [ -3100038.627154600806534, 3440571.592918945942074 ], [ -3099755.441082178615034, 3440043.881941958796233 ], [ -3098197.28113126475364, 3439452.506956890691072 ], [ -3096024.794319859705865, 3438834.157298100180924 ], [ -3093827.043619750998914, 3438301.909743210300803 ], [ -3091840.963483709841967, 3437893.756286309566349 ], [ -3090150.211739419959486, 3437543.086076088715345 ], [ -3089412.760136191733181, 3436982.47756132343784 ], [ -3089619.017949369270355, 3436223.343204467557371 ], [ -3090042.184650637675077, 3435385.741846075281501 ], [ -3090201.698237108998001, 3434502.74048411520198 ], [ -3089795.244580162223428, 3433683.991663447581232 ], [ -3088668.700940855778754, 3433268.937677948735654 ], [ -3087176.967985716182739, 3433435.09814638691023 ], [ -3085768.104778782464564, 3434062.21440192963928 ], [ -3084489.129349422641098, 3434755.531159756705165 ], [ -3083439.434178814757615, 3435291.061813410371542 ], [ -3082636.03145318897441, 3435440.477077262476087 ], [ -3082224.417001869995147, 3435115.982329735066742 ], [ -3082110.414482838939875, 3434487.04005840793252 ], [ -3081874.272993446793407, 3433713.763214082457125 ], [ -3081613.922084412071854, 3432972.072559580672532 ], [ -3082103.408077798783779, 3432335.721352593973279 ], [ -3083464.601290125865489, 3431981.002667399588972 ], [ -3084755.347438971046358, 3432047.423649343196303 ], [ -3085809.16812486294657, 3432136.290580401662737 ], [ -3086999.394083149265498, 3432046.117099074181169 ], [ -3088835.787150804884732, 3432051.394909637980163 ], [ -3091384.822102259844542, 3432452.818213410209864 ], [ -3093683.756307618692517, 3433091.470692833419889 ], [ -3095715.704084540717304, 3433208.166347906924784 ], [ -3097709.331436031498015, 3432613.769332339987159 ], [ -3100006.094578867778182, 3431984.011644252575934 ], [ -3102057.984285891056061, 3431524.606035482604057 ], [ -3103925.417191226966679, 3431329.154837794601917 ], [ -3105948.726725465152413, 3431345.4940329445526 ], [ -3108109.915148722007871, 3431283.71574520599097 ], [ -3109780.726475825533271, 3431129.826149866916239 ], [ -3110908.831517316401005, 3431183.879845231771469 ], [ -3111455.443364830687642, 3431611.17919410020113 ], [ -3111615.581765114795417, 3432148.674720196519047 ], [ -3111963.494487691204995, 3432488.117626653052866 ], [ -3112881.695731966756284, 3432376.539933673106134 ], [ -3114123.151530151255429, 3431873.146887046750635 ], [ -3115425.765446048695594, 3431454.087680863216519 ], [ -3116918.634132106322795, 3431534.888652499765158 ], [ -3118506.575618098955601, 3431965.211812607012689 ], [ -3120091.853879601228982, 3431758.078143842052668 ], [ -3120896.868465633131564, 3430668.157295304816216 ], [ -3121042.671514440793544, 3429526.216228433419019 ], [ -3121449.276095777750015, 3428439.027734388131648 ], [ -3122419.005851183086634, 3427217.987495933193713 ], [ -3123196.40457513788715, 3425906.463936011306942 ], [ -3123660.308409434743226, 3424889.593732204753906 ], [ -3123749.314480881206691, 3424122.668877389281988 ], [ -3123384.698606688529253, 3423425.166989601682872 ], [ -3122797.319687564391643, 3422760.549435759428889 ], [ -3122328.904988524969667, 3422086.789695591665804 ], [ -3122585.406023514457047, 3421416.478801188524812 ], [ -3123667.360942595172673, 3420820.720807389821857 ], [ -3124812.570425986777991, 3420319.732573360204697 ], [ -3126152.181436331477016, 3419914.58141759224236 ], [ -3128134.319899239111692, 3419797.307762904092669 ], [ -3130899.790009575895965, 3420164.126655417494476 ], [ -3134737.48060242831707, 3420609.508557818364352 ], [ -3138983.245158324483782, 3420904.592013665474951 ], [ -3144102.950213226024061, 3420923.459993176627904 ], [ -3148397.945622736122459, 3420648.861814699135721 ], [ -3150662.608943178784102, 3420021.491401939187199 ], [ -3151505.773289217613637, 3419268.606423724908382 ], [ -3151360.860663707833737, 3418534.942539691925049 ], [ -3150362.46470426954329, 3417914.895045620389283 ], [ -3149004.783776278607547, 3417285.298642857931554 ], [ -3147152.91903053689748, 3416867.659295382443815 ], [ -3144883.96702568186447, 3416528.789189365226775 ], [ -3142409.075807998888195, 3416205.464491208549589 ], [ -3139809.005185307003558, 3416082.205047266557813 ], [ -3137627.308661943301558, 3415549.269899599254131 ], [ -3135674.38714623497799, 3414290.888124129269272 ], [ -3133015.95350331813097, 3413198.781920418608934 ], [ -3129548.684329158160836, 3412624.237328100949526 ], [ -3125908.144249651115388, 3412540.355098717845976 ], [ -3122366.596534447744489, 3412442.920787769369781 ], [ -3120794.178895438089967, 3411986.396650637499988 ], [ -3121023.801949785556644, 3411318.023691483773291 ], [ -3121809.281583265401423, 3410504.118877658154815 ], [ -3122943.94843075517565, 3409757.718927993439138 ], [ -3124838.578352662734687, 3409141.742741472553462 ], [ -3127996.360901849810034, 3408912.806855787523091 ], [ -3131495.242155407555401, 3409141.324371596798301 ], [ -3134600.225423340685666, 3409572.581119652837515 ], [ -3137396.71099945018068, 3410092.963268943596631 ], [ -3140351.557898207101971, 3410591.26826181774959 ], [ -3143713.523213350214064, 3411013.714012639131397 ], [ -3146513.2488111583516, 3411144.784957525320351 ], [ -3148729.425554822199047, 3410814.555955042131245 ], [ -3150816.896592407021672, 3410205.598295702598989 ], [ -3153418.219043346587569, 3409376.151346484664828 ], [ -3156353.077765232417732, 3408560.532440520357341 ], [ -3157553.842822217382491, 3407759.375465810764581 ], [ -3157000.147806003224105, 3407136.136896600015461 ], [ -3155839.349747196771204, 3406668.152406250592321 ], [ -3154487.988524978514761, 3406238.543711993843317 ], [ -3153114.151189441792667, 3405768.444839837960899 ], [ -3152013.415429591666907, 3405279.316943426150829 ], [ -3151533.71683303033933, 3404775.143279437441379 ], [ -3151468.299443957861513, 3404206.133591123856604 ], [ -3151024.169565033167601, 3403632.681781266350299 ], [ -3149566.119406483601779, 3403116.047062834259123 ], [ -3147361.301931380759925, 3402685.913400718942285 ], [ -3144791.784302890766412, 3402487.587245720438659 ], [ -3142402.614963497035205, 3402372.576753974426538 ], [ -3140399.525693936273456, 3402137.406269120518118 ], [ -3139852.391640452668071, 3401583.545656808651984 ], [ -3141212.914696938823909, 3400841.669014994055033 ], [ -3143659.585563812870532, 3400064.818623717408627 ], [ -3144170.406427220907062, 3399127.034064207226038 ], [ -3142180.581419154535979, 3398058.914003680925816 ], [ -3139354.665177206974477, 3397355.945487112272531 ], [ -3136926.866454335395247, 3397014.318113088607788 ], [ -3134375.744910482317209, 3397076.589699356816709 ], [ -3131445.050567097961903, 3397664.566034084651619 ], [ -3127604.950885589234531, 3398413.847304316237569 ], [ -3123403.267284389119595, 3399316.292626696173102 ], [ -3119978.549758598674089, 3400253.656397220212966 ], [ -3117320.127749839797616, 3400953.349417263641953 ], [ -3115551.465659630019218, 3401424.856053911615163 ], [ -3113798.238152264617383, 3401563.579054186120629 ], [ -3111239.070233637001365, 3401289.004022279754281 ], [ -3106991.838036357890815, 3401050.576639087405056 ], [ -3102623.48595006717369, 3400832.829495543148369 ], [ -3098069.171645340975374, 3400749.041769441682845 ], [ -3093231.743000084999949, 3400760.622751000337303 ], [ -3089456.958392261061817, 3400817.663527667988092 ], [ -3086687.640200701076537, 3400544.223582319449633 ], [ -3084627.829553828574717, 3399777.078436594922096 ], [ -3082532.609166063833982, 3398875.961153524927795 ], [ -3080999.955624131020159, 3398119.312587027437985 ], [ -3079342.713075557723641, 3397300.494271168950945 ], [ -3077416.982948527671397, 3396385.696686582174152 ], [ -3077451.031073410995305, 3395735.928458167705685 ], [ -3079981.395288825966418, 3395444.290289017837495 ], [ -3083302.679357544519007, 3395185.659828695934266 ], [ -3086297.230824003461748, 3394768.618672953452915 ], [ -3088801.6214415919967, 3394309.646856699604541 ], [ -3090124.107438328675926, 3393766.608054684940726 ], [ -3088674.47233844269067, 3393124.717273295391351 ], [ -3084194.011591079179198, 3392559.462024434935302 ], [ -3080863.499034834560007, 3392026.176389111205935 ], [ -3078235.984277284704149, 3391608.136739606037736 ], [ -3075552.787568287923932, 3391288.712990413419902 ], [ -3072010.483312096446753, 3390955.315582779701799 ], [ -3068954.793274411465973, 3390076.040315571706742 ], [ -3067320.570191550534219, 3388395.405390564817935 ], [ -3066467.684296933934093, 3387208.621688789688051 ], [ -3066235.234091754537076, 3386333.073445331305265 ], [ -3066449.071694664191455, 3385189.724222320597619 ], [ -3066267.184048832859844, 3383718.673225658945739 ], [ -3065268.662249261979014, 3382536.268211964983493 ], [ -3064543.834214138332754, 3381750.06872449722141 ], [ -3066265.669796068221331, 3381116.869492122437805 ], [ -3071033.617968127131462, 3380531.51653383905068 ], [ -3074348.905629680026323, 3379813.275381987914443 ], [ -3075427.82770592533052, 3378991.147524205967784 ], [ -3074481.446833870839328, 3378230.661514007952064 ], [ -3071862.09990693628788, 3377536.220649878960103 ], [ -3068862.306207956280559, 3376887.366452974267304 ], [ -3066099.869143679738045, 3376152.672079238574952 ], [ -3065932.128614657558501, 3374969.76738478988409 ], [ -3068468.798693471122533, 3374281.768910292070359 ], [ -3070806.706675896421075, 3374561.682686027139425 ], [ -3073136.274427688680589, 3375028.848706487100571 ], [ -3075181.44371375720948, 3375521.048987988848239 ], [ -3077818.533105733338743, 3376199.802299174945801 ], [ -3081360.615819967817515, 3377108.243577504064888 ], [ -3086260.01737886108458, 3377659.334280350711197 ], [ -3090769.356501867994666, 3377795.594631917774677 ], [ -3094051.795679066795856, 3377689.41394067555666 ], [ -3096130.178576566278934, 3377287.610463140998036 ], [ -3096757.679843341000378, 3376675.329686068464071 ], [ -3096324.494509819429368, 3376108.415795063599944 ], [ -3096070.73454417521134, 3375502.892474931664765 ], [ -3096162.958238278515637, 3374707.072995627298951 ], [ -3095572.259327211882919, 3373918.15872548148036 ], [ -3093699.520306165330112, 3373354.011410591192544 ], [ -3091752.03212798666209, 3372877.01295146998018 ], [ -3089606.09513178281486, 3372277.820219530258328 ], [ -3088186.158042490947992, 3371457.247170067857951 ], [ -3087187.440801275894046, 3370762.226948154624552 ], [ -3086901.706018439494073, 3370065.532975948881358 ], [ -3087878.743320174049586, 3369504.07040519407019 ], [ -3090188.26577252196148, 3369533.287710819859058 ], [ -3092284.945741564501077, 3369443.780749400611967 ], [ -3093825.02655240893364, 3369085.244435703847557 ], [ -3095322.255364219658077, 3368989.833864287473261 ], [ -3096997.478521756827831, 3369323.392507223878056 ], [ -3099287.142410149332136, 3369151.331644034944475 ], [ -3100873.864272729028016, 3368210.617546919733286 ], [ -3102179.282484101131558, 3366917.067277635913342 ], [ -3103510.118776402901858, 3365614.630257985554636 ], [ -3105316.76171320816502, 3364855.410880691837519 ], [ -3108039.37528324034065, 3364794.87323705945164 ], [ -3110879.901536947581917, 3364635.228639060631394 ], [ -3112839.462140597868711, 3363906.013048845808953 ], [ -3114688.884777891915292, 3363875.205567716620862 ], [ -3116475.570913888514042, 3364524.272577818017453 ], [ -3118663.68896467005834, 3364596.699993269983679 ], [ -3120131.917490070220083, 3364000.867336112074554 ], [ -3121344.991001079324633, 3363357.453465663827956 ], [ -3122734.974708984140307, 3362807.064439951907843 ], [ -3124470.179724145215005, 3362831.839053318835795 ], [ -3126034.416220013052225, 3363588.733847680967301 ], [ -3127718.139422146603465, 3364139.514059172011912 ], [ -3128417.879954179283231, 3363852.671037289779633 ], [ -3127707.972023859620094, 3362898.161832678131759 ], [ -3125367.608727687504143, 3361456.71786998398602 ], [ -3121534.28707960806787, 3360315.742605898994952 ], [ -3118999.838198602199554, 3359484.585070590954274 ], [ -3117084.851067734416574, 3359307.732986104208976 ], [ -3115299.01724408660084, 3359777.503804118838161 ], [ -3112855.904191710986197, 3359912.764672139659524 ], [ -3110617.915791632141918, 3359825.569288969039917 ], [ -3109036.364385677035898, 3359548.354994073975831 ], [ -3107664.366811546962708, 3359139.076497687026858 ], [ -3105862.20032691443339, 3358611.291974430438131 ], [ -3103261.611077014822513, 3357976.937727862969041 ], [ -3101441.801517090760171, 3356934.627763294614851 ], [ -3100011.202365179080516, 3356110.871158754918724 ], [ -3098833.870290079619735, 3355535.796834493521601 ], [ -3097746.07103791134432, 3355493.642292815260589 ], [ -3096928.744870273862034, 3356148.512627435848117 ], [ -3096130.389265980105847, 3356599.951471629086882 ], [ -3095159.761928563937545, 3356610.925021015573293 ], [ -3093939.785524482373148, 3356816.263605983462185 ], [ -3092629.673579271882772, 3357125.997970269061625 ], [ -3091773.093989794608206, 3357381.704264720901847 ], [ -3091092.713399623520672, 3357393.494433030486107 ], [ -3090203.708237290382385, 3357058.136268140282482 ], [ -3088618.062681930605322, 3356934.734200129751116 ], [ -3086249.691198718734086, 3357101.429749905597419 ], [ -3084360.942534384317696, 3356816.422940554097295 ], [ -3083695.943386495113373, 3356274.537043049931526 ], [ -3083827.439380704890937, 3355744.485362898092717 ], [ -3083405.088711502961814, 3355332.393034463748336 ], [ -3081837.082103005610406, 3355339.229329295456409 ], [ -3080189.635725697968155, 3355964.597339385654777 ], [ -3078726.024075675290078, 3356743.934405664913356 ], [ -3077488.698253784328699, 3357533.180108543951064 ], [ -3076075.585143192205578, 3357628.157935438677669 ], [ -3074721.262140970211476, 3357119.052241048775613 ], [ -3072992.237279942724854, 3356762.141604234464467 ], [ -3070834.090712391305715, 3356898.766899058129638 ], [ -3069041.02449042070657, 3357356.480511043220758 ], [ -3067640.898032687138766, 3357270.452195909805596 ], [ -3066612.559971749782562, 3356365.243058408610523 ], [ -3065441.031471167691052, 3355590.245899454224855 ], [ -3064045.024033904541284, 3355502.313264806754887 ], [ -3063498.397670343052596, 3356003.340332998894155 ], [ -3063785.768389375414699, 3356696.182562972884625 ], [ -3063660.033774451352656, 3357317.552765305619687 ], [ -3062717.204326878767461, 3357781.001086015254259 ], [ -3061868.011104742065072, 3358094.773411361966282 ], [ -3061108.769961644429713, 3358187.446422013919801 ], [ -3060306.783342486713082, 3358010.860243550501764 ], [ -3059424.898973863106221, 3357986.937679018359631 ], [ -3058637.696815849747509, 3358284.875806869007647 ], [ -3057823.058620930183679, 3358304.693837137427181 ], [ -3056997.079069931060076, 3357610.822918387129903 ], [ -3056405.056009819731116, 3356315.535073963459581 ], [ -3055732.24074702244252, 3354966.720751811750233 ], [ -3054922.848020687699318, 3353552.298018914181739 ], [ -3053950.224343082867563, 3351995.149026079569012 ], [ -3052699.983441635034978, 3350849.168261389713734 ], [ -3052571.814972660969943, 3349936.700765832327306 ], [ -3053653.276682934723794, 3349078.233899817336351 ], [ -3054057.64848868874833, 3348035.686852802056819 ], [ -3053361.06655289651826, 3346952.222069265786558 ], [ -3052354.566717001609504, 3345783.138332828879356 ], [ -3051136.22858025925234, 3344811.906097423750907 ], [ -3050015.866898170672357, 3343936.742485462222248 ], [ -3049244.66920302528888, 3343175.035981184802949 ], [ -3049361.579011265654117, 3342489.301123055163771 ], [ -3050298.603226871229708, 3341781.960699540097266 ], [ -3050600.006403768435121, 3340892.097444296814501 ], [ -3049783.120136407669634, 3339965.609505927190185 ], [ -3048639.966660146601498, 3339261.112046829424798 ], [ -3048642.772883230354637, 3338691.820948002394289 ], [ -3050183.314364237245172, 3338236.739164352882653 ], [ -3052377.755405350122601, 3337856.67190947663039 ], [ -3054507.932440466247499, 3337538.948375341948122 ], [ -3056059.00447692302987, 3337375.379438547883183 ], [ -3057114.858613910619169, 3337630.433983595110476 ], [ -3057704.754974355455488, 3338454.023761881981045 ], [ -3058282.391068555414677, 3339197.724278840236366 ], [ -3059246.703036803286523, 3339770.741645233239979 ], [ -3060860.409932188224047, 3340140.901216485537589 ], [ -3062949.736726396717131, 3340352.017986988183111 ], [ -3064784.388578497804701, 3340546.519972879439592 ], [ -3066235.009656346868724, 3340712.576926585286856 ], [ -3067411.891378478147089, 3340978.378336912952363 ], [ -3068464.755571879912168, 3341376.247553050052375 ], [ -3069642.622859327122569, 3341524.707479861564934 ], [ -3071348.163485112134367, 3341369.310623927041888 ], [ -3073470.605190492235124, 3341438.520955683663487 ], [ -3075358.188462235499173, 3341782.994433140382171 ], [ -3077297.167863488662988, 3341958.558032849337906 ], [ -3079603.671040292363614, 3341831.376177144236863 ], [ -3082409.647465044166893, 3341742.228345709387213 ], [ -3085495.642540373839438, 3341790.333555369637907 ], [ -3088553.976895803119987, 3341677.808940647169948 ], [ -3090940.47795785125345, 3341747.30192862637341 ], [ -3092479.298480910714716, 3341980.315208102110773 ], [ -3093150.9518520552665, 3341792.259703560266644 ], [ -3092978.375052128452808, 3340920.241874992847443 ], [ -3092399.569700798019767, 3339957.9546784972772 ], [ -3092683.231606964953244, 3339371.45939452573657 ], [ -3094264.8423728402704, 3339373.158394158817828 ], [ -3096360.654971381183714, 3339889.157185894437134 ], [ -3098683.454319316428155, 3340690.458747571334243 ], [ -3100324.743807657621801, 3341656.969999868888408 ], [ -3101535.545032132416964, 3342430.019103303551674 ], [ -3102669.180541615467519, 3342983.13739819964394 ], [ -3103954.608409083914012, 3343350.485884693916887 ], [ -3105620.203397009056062, 3343480.540491660125554 ], [ -3107649.954920531716198, 3343221.879393842536956 ], [ -3109447.137540113646537, 3342740.556833602953702 ], [ -3111049.039291308261454, 3342783.34630380012095 ], [ -3112411.087871510069817, 3343510.277176264673471 ], [ -3113957.775862521957606, 3344101.125522028654814 ], [ -3115772.446872405707836, 3344014.575819701887667 ], [ -3117404.30799100920558, 3343513.238912717439234 ], [ -3119049.144584219902754, 3343078.03061245335266 ], [ -3120688.749717985745519, 3342646.135041832458228 ], [ -3122462.072513592429459, 3342036.851073308382183 ], [ -3123894.028748712968081, 3341075.331132617313415 ], [ -3124382.276420326437801, 3339849.390029115602374 ], [ -3124253.863195632118732, 3338792.646291990764439 ], [ -3125095.509355688467622, 3337909.787314306013286 ], [ -3127516.873279633000493, 3337240.611356381326914 ], [ -3130271.045656184200197, 3336554.116903518792242 ], [ -3132547.317231603432447, 3335858.646979070268571 ], [ -3134338.891706453636289, 3335238.804656564258039 ], [ -3135761.207230167463422, 3335085.863608044106513 ], [ -3136069.214100868441164, 3335538.225860077422112 ], [ -3135171.483822935726494, 3336341.228249209467322 ], [ -3133872.439260638784617, 3337264.495277905836701 ], [ -3132750.885825445875525, 3337985.657690216321498 ], [ -3132921.311374623328447, 3338334.454740777146071 ], [ -3134431.559968880843371, 3338133.377215629443526 ], [ -3136011.982306958176196, 3337489.010278051253408 ], [ -3137451.613213955890387, 3336872.580959115177393 ], [ -3138887.324476527515799, 3336477.876462856773287 ], [ -3140502.513404454104602, 3336416.190396476071328 ], [ -3141946.868680136743933, 3336538.646086499560624 ], [ -3143360.31767099397257, 3336467.489289217628539 ], [ -3144854.861683266703039, 3336025.27611287496984 ], [ -3146115.138975159265101, 3335530.931353078223765 ], [ -3147221.072091770824045, 3335380.775963497813791 ], [ -3148469.317389808595181, 3335679.419940183870494 ], [ -3149675.305327475070953, 3336172.008528138045222 ], [ -3150065.899814395233989, 3336758.376943157520145 ], [ -3149707.039932133164257, 3337422.441993398591876 ], [ -3149544.664459880441427, 3338122.678923101164401 ], [ -3150045.971808491274714, 3338656.094881345517933 ], [ -3151007.654599789064378, 3338747.049741942435503 ], [ -3152108.30973862297833, 3338340.239756404887885 ], [ -3153385.134730356745422, 3337757.801091429777443 ], [ -3154703.055098129436374, 3337124.829586447682232 ], [ -3155521.575500952079892, 3336491.467685176525265 ], [ -3155117.152071190997958, 3335913.538237809203565 ], [ -3153538.055265037342906, 3335427.516772616188973 ], [ -3151887.919328996911645, 3334982.761781251057982 ], [ -3150681.935116180218756, 3334505.690542131196707 ], [ -3150510.478277181275189, 3334007.944343486335129 ], [ -3151478.443758526351303, 3333700.519000326283276 ], [ -3153112.001053660176694, 3333762.686282519716769 ], [ -3155135.399244348052889, 3333921.629827712662518 ], [ -3157501.482068839482963, 3333771.458011803682894 ], [ -3159644.709163950756192, 3333194.936689610593021 ], [ -3161484.785796171519905, 3332532.124210976995528 ], [ -3163193.279546717647463, 3332016.867385936435312 ], [ -3164948.667305778712034, 3331886.513658932410181 ], [ -3166326.829813996329904, 3332178.610833201557398 ], [ -3167059.686122144572437, 3332647.932961613405496 ], [ -3166961.286751759704202, 3333117.450847391039133 ], [ -3166027.042568890377879, 3333440.611320104915649 ], [ -3164608.658474286086857, 3333633.501696954946965 ], [ -3163033.342719385866076, 3333976.353047004435211 ], [ -3161811.532828803639859, 3334486.685079128015786 ], [ -3161172.69343615649268, 3334964.787933891639113 ], [ -3161390.797133017331362, 3335251.812176602892578 ], [ -3162465.048967746086419, 3335209.678469425532967 ], [ -3163918.899173567537218, 3334947.02943856222555 ], [ -3165584.392870875541121, 3334829.318352458067238 ], [ -3167498.5124766305089, 3335028.027605411596596 ], [ -3169678.288870042189956, 3335308.554829591885209 ], [ -3171942.412585878744721, 3335600.841243071947247 ], [ -3174466.710328253451735, 3336040.416174669750035 ], [ -3177145.500733913388103, 3336397.026787064503878 ], [ -3179323.713988594710827, 3336596.010974202305079 ], [ -3180627.832129141315818, 3336904.196728406939656 ], [ -3181014.01202459866181, 3337510.335857097990811 ], [ -3180933.719837869051844, 3338223.10912310751155 ], [ -3181158.96627912344411, 3338780.323997010011226 ], [ -3182027.560729122720659, 3338855.959642537869513 ], [ -3183200.283728449139744, 3338303.788357554934919 ], [ -3184194.396287421230227, 3337380.845022227615118 ], [ -3184791.940120147075504, 3336483.391967130359262 ], [ -3184791.821929769590497, 3335788.087551040109247 ], [ -3184075.436507827136666, 3335256.106048925314099 ], [ -3182832.727172242943197, 3334789.572419576812536 ], [ -3181495.856074144132435, 3334205.863149603363127 ], [ -3180344.626212320290506, 3333332.460708226077259 ], [ -3179764.453871458303183, 3332064.125099007040262 ], [ -3179871.62501670466736, 3330695.104817506391555 ], [ -3180557.397429711651057, 3329627.48779039690271 ], [ -3181484.440633018501103, 3328971.720364898443222 ], [ -3182583.221677949186414, 3328780.536438481416553 ], [ -3183977.190311753656715, 3328981.57676811190322 ], [ -3185867.97900772606954, 3329316.532998911105096 ], [ -3188323.81375444540754, 3329607.170372880529612 ], [ -3191265.240104080643505, 3329801.406391101423651 ], [ -3194080.195445009507239, 3329934.835076220799237 ], [ -3196594.860676248557866, 3330065.333893257193267 ], [ -3198950.019267034251243, 3330332.709046160802245 ], [ -3201283.087542926892638, 3330733.569984227884561 ], [ -3203437.730527686420828, 3331187.936124984640628 ], [ -3205351.274042781908065, 3331685.38472269801423 ], [ -3206774.169190486893058, 3332252.076185608282685 ], [ -3207465.379705319646746, 3332861.254695094656199 ], [ -3207314.543537833262235, 3333407.643090921919793 ], [ -3206562.53581818472594, 3333771.787790536880493 ], [ -3205874.409173550549895, 3334120.833581387996674 ], [ -3205927.784107658080757, 3334617.022699385415763 ], [ -3206931.318019445985556, 3335246.859604807570577 ], [ -3208519.78463061247021, 3335928.095880054868758 ], [ -3210245.983443857170641, 3336460.211012507788837 ], [ -3211904.424906366504729, 3336674.754630050621927 ], [ -3213138.663430711720139, 3336825.364140114281327 ], [ -3213626.431058464571834, 3337199.075951968319714 ], [ -3213718.984251017682254, 3337692.271366049535573 ], [ -3214278.813356472644955, 3338087.529880676418543 ], [ -3215742.18410760583356, 3338237.743476544506848 ], [ -3217729.735089377500117, 3338109.258343831636012 ], [ -3219562.793925431557, 3337731.383008412551135 ], [ -3220888.525697098113596, 3337205.886921228840947 ], [ -3221679.010509960353374, 3336625.792173363734037 ], [ -3222288.551875286269933, 3336055.303581315558404 ], [ -3223327.190158098936081, 3335619.333317588549107 ], [ -3225158.107582576572895, 3335400.235931686125696 ], [ -3227506.757854527793825, 3335200.176787958480418 ], [ -3229896.820912048686296, 3334791.790016015525907 ], [ -3232383.609261604957283, 3334211.146318880375475 ], [ -3235350.28809330239892, 3333656.491040302440524 ], [ -3238560.283411767333746, 3333206.740791234653443 ], [ -3241032.604327421169728, 3332754.558109875768423 ], [ -3242387.531704528722912, 3332184.814025161322206 ], [ -3242791.009381598327309, 3331459.005289154592901 ], [ -3242480.512597793713212, 3330632.721078199800104 ], [ -3241694.26286537759006, 3329794.827814074233174 ], [ -3240817.209237991366535, 3329043.091840712819248 ], [ -3240433.536712656263262, 3328427.650690642185509 ], [ -3240829.7665412328206, 3328057.050321060232818 ], [ -3241855.316952206194401, 3328116.515523779205978 ], [ -3243195.651905363891274, 3328726.366713081952184 ], [ -3244603.803818572312593, 3329875.215331115759909 ], [ -3245936.118387458380312, 3331340.052723241969943 ], [ -3247145.666915942449123, 3332710.667821922339499 ], [ -3248178.295192710589617, 3333828.923113658558577 ], [ -3249104.700062688440084, 3334742.879523787647486 ], [ -3249964.907908273395151, 3335585.939491600263864 ], [ -3250567.893152395728976, 3336412.84520815173164 ], [ -3250651.839687618426979, 3337101.113491943571717 ], [ -3250202.982288581784815, 3337459.624808199703693 ], [ -3249404.772987246979028, 3337530.083780813030899 ], [ -3248393.243232878856361, 3337616.953377189580351 ], [ -3247384.075404536910355, 3337924.814347754232585 ], [ -3246825.24630426755175, 3338409.390888843219727 ], [ -3247100.330347993411124, 3338936.249681283254176 ], [ -3248204.380501490551978, 3339364.26942396722734 ], [ -3249761.390803317539394, 3339575.007683808449656 ], [ -3251417.312417678534985, 3339452.238022643141448 ], [ -3252773.235297701321542, 3338950.138492443598807 ], [ -3253537.668744815513492, 3338215.164409570395947 ], [ -3253867.910110049881041, 3337493.184857715386897 ], [ -3254268.251346950884908, 3336985.885632729157805 ], [ -3255070.255542133934796, 3336819.722067306283861 ], [ -3256241.107545853126794, 3336980.584100459702313 ], [ -3257637.482440870720893, 3337188.657191408798099 ], [ -3259131.385585907381028, 3337068.406266155652702 ], [ -3260546.156303600408137, 3336498.855719030369073 ], [ -3261807.747294655069709, 3335693.578263206407428 ], [ -3262869.853944492526352, 3334949.168379853013903 ], [ -3263601.101431097835302, 3334318.676919099874794 ], [ -3263990.280621975194663, 3333753.457565168850124 ], [ -3264574.921147832181305, 3333482.982764853164554 ], [ -3267010.228308989666402, 3334633.457003588788211 ], [ -3275385.751176566816866, 3340859.30323699908331 ], [ -3299646.454665500670671, 3361501.098254493903369 ], [ -3358524.109827225096524, 3413849.917034877929837 ], [ -3471215.223057134542614, 3515416.707139319274575 ], [ -3631127.813328198622912, 3660139.335632145870477 ] ] } }
]
}
