{
"type": "FeatureCollection",
"name": "ligeia_longest_coastline",
"features": [
{ "type": "Feature", "properties": { "OBJECTID": 161, "LEFT_FID": -1, "RIGHT_FID": 0, "InLine_FID": 965, "MaxSimpTol": 100.0, "MinSimpTol": 100.0, "Shape_Length": 6708516.3333256701 }, "geometry": { "type": "LineString", "coordinates": [ [ -3630840.485999999567866, 3659280.489799999631941 ], [ -3631012.530500000342727, 3660512.889999999664724 ], [ -3632072.886199999600649, 3660856.978900000452995 ], [ -3632416.97510000038892, 3661482.341099999845028 ], [ -3629473.19469999987632, 3662199.979100000113249 ], [ -3626096.974299999885261, 3662612.534699999727309 ], [ -3625752.8854, 3662991.184000000357628 ], [ -3626455.107699999585748, 3663665.868200000375509 ], [ -3626799.196600000374019, 3664280.178000000305474 ], [ -3623935.368800000287592, 3665070.312800000421703 ], [ -3621514.982300000265241, 3663823.447100000455976 ], [ -3621553.999699999578297, 3661911.594100000336766 ], [ -3617660.542500000447035, 3661566.223500000312924 ], [ -3616632.591900000348687, 3666831.848000000230968 ], [ -3613787.567900000140071, 3667176.979799999855459 ], [ -3612858.99280000012368, 3666210.503700000233948 ], [ -3608485.119300000369549, 3665735.293499999679625 ], [ -3607674.171799999661744, 3664891.246100000105798 ], [ -3605030.3048, 3664375.112700000405312 ], [ -3604686.215900000184774, 3663832.802400000393391 ], [ -3607131.424100000411272, 3662646.513299999758601 ], [ -3607488.082899999804795, 3661881.650299999862909 ], [ -3604234.160299999639392, 3661948.056900000199676 ], [ -3602930.6601, 3662619.557 ], [ -3600895.075199999846518, 3663115.794099999591708 ], [ -3596954.748200000263751, 3663665.868200000375509 ], [ -3594503.9923, 3664024.0016 ], [ -3591688.080799999646842, 3664368.0905 ], [ -3590056.527599999681115, 3664786.227300000376999 ], [ -3589585.621600000187755, 3667198.418999999761581 ], [ -3588341.991499999538064, 3667173.03870000038296 ], [ -3587832.880300000309944, 3666123.646300000138581 ], [ -3583649.1864, 3665714.4627 ], [ -3579221.0433, 3665804.832899999804795 ], [ -3576295.2813, 3665377.286100000143051 ], [ -3572707.032100000418723, 3665450.515599999576807 ], [ -3572750.291400000452995, 3667570.224299999885261 ], [ -3573466.388299999758601, 3668258.238900000229478 ], [ -3577636.7165, 3668173.130199999548495 ], [ -3577994.7456, 3669641.7801 ], [ -3580108.4348, 3669985.869099999777973 ], [ -3580452.523699999786913, 3670528.179399999789894 ], [ -3579286.08530000038445, 3671094.075199999846518 ], [ -3576505.566200000233948, 3671037.329900000244379 ], [ -3573086.2116, 3670336.980200000107288 ], [ -3568330.69440000038594, 3669673.104600000195205 ], [ -3565375.6935, 3670430.416400000452995 ], [ -3558694.095700000412762, 3670294.057199999690056 ], [ -3558339.542999999597669, 3671748.447100000455976 ], [ -3557086.716, 3672356.254200000315905 ], [ -3552319.2259, 3671379.780399999581277 ], [ -3550952.56940000038594, 3669957.342000000178814 ], [ -3545090.86699999962002, 3670076.968500000424683 ], [ -3544646.2078, 3671226.578599999658763 ], [ -3548859.5417, 3671741.424800000153482 ], [ -3549554.7418, 3672099.558199999853969 ], [ -3550615.097500000149012, 3672443.647199999541044 ], [ -3550959.186499999836087, 3672985.957499999552965 ], [ -3549778.574500000104308, 3673558.729600000195205 ], [ -3546544.987700000405312, 3673492.737999999895692 ], [ -3544997.31900000013411, 3672443.647199999541044 ], [ -3543234.74100000038743, 3672099.558199999853969 ], [ -3541859.3268, 3671628.778900000266731 ], [ -3532074.425900000147521, 3672397.700199999846518 ], [ -3531655.09499999973923, 3670736.1266 ], [ -3534463.984199999831617, 3670344.002399999648333 ], [ -3537174.390100000426173, 3669881.6924 ], [ -3537616.96239999961108, 3668803.55599999986589 ], [ -3529492.250199999660254, 3668969.366399999707937 ], [ -3528846.205699999816716, 3669641.7801 ], [ -3528488.072300000116229, 3669985.869099999777973 ], [ -3528143.98340000025928, 3670344.002399999648333 ], [ -3526732.5165, 3670688.091400000266731 ], [ -3525955.528199999593198, 3671088.358099999837577 ], [ -3524983.983, 3672099.558199999853969 ], [ -3523221.40500000026077, 3672794.75829999987036 ], [ -3522877.315999999642372, 3673420.120500000193715 ], [ -3524632.871799999848008, 3673848.091799999587238 ], [ -3524976.960799999535084, 3674628.99170000012964 ], [ -3520064.915699999779463, 3674528.745900000445545 ], [ -3516729.3596, 3674596.818400000222027 ], [ -3505020.050499999895692, 3674357.852900000289083 ], [ -3504619.535799999721348, 3673281.585799999535084 ], [ -3506740.561599999666214, 3672445.006 ], [ -3506718.598799999803305, 3671368.829 ], [ -3501350.962899999693036, 3671478.372499999590218 ], [ -3496192.867999999783933, 3671039.202499999664724 ], [ -3491972.511900000274181, 3670695.113599999807775 ], [ -3490872.0811, 3669949.184000000357628 ], [ -3489514.733799999579787, 3669290.668999999761581 ], [ -3488201.578099999576807, 3668614.194799999706447 ], [ -3483179.89049999974668, 3668236.218299999833107 ], [ -3482452.132799999788404, 3667478.756199999712408 ], [ -3478588.154500000178814, 3667557.6129 ], [ -3477935.087799999862909, 3668237.3355 ], [ -3477576.954400000162423, 3668581.4244 ], [ -3477232.865500000305474, 3669253.284599999897182 ], [ -3480743.977099999785423, 3669634.75789999961853 ], [ -3481088.065999999642372, 3669992.89130000025034 ], [ -3482148.421699999831617, 3670336.980200000107288 ], [ -3482492.510599999688566, 3671013.024799999780953 ], [ -3478582.233799999579787, 3671390.313699999824166 ], [ -3477232.865500000305474, 3669985.869099999777973 ], [ -3472961.026200000196695, 3669463.873700000345707 ], [ -3469859.5312, 3669992.89130000025034 ], [ -3467745.842000000178814, 3670336.980200000107288 ], [ -3465646.197300000116229, 3670695.113599999807775 ], [ -3463502.3125, 3671044.11809999961406 ], [ -3462135.085699999704957, 3671748.447100000455976 ], [ -3461074.730000000447035, 3672092.536000000312924 ], [ -3460730.640999999828637, 3672737.370199999772012 ], [ -3462912.9002, 3673145.8695 ], [ -3467939.965400000102818, 3672116.229600000195205 ], [ -3472963.460799999535084, 3672973.08 ], [ -3473363.620500000193715, 3674206.225200000219047 ], [ -3473721.753899999894202, 3674550.3141 ], [ -3474065.842799999751151, 3675245.519999999552965 ], [ -3458355.347799999639392, 3675886.4978 ], [ -3457921.751799999736249, 3674550.3141 ], [ -3456185.354600000195205, 3674127.013299999758601 ], [ -3449450.902499999850988, 3674264.451100000180304 ], [ -3449509.486700000241399, 3671393.824799999594688 ], [ -3448083.61710000038147, 3671046.2248 ], [ -3447739.528199999593198, 3670667.575500000268221 ], [ -3448739.847, 3669706.484899999573827 ], [ -3455112.862499999813735, 3669290.668999999761581 ], [ -3455456.951399999670684, 3668629.459599999710917 ], [ -3452648.062199999578297, 3668237.3355 ], [ -3452158.320000000298023, 3667727.603900000452995 ], [ -3441588.004300000146031, 3668928.241100000217557 ], [ -3441068.416199999861419, 3667922.2357 ], [ -3445957.35080000013113, 3666543.305499999783933 ], [ -3446328.061300000175834, 3665686.5488 ], [ -3441288.91399999987334, 3665789.388500000350177 ], [ -3437702.705900000408292, 3666523.912999999709427 ], [ -3433171.1733, 3668074.974499999545515 ], [ -3426665.836500000208616, 3668932.5356 ], [ -3426321.747499999590218, 3669641.7801 ], [ -3425963.614199999719858, 3670336.980200000107288 ], [ -3425619.5252, 3671748.447100000455976 ], [ -3416905.29079999960959, 3672317.019000000320375 ], [ -3416484.142900000326335, 3671019.19579999987036 ], [ -3415781.390599999576807, 3670344.002399999648333 ], [ -3415437.301599999889731, 3669965.3531 ], [ -3416468.257000000216067, 3668974.827399999834597 ], [ -3416834.724100000225008, 3668397.247499999590218 ], [ -3415781.390599999576807, 3667886.224299999885261 ], [ -3415086.190499999560416, 3667528.090900000184774 ], [ -3412587.105200000107288, 3667184.002000000327826 ], [ -3411223.9677, 3667886.224299999885261 ], [ -3409935.502600000239909, 3668304.3355 ], [ -3405899.8059, 3668221.974399999715388 ], [ -3403878.082399999722838, 3667180.480499999597669 ], [ -3401152.6074, 3666832.8909 ], [ -3400690.63300000037998, 3668181.321000000461936 ], [ -3404089.538099999539554, 3668734.631099999882281 ], [ -3404545.833499999716878, 3669539.423100000247359 ], [ -3401930.076999999582767, 3670388.244699999690056 ], [ -3402170.669800000265241, 3671390.313699999824166 ], [ -3405633.451999999582767, 3670681.0691 ], [ -3406301.3893, 3669985.869099999777973 ], [ -3410543.24199999962002, 3669641.7801 ], [ -3410500.296799999661744, 3671746.098600000143051 ], [ -3412628.412399999797344, 3672092.536000000312924 ], [ -3412972.501299999654293, 3672685.9753 ], [ -3411155.122399999760091, 3673496.980600000359118 ], [ -3408415.078499999828637, 3672794.75829999987036 ], [ -3406777.718500000424683, 3672450.6694 ], [ -3402095.077600000426173, 3673504.002899999730289 ], [ -3393310.276499999687076, 3673848.091799999587238 ], [ -3392966.1875, 3674557.33629999961704 ], [ -3392256.943, 3674901.425300000235438 ], [ -3391912.854000000283122, 3675259.558600000105798 ], [ -3389799.164900000207126, 3675603.647599999792874 ], [ -3389455.075899999588728, 3675961.781000000424683 ], [ -3385773.293800000101328, 3676859.329900000244379 ], [ -3378353.179700000211596, 3676227.567200000397861 ], [ -3373655.073800000362098, 3676664.0033 ], [ -3368360.868300000205636, 3677008.092199999839067 ], [ -3367611.775600000284612, 3676228.4243 ], [ -3363398.0483, 3676314.418700000271201 ], [ -3360609.1601, 3677029.158900000154972 ], [ -3358939.6064, 3678766.857599999755621 ], [ -3353342.3745, 3679450.808600000105798 ], [ -3351886.182, 3679824.003700000233948 ], [ -3349225.687300000339746, 3680257.1075 ], [ -3343176.869699999690056, 3680133.662200000137091 ], [ -3342750.30449999962002, 3678383.873999999836087 ], [ -3340831.0115, 3678423.043200000189245 ], [ -3340299.513799999840558, 3679389.010200000368059 ], [ -3342055.0696, 3679816.981499999761581 ], [ -3342399.1585, 3680359.291799999773502 ], [ -3340724.0777000002563, 3681171.954800000414252 ], [ -3335223.949799999594688, 3681572.5373 ], [ -3334681.735299999825656, 3680630.8618 ], [ -3336100.559100000187755, 3680170.448800000362098 ], [ -3336064.57010000012815, 3678406.991499999538064 ], [ -3339919.752500000409782, 3677654.386199999600649 ], [ -3341928.411100000143051, 3676130.228199999779463 ], [ -3342399.1585, 3674199.20299999974668 ], [ -3347418.4858, 3673821.4041 ], [ -3351832.029900000430644, 3673911.47649999987334 ], [ -3352230.270999999716878, 3673496.980600000359118 ], [ -3357083.359299999661744, 3673152.891699999570847 ], [ -3357496.938299999572337, 3675200.779 ], [ -3353634.715599999763072, 3675954.75870000012219 ], [ -3353290.6267, 3676637.106999999843538 ], [ -3358036.706199999898672, 3677008.092199999839067 ], [ -3358550.271800000220537, 3674901.425300000235438 ], [ -3368739.5176, 3674557.33629999961704 ], [ -3371777.924200000241399, 3674039.079699999652803 ], [ -3382457.5033, 3674257.030299999751151 ], [ -3387341.386800000444055, 3673496.980600000359118 ], [ -3389806.18709999974817, 3673152.891699999570847 ], [ -3390150.275999999605119, 3672443.647199999541044 ], [ -3390508.409400000236928, 3672099.558199999853969 ], [ -3390852.4984, 3671410.69539999961853 ], [ -3384699.431699999608099, 3671046.2248 ], [ -3384188.408599999733269, 3672099.558199999853969 ], [ -3383309.364900000393391, 3672526.025000000372529 ], [ -3378575.6195, 3672429.417899999767542 ], [ -3370495.073400000110269, 3671741.424800000153482 ], [ -3366386.375300000421703, 3671397.335900000296533 ], [ -3365930.6283, 3672801.780500000342727 ], [ -3364035.259200000204146, 3673496.980600000359118 ], [ -3363472.850200000219047, 3672610.581399999558926 ], [ -3364526.1837, 3672099.558199999853969 ], [ -3364870.272699999623001, 3671150.860500000417233 ], [ -3363465.82799999974668, 3670695.113599999807775 ], [ -3363121.739099999889731, 3670033.904299999587238 ], [ -3365930.6283, 3669641.7801 ], [ -3366274.717299999669194, 3669016.417999999597669 ], [ -3363813.428100000135601, 3668416.402200000360608 ], [ -3361717.294499999843538, 3667879.202100000344217 ], [ -3358768.591799999587238, 3667535.113199999555945 ], [ -3358206.182900000363588, 3668421.512400000356138 ], [ -3359561.472799999639392, 3669079.029299999587238 ], [ -3359954.716400000266731, 3670715.994199999608099 ], [ -3355852.4232, 3672047.201999999582767 ], [ -3344430.233300000429153, 3672443.647199999541044 ], [ -3341001.736100000329316, 3671741.424800000153482 ], [ -3334192.933500000275671, 3671397.335900000296533 ], [ -3325957.974399999715388, 3672332.70990000013262 ], [ -3325552.845200000330806, 3673069.0093 ], [ -3327308.400999999605119, 3673496.980600000359118 ], [ -3327652.489900000393391, 3674249.218399999663234 ], [ -3323963.231300000101328, 3674173.927400000393391 ], [ -3319991.9463, 3674754.258399999700487 ], [ -3319583.955500000156462, 3673496.980600000359118 ], [ -3317119.1551, 3673152.891699999570847 ], [ -3316423.9551, 3672794.75829999987036 ], [ -3311852.487800000235438, 3672099.558199999853969 ], [ -3310143.778900000266731, 3671661.647900000214577 ], [ -3302814.886599999852479, 3671811.2171 ], [ -3302282.271499999798834, 3673452.541000000201166 ], [ -3297632.180100000463426, 3673848.091799999587238 ], [ -3297112.841400000266731, 3672828.4117 ], [ -3300975.0641, 3672450.6694 ], [ -3301319.153, 3671797.439299999736249 ], [ -3298012.6349, 3671259.1689 ], [ -3297463.952499999664724, 3670688.091400000266731 ], [ -3295976.893500000238419, 3670344.002399999648333 ], [ -3292548.396300000138581, 3671046.2248 ], [ -3288658.6354, 3671390.313699999824166 ], [ -3287896.0384, 3670596.590300000272691 ], [ -3280046.005599999800324, 3670756.795 ], [ -3279557.2835, 3671711.062699999660254 ], [ -3283068.394999999552965, 3672092.536000000312924 ], [ -3283486.8925, 3672528.115000000223517 ], [ -3288858.218000000342727, 3672418.496100000105798 ], [ -3293794.192599999718368, 3672519.2303 ], [ -3294296.92989999987185, 3673392.3449 ], [ -3292892.4852, 3673848.091799999587238 ], [ -3292548.396300000138581, 3674390.402099999599159 ], [ -3293601.729799999855459, 3674901.425300000235438 ], [ -3293945.818699999712408, 3675961.781000000424683 ], [ -3298166.174800000153482, 3676305.869900000281632 ], [ -3298550.856300000101328, 3677491.316700000315905 ], [ -3301991.0132, 3678061.425699999555945 ], [ -3302372.486499999649823, 3674550.3141 ], [ -3307295.064899999648333, 3674206.225200000219047 ], [ -3308341.376199999824166, 3673848.091799999587238 ], [ -3312111.090699999593198, 3673387.4534 ], [ -3312554.710099999792874, 3673875.6299 ], [ -3311852.487800000235438, 3674550.3141 ], [ -3311449.1299, 3676616.494099999777973 ], [ -3308772.879700000397861, 3677052.162700000219047 ], [ -3307457.08669999986887, 3679059.079400000162423 ], [ -3303877.806099999696016, 3679496.447800000198185 ], [ -3299461.889999999664724, 3679406.327100000344217 ], [ -3294651.5521, 3680391.576999999582767 ], [ -3291686.4644, 3679784.269899999722838 ], [ -3285830.437400000169873, 3679903.780600000172853 ], [ -3283110.2363, 3679206.643699999898672 ], [ -3282717.283900000154972, 3678524.194799999706447 ], [ -3284121.728500000201166, 3678068.4479 ], [ -3284611.911100000143051, 3677058.071600000374019 ], [ -3286228.395499999634922, 3676664.0033 ], [ -3286441.815999999642372, 3675610.669800000265241 ], [ -3278683.016699999570847, 3676491.958800000138581 ], [ -3273932.482699999585748, 3677008.092199999839067 ], [ -3273588.393799999728799, 3677727.782700000330806 ], [ -3276570.54590000025928, 3678454.775100000202656 ], [ -3277092.483099999837577, 3679361.23450000025332 ], [ -3275688.038499999791384, 3679816.981499999761581 ], [ -3275343.9496, 3680526.225999999791384 ], [ -3273748.305800000205636, 3680870.315000000409782 ], [ -3273237.282599999569356, 3679816.981499999761581 ], [ -3267612.4819, 3679472.8925 ], [ -3267268.392900000326335, 3678412.536799999885261 ], [ -3265538.438699999824166, 3677851.161000000312924 ], [ -3265161.725999999791384, 3676305.869900000281632 ], [ -3263999.619699999690056, 3675189.336400000378489 ], [ -3262415.435600000433624, 3674420.7719 ], [ -3261915.703300000168383, 3672880.780600000172853 ], [ -3257079.147099999710917, 3672450.6694 ], [ -3256735.058199999853969, 3671945.6848 ], [ -3259095.614500000141561, 3670544.398400000296533 ], [ -3259638.596900000236928, 3669425.1897 ], [ -3264310.355999999679625, 3668917.615000000223517 ], [ -3264803.5926, 3667829.043399999849498 ], [ -3261196.411000000312924, 3667902.659300000406802 ], [ -3259192.83629999961704, 3668588.446600000374019 ], [ -3257781.369400000199676, 3668932.5356 ], [ -3257086.169300000183284, 3669290.668999999761581 ], [ -3255991.528699999675155, 3669634.75789999961853 ], [ -3253981.977099999785423, 3668599.534400000236928 ], [ -3251818.709699999541044, 3667897.546900000423193 ], [ -3251468.390800000168383, 3667260.862200000323355 ], [ -3253223.946600000374019, 3666832.8909 ], [ -3253568.035500000230968, 3665385.596300000324845 ], [ -3250036.023900000378489, 3665457.6782 ], [ -3250078.375099999830127, 3667532.885499999858439 ], [ -3247835.240199999883771, 3667879.202100000344217 ], [ -3246903.9457, 3667333.485000000335276 ], [ -3247957.279199999757111, 3665779.557400000281632 ], [ -3248301.368200000375509, 3664698.6858 ], [ -3247540.868800000287592, 3663968.009999999776483 ], [ -3242142.5367, 3664078.179999999701977 ], [ -3241637.278400000184774, 3662807.616499999538064 ], [ -3246009.459800000302494, 3662197.254999999888241 ], [ -3247540.4063, 3661408.58559999987483 ], [ -3247950.257000000216067, 3660202.791799999773502 ], [ -3245141.367700000293553, 3659810.667700000107288 ], [ -3244797.278800000436604, 3658750.312 ], [ -3243378.78969999961555, 3658062.134100000374019 ], [ -3241854.3267, 3657276.804700000211596 ], [ -3232538.371299999766052, 3657466.926199999637902 ], [ -3232157.277099999599159, 3656292.533900000154972 ], [ -3230168.80599999986589, 3655948.445000000298023 ], [ -3224075.042000000365078, 3657319.202600000426173 ], [ -3220212.475499999709427, 3657696.978500000201166 ], [ -3219517.275399999693036, 3658055.1119 ], [ -3215494.051900000311434, 3658546.727699999697506 ], [ -3213548.385700000450015, 3658048.089700000360608 ], [ -3207310.513299999758601, 3657666.497000000439584 ], [ -3203868.1075, 3657736.750199999660254 ], [ -3203366.162100000306964, 3658726.7347 ], [ -3208546.807300000451505, 3659187.44539999961853 ], [ -3208976.918399999849498, 3660512.889999999664724 ], [ -3211792.829900000244379, 3660856.978900000452995 ], [ -3212136.9189, 3661399.289200000464916 ], [ -3211083.585400000214577, 3661910.312400000169873 ], [ -3210739.496500000357628, 3662676.881199999712408 ], [ -3217952.008899999782443, 3662529.68709999974817 ], [ -3218862.556400000117719, 3662998.757000000216067 ], [ -3219510.253200000151992, 3663672.8904 ], [ -3225149.510300000198185, 3664017.863699999637902 ], [ -3225124.472799999639392, 3665244.7012 ], [ -3218456.919700000435114, 3666123.646300000138581 ], [ -3218112.830799999646842, 3666813.146200000308454 ], [ -3224453.347500000149012, 3667176.979799999855459 ], [ -3225128.031700000166893, 3666474.757500000298023 ], [ -3225786.215099999681115, 3666130.668499999679625 ], [ -3226181.365199999883771, 3668793.491600000299513 ], [ -3222670.253600000403821, 3669283.64670000039041 ], [ -3221975.05350000038743, 3669641.7801 ], [ -3219344.171, 3670495.510200000368059 ], [ -3218525.596699999645352, 3671347.495699999853969 ], [ -3212488.03000000026077, 3671741.424800000153482 ], [ -3212143.941100000403821, 3673152.891699999570847 ], [ -3210732.4742, 3673496.980600000359118 ], [ -3208983.940700000151992, 3674206.225200000219047 ], [ -3207889.299999999813735, 3674550.3141 ], [ -3206526.16260000038892, 3673848.091799999587238 ], [ -3205019.002999999560416, 3673480.674800000153482 ], [ -3203015.051, 3672794.75829999987036 ], [ -3200184.701100000180304, 3672448.9051 ], [ -3200206.472199999727309, 3671382.121100000105798 ], [ -3208632.8295, 3670695.113599999807775 ], [ -3209679.140800000168383, 3669985.869099999777973 ], [ -3217375.223000000230968, 3669609.137799999676645 ], [ -3217527.645499999634922, 3668237.3355 ], [ -3204646.987499999813735, 3669059.505099999718368 ], [ -3202312.828700000420213, 3668581.4244 ], [ -3196420.799100000411272, 3668237.3355 ], [ -3195982.364, 3670035.8142 ], [ -3193513.983, 3669985.4391 ], [ -3192832.827399999834597, 3668581.4244 ], [ -3190719.1382, 3668237.3355 ], [ -3190375.0493, 3667541.050499999895692 ], [ -3199855.050599999725819, 3667184.002000000327826 ], [ -3200199.139499999582767, 3666327.9063 ], [ -3197390.250199999660254, 3665779.557400000281632 ], [ -3196766.280500000342727, 3663220.008100000210106 ], [ -3189672.916600000113249, 3663364.770600000396371 ], [ -3189321.715800000354648, 3661241.74349999986589 ], [ -3193667.651600000448525, 3660816.6919 ], [ -3204013.086400000378489, 3661027.823200000450015 ], [ -3204412.473399999551475, 3659844.628100000321865 ], [ -3194567.05350000038743, 3659458.996100000105798 ], [ -3193746.027900000102818, 3658604.459300000220537 ], [ -3191779.493900000117719, 3659108.44539999961853 ], [ -3190016.915900000371039, 3659452.534300000406802 ], [ -3189672.826999999582767, 3659810.667700000107288 ], [ -3189314.693599999882281, 3660154.7566 ], [ -3188970.6047, 3661566.223500000312924 ], [ -3187670.795800000429153, 3661910.312400000169873 ], [ -3187208.072800000198185, 3660484.370199999772012 ], [ -3182952.559399999678135, 3660571.21750000026077 ], [ -3182299.492700000293553, 3661917.334599999710917 ], [ -3180378.1672, 3662540.811099999584258 ], [ -3176681.714100000448525, 3661910.312400000169873 ], [ -3173163.580299999564886, 3661566.223500000312924 ], [ -3172819.491399999707937, 3660651.934000000357628 ], [ -3176330.603000000119209, 3660161.778800000436604 ], [ -3179704.966, 3659470.644299999810755 ], [ -3182313.925900000147521, 3659106.430499999783933 ], [ -3182287.770100000314415, 3657824.7977 ], [ -3179738.446600000374019, 3657352.889600000344217 ], [ -3175628.380599999800324, 3658406.2231 ], [ -3169017.8427, 3659175.2516 ], [ -3168606.15749999973923, 3660864.001199999824166 ], [ -3165874.128399999812245, 3661208.090099999681115 ], [ -3165431.735299999825656, 3659393.375799999572337 ], [ -3156667.5345, 3660139.576500000432134 ], [ -3156317.267, 3661000.146300000138581 ], [ -3164738.488099999725819, 3660828.284699999727309 ], [ -3165088.023699999786913, 3662669.715699999593198 ], [ -3160702.6453, 3662580.2182 ], [ -3156582.261599999852479, 3662664.3076 ], [ -3155966.155799999833107, 3663342.295199999585748 ], [ -3157070.3646, 3664403.20160000026226 ], [ -3159126.1562, 3665070.312800000421703 ], [ -3159470.245199999772012, 3665779.557400000281632 ], [ -3160012.555499999783933, 3666123.646300000138581 ], [ -3160679.283699999563396, 3664749.369800000451505 ], [ -3165095.04590000025928, 3663672.8904 ], [ -3167583.329199999570847, 3663035.1897 ], [ -3176323.580699999816716, 3663672.8904 ], [ -3182650.603799999691546, 3664016.979399999603629 ], [ -3182994.692699999548495, 3664945.056300000287592 ], [ -3177962.237200000323355, 3665421.423999999649823 ], [ -3172080.682300000451505, 3664669.646300000138581 ], [ -3168782.556599999777973, 3664736.955 ], [ -3168255.046299999579787, 3665695.674999999813735 ], [ -3171848.295800000429153, 3666571.64130000025034 ], [ -3189606.139700000174344, 3665783.434100000187755 ], [ -3190016.915900000371039, 3667879.052799999713898 ], [ -3173163.580299999564886, 3668230.313299999572337 ], [ -3167663.691700000315905, 3668662.50789999961853 ], [ -3163335.979000000283122, 3668574.187199999578297 ], [ -3161380.289900000207126, 3668614.099299999885261 ], [ -3160881.712000000290573, 3669641.7801 ], [ -3160172.46750000026077, 3669985.869099999777973 ], [ -3159828.378499999642372, 3670627.940899999812245 ], [ -3161935.0455, 3671039.202499999664724 ], [ -3162981.356700000353158, 3671748.447100000455976 ], [ -3164224.6974, 3672351.651999999769032 ], [ -3168088.112099999561906, 3672794.75829999987036 ], [ -3168750.564399999566376, 3671429.295400000177324 ], [ -3171059.045099999755621, 3670978.635900000110269 ], [ -3180945.571999999694526, 3670234.488699999637902 ], [ -3188234.815600000321865, 3670979.481499999761581 ], [ -3188612.471300000324845, 3671651.396300000138581 ], [ -3185803.582000000402331, 3672443.647199999541044 ], [ -3184757.2708, 3672801.780500000342727 ], [ -3182620.4304, 3673322.7018 ], [ -3174568.02489999961108, 3673848.091799999587238 ], [ -3169719.610399999655783, 3674229.092000000178814 ], [ -3162033.356599999591708, 3674072.2297 ], [ -3161489.309899999760091, 3672950.827200000174344 ], [ -3158416.9117, 3672450.6694 ], [ -3158072.822700000368059, 3671720.908900000154972 ], [ -3158775.045099999755621, 3671046.2248 ], [ -3159119.13399999961257, 3670395.309500000439584 ], [ -3156745.238300000317395, 3669992.89130000025034 ], [ -3156317.267, 3671748.447100000455976 ], [ -3154666.346900000236928, 3672092.536000000312924 ], [ -3154105.643199999816716, 3670364.652900000102818 ], [ -3136648.019899999722838, 3669992.89130000025034 ], [ -3132733.678600000217557, 3669592.828300000168383 ], [ -3128582.872100000269711, 3669677.53870000038296 ], [ -3124170.0801, 3671586.7982 ], [ -3113490.133399999700487, 3672747.147199999541044 ], [ -3113130.594499999657273, 3673855.114 ], [ -3109013.777099999599159, 3674525.293600000441074 ], [ -3108566.149400000460446, 3673145.8695 ], [ -3107589.676099999807775, 3672801.780500000342727 ], [ -3107161.704800000414252, 3674557.33629999961704 ], [ -3103905.320899999700487, 3674901.425300000235438 ], [ -3099788.370500000193715, 3674199.20299999974668 ], [ -3090563.096900000236928, 3673855.114 ], [ -3086446.146499999798834, 3674557.33629999961704 ], [ -3084332.457299999892712, 3674901.425300000235438 ], [ -3083245.114199999719858, 3675273.6031 ], [ -3082583.923700000159442, 3675961.781000000424683 ], [ -3081249.146300000138581, 3676609.346300000324845 ], [ -3078179.390700000338256, 3677008.092199999839067 ], [ -3077668.367499999701977, 3675954.75870000012219 ], [ -3073276.145399999804795, 3675564.161899999715388 ], [ -3069126.2719, 3675648.8531 ], [ -3067837.255099999718368, 3676312.892099999822676 ], [ -3066873.170099999755621, 3676780.616499999538064 ], [ -3060460.409699999727309, 3676649.743900000117719 ], [ -3056376.9869, 3676733.079 ], [ -3055774.74349999986589, 3677974.43790000025183 ], [ -3052480.954599999822676, 3678510.636099999770522 ], [ -3047139.305100000463426, 3677903.900899999774992 ], [ -3040640.93680000025779, 3678853.519100000150502 ], [ -3034504.275399999693036, 3678728.2812 ], [ -3030268.361200000159442, 3679121.78139999974519 ], [ -3023684.020600000396371, 3679582.027700000442564 ], [ -3020788.359899999573827, 3680175.114900000393391 ], [ -3012526.7802, 3680526.824199999682605 ], [ -3001990.534, 3681423.9002 ], [ -2999019.468100000172853, 3681930.670699999667704 ], [ -2994632.05350000038743, 3682407.352099999785423 ], [ -2979608.6442, 3682100.751899999566376 ], [ -2966975.255599999800324, 3682817.4402 ], [ -2948434.152099999599159, 3682439.0504 ], [ -2948479.978799999691546, 3684684.559000000357628 ], [ -2941437.238199999555945, 3684030.315399999730289 ], [ -2934669.742700000293553, 3683686.2264 ], [ -2929110.28830000013113, 3684634.494599999859929 ], [ -2921767.991100000217557, 3685083.648900000378489 ], [ -2920019.457499999552965, 3686144.004599999636412 ], [ -2912639.100999999791384, 3686488.093500000424683 ], [ -2904705.7001, 3687066.925300000235438 ], [ -2901410.566200000233948, 3687548.449199999682605 ], [ -2894585.29590000025928, 3688382.459800000302494 ], [ -2894037.231800000183284, 3688952.893799999728799 ], [ -2887703.186499999836087, 3689641.071700000204146 ], [ -2882778.477800000458956, 3690649.747000000439584 ], [ -2875070.207100000232458, 3691403.6497 ], [ -2873672.784699999727309, 3691761.783099999651313 ], [ -2871166.710900000296533, 3692372.7165 ], [ -2868047.983900000341237, 3692808.0943 ], [ -2860834.154400000348687, 3694171.408800000324845 ], [ -2855468.0493, 3695270.490600000135601 ], [ -2847822.915699999779463, 3695616.9836 ], [ -2847339.447800000198185, 3694423.432199999690056 ], [ -2855980.188, 3693773.053899999707937 ], [ -2856461.315700000151992, 3692875.267099999822676 ], [ -2854354.648699999786913, 3692464.005400000140071 ], [ -2854010.5598, 3691796.806599999777973 ], [ -2857170.560200000181794, 3691410.671900000423193 ], [ -2858716.262199999764562, 3691014.5373 ], [ -2869459.450799999758601, 3690357.338399999774992 ], [ -2870856.873200000263751, 3689999.2051 ], [ -2872268.339999999850988, 3689655.116100000217557 ], [ -2872937.7494, 3688958.383899999782443 ], [ -2873672.784699999727309, 3688601.782700000330806 ], [ -2874016.873599999584258, 3688243.649299999698997 ], [ -2875779.45160000026226, 3687899.5603 ], [ -2882060.807900000363588, 3686613.0175 ], [ -2888770.564500000327826, 3686144.004599999636412 ], [ -2889114.653400000184774, 3685785.8712 ], [ -2897970.238599999807775, 3685119.321700000204146 ], [ -2901754.6551, 3684732.537700000219047 ], [ -2909138.522699999623001, 3684216.404299999587238 ], [ -2913919.166400000452995, 3683605.344600000418723 ], [ -2929148.3476, 3682984.004099999554455 ], [ -2931247.99239999987185, 3682625.870699999853969 ], [ -2944205.683899999596179, 3682137.840900000184774 ], [ -2944617.944299999624491, 3680026.057900000363588 ], [ -2953195.950899999588728, 3680610.141099999658763 ], [ -2960337.355100000277162, 3680123.877299999818206 ], [ -2966011.508100000210106, 3680239.676300000399351 ], [ -2970263.464300000108778, 3680152.901700000278652 ], [ -2970923.5532, 3679465.870299999602139 ], [ -2982793.633100000210106, 3679000.935100000351667 ], [ -2983257.14159999974072, 3677572.572200000286102 ], [ -2985263.347500000149012, 3676921.551799999549985 ], [ -2985670.221900000236928, 3675252.536399999633431 ], [ -2988670.3103, 3674908.447499999776483 ], [ -2989191.729100000113249, 3675983.208700000308454 ], [ -2990940.400399999693036, 3675947.521599999628961 ], [ -2993559.345300000160933, 3676000.969399999827147 ], [ -2994096.889700000174344, 3676848.180200000293553 ], [ -2993043.556200000457466, 3677359.2034 ], [ -2992699.467299999669194, 3678044.628600000403821 ], [ -2998014.188699999824166, 3678412.536799999885261 ], [ -3000065.779400000348687, 3677710.314500000327826 ], [ -3007402.2604, 3677112.165500000119209 ], [ -3010950.2253, 3677717.336799999698997 ], [ -3013919.1223, 3678061.425699999555945 ], [ -3014461.336799999698997, 3677119.750199999660254 ], [ -3013056.892199999652803, 3676664.0033 ], [ -3012712.803299999795854, 3676305.869900000281632 ], [ -3002247.387799999676645, 3675860.339599999599159 ], [ -3001828.3574, 3674464.3277000002563 ], [ -3007780.8536, 3674585.807199999690056 ], [ -3008141.33600000012666, 3673959.749800000339746 ], [ -3006736.8914, 3673504.002899999730289 ], [ -3006392.802400000393391, 3672536.694799999706447 ], [ -3011308.3586, 3672099.558199999853969 ], [ -3011652.447599999606609, 3671446.328200000338256 ], [ -3009194.669499999843538, 3671046.2248 ], [ -3008850.580500000156462, 3670667.575500000268221 ], [ -3009552.802899999544024, 3669992.89130000025034 ], [ -3009896.891800000332296, 3669614.24199999962002 ], [ -3009194.669499999843538, 3668939.557799999602139 ], [ -3008834.364699999801815, 3667829.230999999679625 ], [ -3005511.513399999588728, 3667897.044300000183284 ], [ -3004008.7577, 3667866.375799999572337 ], [ -3003583.913200000301003, 3666123.646300000138581 ], [ -3000416.89049999974668, 3665779.557400000281632 ], [ -2999019.468100000172853, 3665421.423999999649823 ], [ -2994799.111999999731779, 3665077.335099999792874 ], [ -2994455.02309999987483, 3664451.972900000400841 ], [ -2996210.57880000025034, 3664024.0016 ], [ -2996554.6678, 3663063.656899999827147 ], [ -2987231.171699999831617, 3662619.557 ], [ -2985677.244099999777973, 3663672.8904 ], [ -2983568.910400000400841, 3664357.051699999719858 ], [ -2983219.466, 3665077.335099999792874 ], [ -2981539.568599999882281, 3665772.535199999809265 ], [ -2981112.798999999649823, 3663996.463499999605119 ], [ -2981815.0214, 3663321.779299999587238 ], [ -2982159.110299999825656, 3662854.753999999724329 ], [ -2981326.219600000418723, 3662268.44579999987036 ], [ -2975143.909400000236928, 3662970.668100000359118 ], [ -2971610.5784, 3663316.2434 ], [ -2970930.575500000268221, 3664024.0016 ], [ -2967412.441700000315905, 3664368.0905 ], [ -2966623.994800000451505, 3664774.260099999606609 ], [ -2960825.212000000290573, 3665421.423999999649823 ], [ -2960397.2407, 3663665.868200000375509 ], [ -2958555.906700000166893, 3662300.89919999986887 ], [ -2948558.482699999585748, 3661893.010900000110269 ], [ -2948071.3449, 3660391.8311 ], [ -2941683.168600000441074, 3660522.202100000344217 ], [ -2936901.91330000013113, 3661747.548899999819696 ], [ -2932563.075799999758601, 3662261.423600000329316 ], [ -2927995.1294, 3661482.275500000454485 ], [ -2923473.074699999764562, 3661574.562400000169873 ], [ -2922071.599000000394881, 3662296.534699999727309 ], [ -2921033.1086, 3663377.412399999797344 ], [ -2915448.368700000457466, 3664059.837000000290573 ], [ -2912235.177699999883771, 3663994.261699999682605 ], [ -2911592.78969999961555, 3662546.068599999882281 ], [ -2915455.012500000186265, 3661917.334599999710917 ], [ -2916852.434899999760091, 3661559.201299999840558 ], [ -2919317.2352, 3661215.112300000153482 ], [ -2922058.9797, 3660653.550200000405312 ], [ -2922470.213399999774992, 3659792.0658 ], [ -2920009.6847, 3658993.616100000217557 ], [ -2913251.962100000120699, 3658406.2231 ], [ -2908571.454400000162423, 3659204.57050000037998 ], [ -2902464.239799999631941, 3659079.933500000275671 ], [ -2902112.788499999791384, 3660105.764399999752641 ], [ -2904570.566599999554455, 3660505.86780000012368 ], [ -2904914.655500000342727, 3661917.334599999710917 ], [ -2910188.345099999569356, 3662261.423600000329316 ], [ -2910532.434000000357628, 3663207.693900000303984 ], [ -2895290.250799999572337, 3664202.190499999560416 ], [ -2879371.006, 3664879.899400000460446 ], [ -2878939.451999999582767, 3664121.661600000225008 ], [ -2880732.2133, 3662946.275100000202656 ], [ -2881390.207899999804795, 3662261.423600000329316 ], [ -2882450.5636, 3661917.334599999710917 ], [ -2882794.652599999681115, 3661559.201299999840558 ], [ -2883855.0082, 3661215.112300000153482 ], [ -2884199.097199999727309, 3660528.318300000391901 ], [ -2878581.318699999712408, 3660161.778800000436604 ], [ -2878237.2297, 3659536.4167 ], [ -2879992.785500000230968, 3659108.44539999961853 ], [ -2880336.8744, 3658363.373200000263751 ], [ -2874028.141800000332296, 3658492.1228 ], [ -2869810.5619, 3659108.44539999961853 ], [ -2865322.977, 3659452.534300000406802 ], [ -2864895.005699999630451, 3657696.978500000201166 ], [ -2857095.170699999667704, 3657109.8942 ], [ -2854060.75690000038594, 3656592.318599999882281 ], [ -2850378.8492, 3656667.459499999880791 ], [ -2845583.892, 3658055.1119 ], [ -2840310.202399999834597, 3658399.200799999758601 ], [ -2837262.5411, 3659281.188799999654293 ], [ -2836455.001899999566376, 3660512.889999999664724 ], [ -2833642.168100000359118, 3661198.605700000189245 ], [ -2833291.628100000321865, 3662278.841400000266731 ], [ -2831181.312300000339746, 3662963.645899999886751 ], [ -2830810.079800000414252, 3663350.030799999833107 ], [ -2827843.838100000284612, 3663289.495199999772012 ], [ -2827326.1118, 3661291.972500000149012 ], [ -2829081.667600000277162, 3660864.001199999824166 ], [ -2829494.574300000444055, 3659170.240899999625981 ], [ -2831284.027200000360608, 3658734.006199999712408 ], [ -2833329.011099999770522, 3658034.045199999585748 ], [ -2834293.4551, 3657030.236200000159442 ], [ -2838561.6689, 3656650.667299999855459 ], [ -2838905.757799999788404, 3655978.807099999859929 ], [ -2835169.707399999722838, 3655572.894799999892712 ], [ -2834699.446100000292063, 3654355.34360000025481 ], [ -2836806.113099999725819, 3653841.778 ], [ -2837150.201999999582767, 3653163.13300000037998 ], [ -2832936.86809999961406, 3652788.444500000216067 ], [ -2832592.779199999757111, 3652105.0992 ], [ -2837508.335400000214577, 3651735.111100000329316 ], [ -2837852.4243, 3650931.32039999961853 ], [ -2827686.222699999809265, 3649689.066399999894202 ], [ -2827326.1118, 3648326.5159 ], [ -2828751.072300000116229, 3647872.888299999758601 ], [ -2829425.75650000013411, 3648575.110600000247359 ], [ -2840835.0483, 3648919.1996 ], [ -2841363.535899999551475, 3647933.038800000213087 ], [ -2839256.868900000117719, 3647521.777200000360608 ], [ -2838912.78000000026077, 3647163.643799999728799 ], [ -2837150.201999999582767, 3646819.5548 ], [ -2836768.1793, 3646032.120299999602139 ], [ -2828356.1842, 3646203.793600000441074 ], [ -2828393.912700000219047, 3644355.0959 ], [ -2813797.48589999973774, 3644010.6656 ], [ -2813281.665500000119209, 3645044.186599999666214 ], [ -2819601.666299999691546, 3645408.088000000454485 ], [ -2819945.755199999548495, 3647422.9391 ], [ -2807389.635900000110269, 3647865.866100000217557 ], [ -2806961.664599999785423, 3646110.3103 ], [ -2796772.418800000101328, 3645766.221400000154972 ], [ -2796119.431900000199676, 3645086.581899999640882 ], [ -2790884.160299999639392, 3644692.529199999757111 ], [ -2790459.4402, 3642950.309899999760091 ], [ -2789399.084499999880791, 3642606.2209 ], [ -2789054.9956, 3641916.788800000213087 ], [ -2797068.7325, 3641455.363300000317395 ], [ -2797478.152200000360608, 3639775.906700000166893 ], [ -2801185.43790000025183, 3639851.565600000321865 ], [ -2803347.838100000284612, 3639111.415199999697506 ], [ -2805331.480100000277162, 3638627.840800000354648 ], [ -2805901.308899999596179, 3638034.753700000233948 ], [ -2807593.312800000421703, 3637690.66469999961555 ], [ -2808007.9759, 3639712.382000000216067 ], [ -2804496.864299999549985, 3640141.420599999837577 ], [ -2803701.295599999837577, 3640969.461500000208616 ], [ -2801336.863900000229478, 3641545.865199999883771 ], [ -2800030.683000000193715, 3641992.947300000116229 ], [ -2799588.330299999564886, 3643141.50899999961257 ], [ -2800934.8114, 3643794.752299999818206 ], [ -2816432.845599999651313, 3642961.875900000333786 ], [ -2817484.466, 3642420.132000000216067 ], [ -2821708.3333, 3641903.998599999584258 ], [ -2825813.67949999962002, 3640851.874699999578297 ], [ -2830135.0011, 3640499.553999999538064 ], [ -2831852.021599999628961, 3639911.849000000394881 ], [ -2832234.6458, 3638774.783800000324845 ], [ -2825047.072700000368059, 3638383.8947 ], [ -2824517.222500000149012, 3637408.0631 ], [ -2829084.00829999987036, 3636405.597900000400841 ], [ -2830479.089999999850988, 3635928.08669999986887 ], [ -2831539.4457, 3635583.9978 ], [ -2832585.75690000038594, 3635225.864400000311434 ], [ -2834348.335, 3634881.775500000454485 ], [ -2834692.423899999819696, 3633470.308600000105798 ], [ -2836255.708999999798834, 3633089.209300000220537 ], [ -2836799.090800000354648, 3632232.7982 ], [ -2835745.757399999536574, 3631721.775000000372529 ], [ -2835401.668399999849498, 3631363.641699999570847 ], [ -2832936.86809999961406, 3631019.552699999883771 ], [ -2832592.779199999757111, 3629959.196999999694526 ], [ -2831599.596199999563396, 3629615.108099999837577 ], [ -2831188.334499999880791, 3631721.775000000372529 ], [ -2828021.3119, 3632065.864 ], [ -2827677.223000000230968, 3632444.513299999758601 ], [ -2828379.445299999788404, 3633119.197499999776483 ], [ -2828723.534199999645352, 3633726.08490000013262 ], [ -2826265.756099999882281, 3634523.642099999822676 ], [ -2825219.444799999706447, 3634881.775500000454485 ], [ -2823930.9797, 3635299.886699999682605 ], [ -2815209.265700000338256, 3635121.8925 ], [ -2807835.931400000117719, 3635272.368700000457466 ], [ -2801979.652200000360608, 3635152.852800000458956 ], [ -2798183.885700000450015, 3635583.9978 ], [ -2794481.574900000356138, 3635928.08669999986887 ], [ -2793970.551799999549985, 3634874.753200000151992 ], [ -2787932.816800000146031, 3634530.664300000295043 ], [ -2784173.8163, 3635494.026200000196695 ], [ -2783788.328200000338256, 3636266.407700000330806 ], [ -2794624.8108, 3636890.365000000223517 ], [ -2795016.862999999895692, 3637634.650299999862909 ], [ -2792559.08490000013262, 3638034.753700000233948 ], [ -2791889.675499999895692, 3638731.48589999973774 ], [ -2791154.6403, 3639088.087100000120699 ], [ -2790810.551300000399351, 3639446.220499999821186 ], [ -2790212.964800000190735, 3639790.309500000439584 ], [ -2789650.560100000351667, 3638057.184600000269711 ], [ -2779919.083200000226498, 3637690.66469999961555 ], [ -2779574.994300000369549, 3636279.1979 ], [ -2778865.749699999578297, 3635935.108900000341237 ], [ -2778521.660799999721348, 3635337.52240000013262 ], [ -2780296.404199999757111, 3634761.612300000153482 ], [ -2780255.743800000287592, 3632769.251199999824166 ], [ -2784538.604500000365078, 3632423.997399999760091 ], [ -2786946.209699999541044, 3633248.076999999582767 ], [ -2799225.802400000393391, 3632997.4731 ], [ -2803620.393899999558926, 3633747.052199999801815 ], [ -2810037.782700000330806, 3634172.530899999663234 ], [ -2810465.753999999724329, 3632416.97510000038892 ], [ -2812930.5543, 3632072.886199999600649 ], [ -2813274.643199999816716, 3631401.025999999605119 ], [ -2809763.531700000166893, 3631019.552699999883771 ], [ -2803658.473799999803305, 3630069.458999999798834 ], [ -2790410.284599999897182, 3630339.830199999734759 ], [ -2789757.217899999581277, 3631019.552699999883771 ], [ -2777461.305100000463426, 3631363.641699999570847 ], [ -2773756.041500000283122, 3631742.335900000296533 ], [ -2773254.9934, 3632775.1085 ], [ -2772525.233, 3633119.197499999776483 ], [ -2771850.5488, 3632416.97510000038892 ], [ -2770087.970800000242889, 3632072.886199999600649 ], [ -2769653.285500000230968, 3631176.902300000190735 ], [ -2763416.858799999579787, 3630668.441599999554455 ], [ -2760465.78969999961555, 3630064.005699999630451 ], [ -2752081.607099999673665, 3629516.968500000424683 ], [ -2745401.784199999645352, 3629653.291400000452995 ], [ -2744112.767300000414252, 3630317.330400000326335 ], [ -2742930.693099999800324, 3630890.812 ], [ -2742255.539800000376999, 3632282.454400000162423 ], [ -2737785.744199999608099, 3632768.08629999961704 ], [ -2737441.655299999751151, 3633429.295599999837577 ], [ -2741723.758600000292063, 3634027.082100000232458 ], [ -2742701.300499999895692, 3634530.664300000295043 ], [ -2744829.4161, 3634877.101700000464916 ], [ -2744807.3942, 3635956.175599999725819 ], [ -2743908.4063, 3636819.909099999815226 ], [ -2736508.802500000223517, 3637623.857099999673665 ], [ -2736037.210699999704957, 3636572.310700000263751 ], [ -2740601.6557, 3635935.108900000341237 ], [ -2740945.744699999690056, 3634955.215900000184774 ], [ -2728671.233, 3634248.457899999804795 ], [ -2728312.7652000002563, 3632530.654199999757111 ], [ -2732526.099100000225008, 3632072.886199999600649 ], [ -2732870.188, 3631530.575899999588728 ], [ -2731816.854600000195205, 3631019.552699999883771 ], [ -2731472.765599999576807, 3630377.480899999849498 ], [ -2733579.4326, 3629966.2193 ], [ -2733923.521499999798834, 3629305.0099 ], [ -2731114.63219999987632, 3628912.885800000280142 ], [ -2730770.5433, 3627852.5301 ], [ -2726550.187199999578297, 3627508.441100000403821 ], [ -2726206.098299999721348, 3626790.2138 ], [ -2731121.654500000178814, 3626103.996500000357628 ], [ -2731465.7434, 3625442.787200000137091 ], [ -2727721.722799999639392, 3624920.117600000463426 ], [ -2727259.431699999608099, 3624057.480100000277162 ], [ -2730262.673999999649823, 3623471.189799999818206 ], [ -2746488.316100000403821, 3623802.325299999676645 ], [ -2746914.634399999864399, 3622992.988300000317395 ], [ -2742717.883100000210106, 3622309.796299999579787 ], [ -2742357.211500000208616, 3620830.306900000199676 ], [ -2740954.077399999834597, 3620149.578499999828637 ], [ -2740601.6557, 3619537.5203 ], [ -2742006.100399999879301, 3619081.773299999535084 ], [ -2743052.411600000225008, 3618723.639999999664724 ], [ -2745694.280299999751151, 3618207.89670000039041 ], [ -2758157.213600000366569, 3617677.328700000420213 ], [ -2763124.208800000138581, 3617287.010099999606609 ], [ -2763767.9699, 3616616.973000000230968 ], [ -2766311.1245, 3616202.971099999733269 ], [ -2771828.068300000391901, 3616315.56180000025779 ], [ -2772194.637699999846518, 3615619.654 ], [ -2769033.600399999879301, 3615105.066499999724329 ], [ -2763015.275399999693036, 3615227.889499999582767 ], [ -2760990.588000000454485, 3616270.910299999639392 ], [ -2756697.692800000309944, 3616616.973000000230968 ], [ -2754018.984199999831617, 3615700.099600000306964 ], [ -2753592.7686, 3615028.35149999987334 ], [ -2754915.60120000038296, 3614386.581199999898672 ], [ -2768339.437199999578297, 3613815.105999999679625 ], [ -2768683.526200000196695, 3612288.990600000135601 ], [ -2757836.947700000368059, 3612510.349299999885261 ], [ -2756050.546699999831617, 3612052.528 ], [ -2751479.079400000162423, 3611708.439000000245869 ], [ -2751134.990500000305474, 3611045.300599999725819 ], [ -2754047.009999999776483, 3610655.105600000359118 ], [ -2759111.429700000211596, 3611395.178299999795854 ], [ -2764146.418700000271201, 3611292.423499999567866 ], [ -2764118.243300000205636, 3609911.830199999734759 ], [ -2745456.356300000101328, 3609208.96129999961704 ], [ -2744814.9896, 3608541.416400000452995 ], [ -2741258.300900000147521, 3608193.556599999777973 ], [ -2739197.2111, 3607488.082899999804795 ], [ -2736698.125799999572337, 3607143.994 ], [ -2735686.099499999545515, 3608197.327399999834597 ], [ -2727854.873100000433624, 3608541.416400000452995 ], [ -2726908.320600000210106, 3606897.5186 ], [ -2728312.7652000002563, 3606441.77170000039041 ], [ -2728656.854100000113249, 3605981.767199999652803 ], [ -2727837.7325, 3605388.43819999974221 ], [ -2721765.712500000372529, 3606164.560999999754131 ], [ -2721290.542000000365078, 3607143.994 ], [ -2717856.2906, 3607488.082899999804795 ], [ -2717428.319299999624491, 3605732.527099999599159 ], [ -2712924.024799999780953, 3605388.43819999974221 ], [ -2712502.966099999845028, 3607545.289800000376999 ], [ -2708008.468500000424683, 3608190.305200000293553 ], [ -2707597.206899999640882, 3606083.638299999758601 ], [ -2704892.9534, 3605739.5493 ], [ -2704437.206500000320375, 3607143.994 ], [ -2703894.896099999547005, 3607488.082899999804795 ], [ -2703383.872999999672174, 3606434.7494 ], [ -2697056.849899999797344, 3606090.660500000230968 ], [ -2696712.761, 3605281.3843 ], [ -2701979.428299999795854, 3604335.1047 ], [ -2702323.517300000414252, 3602593.3975 ], [ -2696306.573599999770522, 3602228.437800000421703 ], [ -2694025.711500000208616, 3603009.135499999858439 ], [ -2693401.331399999558926, 3604296.122999999672174 ], [ -2691439.071399999782443, 3604679.193599999882281 ], [ -2689690.5378, 3605037.326999999582767 ], [ -2686674.638299999758601, 3605405.853400000371039 ], [ -2684069.248200000263751, 3605352.682199999690056 ], [ -2680665.57660000026226, 3605422.144899999722838 ], [ -2676891.97649999987334, 3606195.050900000147521 ], [ -2669849.246299999766052, 3606051.321700000204146 ], [ -2666702.37430000025779, 3606115.543600000441074 ], [ -2664059.4233, 3606792.882799999788404 ], [ -2660190.178299999795854, 3607136.971800000406802 ], [ -2659846.0894, 3608197.327399999834597 ], [ -2655605.217299999669194, 3608541.416400000452995 ], [ -2654930.533200000412762, 3607839.1941 ], [ -2645443.509700000286102, 3607495.105100000277162 ], [ -2645099.420699999667704, 3606739.16509999986738 ], [ -2651068.310399999842048, 3606090.660500000230968 ], [ -2651412.399400000460446, 3604613.7736 ], [ -2642911.1096, 3603920.6568 ], [ -2642290.531499999575317, 3603274.748999999836087 ], [ -2641932.39809999987483, 3602930.6601 ], [ -2641588.309100000187755, 3602237.383600000292063 ], [ -2649347.039599999785423, 3601877.32660000026226 ], [ -2650531.110299999825656, 3603109.726800000295043 ], [ -2654138.014899999834597, 3603813.8635 ], [ -2664245.335799999535084, 3603607.591699999757111 ], [ -2664754.6234, 3602603.126299999654293 ], [ -2660269.888799999840558, 3602204.302299999631941 ], [ -2659808.3235, 3600310.942699999548495 ], [ -2651770.532700000330806, 3600823.99309999961406 ], [ -2646229.614400000311434, 3601168.082100000232458 ], [ -2645801.643000000156462, 3599412.5263 ], [ -2630696.841, 3599068.437300000339746 ], [ -2628948.307500000111759, 3598710.303999999538064 ], [ -2619461.284, 3598366.214999999850988 ], [ -2613802.278599999845028, 3598005.001899999566376 ], [ -2613148.30530000012368, 3597285.343399999663234 ], [ -2613864.7237, 3596597.019899999722838 ], [ -2613837.7412, 3595274.876299999654293 ], [ -2606119.059999999590218, 3594855.103400000371039 ], [ -2605774.971, 3594176.458499999716878 ], [ -2611995.586199999786913, 3593623.264000000432134 ], [ -2612439.0608, 3592853.072300000116229 ], [ -2611034.6162, 3592397.325299999676645 ], [ -2610690.527200000360608, 3591736.11600000038743 ], [ -2613499.416500000283122, 3591343.991899999789894 ], [ -2613843.505400000140071, 3590718.629700000397861 ], [ -2612087.9496, 3590290.6584 ], [ -2611743.8607, 3589643.2374 ], [ -2617870.1173, 3588542.5126 ], [ -2631230.835799999535084, 3588183.991399999707937 ], [ -2631750.174499999731779, 3589203.671500000171363 ], [ -2627887.9518, 3589581.413800000213087 ], [ -2624211.817900000140071, 3590118.613900000229478 ], [ -2615624.308199999853969, 3590882.294499999843538 ], [ -2615254.972299999557436, 3592397.325299999676645 ], [ -2614896.838899999856949, 3592741.414300000295043 ], [ -2614552.75, 3593283.724600000306964 ], [ -2615606.083399999886751, 3593794.747700000181794 ], [ -2616301.2835, 3594152.881099999882281 ], [ -2618855.44510000012815, 3594496.970099999569356 ], [ -2622972.395499999634922, 3593794.747700000181794 ], [ -2627543.862800000235438, 3593450.658800000324845 ], [ -2627887.9518, 3592808.587000000290573 ], [ -2625781.284799999557436, 3592397.325299999676645 ], [ -2625437.195899999700487, 3591744.095300000160933 ], [ -2627894.974000000394881, 3591343.991899999789894 ], [ -2630157.522199999541044, 3590958.072300000116229 ], [ -2636616.871500000357628, 3590168.7752 ], [ -2637035.996500000357628, 3588449.5071 ], [ -2641760.3536, 3588545.922500000335276 ], [ -2645271.465200000442564, 3588474.267199999652803 ], [ -2650311.207000000402331, 3588577.119099999777973 ], [ -2650710.177000000141561, 3585719.191100000403821 ], [ -2654930.533200000412762, 3585375.10219999961555 ], [ -2655274.622100000269711, 3584680.659699999727309 ], [ -2646931.83669999986887, 3584321.768699999898672 ], [ -2646503.865399999544024, 3586077.324500000104308 ], [ -2640946.237300000153482, 3586421.4134 ], [ -2640499.161999999545515, 3584131.292600000277162 ], [ -2636321.641800000332296, 3583619.546400000341237 ], [ -2618564.876899999566376, 3583981.9293 ], [ -2618063.861600000411272, 3585044.50690000038594 ], [ -2618766.0839, 3585719.191100000403821 ], [ -2619110.172799999825656, 3586344.553299999795854 ], [ -2616047.81180000025779, 3587091.099000000394881 ], [ -2608358.753600000403821, 3587474.746899999678135 ], [ -2607881.638000000268221, 3586240.632000000216067 ], [ -2613144.067599999718368, 3585383.957399999722838 ], [ -2613492.394299999810755, 3584656.0937 ], [ -2609981.282700000330806, 3583970.65749999973923 ], [ -2609637.193799999542534, 3583218.677000000141561 ], [ -2617261.857200000435114, 3582472.951399999670684 ], [ -2617705.728199999779463, 3581325.931699999608099 ], [ -2609012.41469999961555, 3580617.159099999815226 ], [ -2608583.860299999825656, 3579817.4742 ], [ -2610690.527200000360608, 3579406.212500000372529 ], [ -2611084.595599999651313, 3577789.7281 ], [ -2612094.971900000236928, 3577299.5455 ], [ -2612439.0608, 3576701.958999999798834 ], [ -2610004.345200000330806, 3575911.885700000450015 ], [ -2585490.504800000227988, 3575366.143699999898672 ], [ -2585059.412700000219047, 3576212.5587 ], [ -2588921.6354, 3576590.301 ], [ -2589265.724399999715388, 3577243.53110000025481 ], [ -2586807.9463, 3577643.634499999694526 ], [ -2586463.857300000265241, 3578288.4687 ], [ -2588646.116399999707937, 3578696.967899999581277 ], [ -2592074.613599999807775, 3577994.7456 ], [ -2595725.538599999621511, 3577650.656700000166893 ], [ -2596287.947499999776483, 3578537.0559 ], [ -2595234.614099999889731, 3579048.07909999974072 ], [ -2594890.525100000202656, 3580108.4348 ], [ -2593830.1694, 3580452.523699999786913 ], [ -2593486.080500000156462, 3581119.722500000149012 ], [ -2596646.080900000408292, 3581505.857200000435114 ], [ -2596990.169800000265241, 3582048.167500000447035 ], [ -2595560.641800000332296, 3582741.700899999588728 ], [ -2587343.4561, 3583261.412999999709427 ], [ -2586814.968500000424683, 3582275.252299999818206 ], [ -2588921.6354, 3581863.990600000135601 ], [ -2589265.724399999715388, 3580541.909099999815226 ], [ -2579083.500799999572337, 3580108.4348 ], [ -2578739.411799999885261, 3579483.072599999606609 ], [ -2580494.9676, 3579055.101300000213087 ], [ -2580839.056599999777973, 3578273.627899999730289 ], [ -2571442.937699999660254, 3577650.656700000166893 ], [ -2571014.966400000266731, 3579406.212500000372529 ], [ -2568901.277200000360608, 3579750.301400000229478 ], [ -2568491.940600000321865, 3581429.4167 ], [ -2566092.387900000438094, 3582208.0795 ], [ -2565748.298999999649823, 3582875.278300000354648 ], [ -2568908.2994, 3583261.412999999709427 ], [ -2569252.388399999588728, 3583962.015599999576807 ], [ -2548228.581000000238419, 3584490.035400000400841 ], [ -2547838.746500000357628, 3586089.1524 ], [ -2546430.163099999539554, 3586772.524600000120699 ], [ -2546086.074099999852479, 3587464.04 ], [ -2553732.7692, 3587858.033800000324845 ], [ -2554156.8723, 3589597.722 ], [ -2556970.519999999552965, 3590283.636199999600649 ], [ -2557314.609000000171363, 3590881.222699999809265 ], [ -2555910.164300000295043, 3591336.969600000418723 ], [ -2555566.075400000438094, 3592160.862700000405312 ], [ -2568486.525000000372529, 3591897.180100000463426 ], [ -2568901.277200000360608, 3592730.707399999722838 ], [ -2561879.053999999538064, 3593092.525399999693036 ], [ -2561534.965099999681115, 3593838.5636 ], [ -2571322.7226, 3594636.567099999636412 ], [ -2571710.166500000283122, 3596526.7769 ], [ -2569317.028099999763072, 3597110.1787 ], [ -2568908.2994, 3598347.502100000157952 ], [ -2575579.411399999633431, 3598710.303999999538064 ], [ -2575923.50040000025183, 3599384.2374 ], [ -2568805.03139999974519, 3600114.748599999584258 ], [ -2564461.3712, 3599001.549200000241399 ], [ -2559521.927799999713898, 3599102.3542 ], [ -2558970.725700000301003, 3600800.956500000320375 ], [ -2553782.981499999761581, 3601519.193199999630451 ], [ -2553108.2972999997437, 3600816.9709 ], [ -2552399.052799999713898, 3600472.882000000216067 ], [ -2552054.9638, 3599811.672600000165403 ], [ -2554863.8531, 3599419.548499999567866 ], [ -2555207.941999999806285, 3597770.1426 ], [ -2551726.352900000289083, 3597203.3723 ], [ -2551352.741499999538064, 3594145.858900000341237 ], [ -2546781.27419999986887, 3593801.769999999552965 ], [ -2546437.1853, 3592825.2966 ], [ -2548192.741100000217557, 3592397.325299999676645 ], [ -2548536.83, 3591771.963200000114739 ], [ -2546781.27419999986887, 3591343.991899999789894 ], [ -2546405.527900000102818, 3590186.079800000414252 ], [ -2541085.5899, 3589536.012500000186265 ], [ -2540117.184500000439584, 3588528.080400000326335 ], [ -2534927.3772, 3588183.991399999707937 ], [ -2534247.490500000305474, 3590972.91440000012517 ], [ -2538712.739799999631941, 3591336.969600000418723 ], [ -2539056.82880000025034, 3592078.024500000290573 ], [ -2532385.716699999757111, 3593092.525399999693036 ], [ -2531114.8893, 3593527.5066 ], [ -2530637.183199999853969, 3594482.943099999800324 ], [ -2536606.0729, 3594848.081199999898672 ], [ -2536950.161799999885261, 3595567.089700000360608 ], [ -2533439.050200000405312, 3596252.5258 ], [ -2533056.938799999654293, 3597430.052899999544024 ], [ -2523220.272699999623001, 3598031.796500000171363 ], [ -2522226.837299999780953, 3599065.780299999751151 ], [ -2520096.8262, 3599412.5263 ], [ -2519752.737300000153482, 3600065.756299999542534 ], [ -2522210.5154, 3600465.8597 ], [ -2525382.534599999897182, 3601115.5504 ], [ -2532392.739, 3601519.193199999630451 ], [ -2533087.9391, 3601877.32660000026226 ], [ -2535215.3947, 3602292.646599999628961 ], [ -2542194.5028, 3602150.215800000354648 ], [ -2542567.9403, 3603056.1765 ], [ -2541163.495699999853969, 3603976.971300000324845 ], [ -2540819.4068, 3604630.201399999670684 ], [ -2543277.184899999760091, 3605030.3048 ], [ -2543621.27379999961704, 3605408.95409999974072 ], [ -2542919.0515, 3606083.638299999758601 ], [ -2541987.69539999961853, 3607053.008899999782443 ], [ -2539759.051099999807775, 3607488.082899999804795 ], [ -2538712.739799999631941, 3607846.216300000436604 ], [ -2533901.81940000038594, 3608190.305200000293553 ], [ -2533446.0724, 3606785.860600000247359 ], [ -2527979.261800000444055, 3606065.202499999664724 ], [ -2527372.459499999880791, 3604814.446600000374019 ], [ -2511567.028099999763072, 3604335.1047 ], [ -2506761.6244, 3605037.326999999582767 ], [ -2498679.045599999837577, 3605381.416000000201166 ], [ -2498327.969200000166893, 3606821.545699999667704 ], [ -2494318.626400000415742, 3606739.722299999557436 ], [ -2493770.511599999852479, 3604996.019799999892712 ], [ -2494472.733900000341237, 3603632.882399999536574 ], [ -2494816.822800000198185, 3602923.637900000438094 ], [ -2499388.29009999986738, 3602579.548899999819696 ], [ -2499732.378999999724329, 3602200.899600000120699 ], [ -2499030.156700000166893, 3601526.215400000102818 ], [ -2498686.067800000309944, 3601168.082100000232458 ], [ -2497093.886199999600649, 3600395.637500000186265 ], [ -2493894.419599999673665, 3599357.400000000372529 ], [ -2493419.400399999693036, 3598309.034099999815226 ], [ -2499026.004700000397861, 3598423.454599999822676 ], [ -2499384.082299999892712, 3596589.220099999569356 ], [ -2504831.867200000211596, 3596700.399299999698997 ], [ -2505701.268699999898672, 3596252.5258 ], [ -2507112.735600000247359, 3595908.4369 ], [ -2507456.824500000104308, 3595366.1266 ], [ -2506403.49100000038743, 3594855.103400000371039 ], [ -2505708.291000000201166, 3594496.970099999569356 ], [ -2502930.500099999830127, 3593713.490600000135601 ], [ -2500090.512400000356138, 3592741.414300000295043 ], [ -2499030.156700000166893, 3592397.325299999676645 ], [ -2497686.665400000289083, 3591937.4726 ], [ -2497281.623200000263751, 3590326.896300000138581 ], [ -2502862.926799999549985, 3591142.5022 ], [ -2503323.1402000002563, 3589254.688 ], [ -2512730.51410000026226, 3588886.2138 ], [ -2513074.6031, 3588232.98369999974966 ], [ -2510304.699900000356138, 3587782.069199999794364 ], [ -2505334.6502, 3587883.498800000175834 ], [ -2505374.057500000111759, 3585952.541400000452995 ], [ -2503594.601800000295043, 3585375.10219999961555 ], [ -2501439.7917, 3583914.459099999628961 ], [ -2496588.428000000305474, 3584013.4665 ], [ -2496228.28969999961555, 3583052.861100000329316 ], [ -2502197.179399999789894, 3582566.212899999693036 ], [ -2502892.379499999806285, 3582208.0795 ], [ -2504321.8268, 3581859.607300000265241 ], [ -2504999.046400000341237, 3581154.746000000275671 ], [ -2508838.068300000391901, 3580618.8142 ], [ -2512284.663200000301003, 3581206.694899999536574 ], [ -2515657.7308, 3581137.856800000183284 ], [ -2516234.603500000201166, 3580327.007299999706447 ], [ -2514787.744599999859929, 3579378.404500000178814 ], [ -2512021.269600000232458, 3578703.990199999883771 ], [ -2510851.8629, 3578303.723399999551475 ], [ -2509199.740299999713898, 3577452.629999999888241 ], [ -2503209.963999999687076, 3576477.550099999643862 ], [ -2503254.4539, 3574297.545099999755621 ], [ -2504303.846300000324845, 3573788.434000000357628 ], [ -2504647.9353, 3573214.905799999833107 ], [ -2502313.113300000317395, 3572293.999900000169873 ], [ -2501846.068199999630451, 3571302.137000000104308 ], [ -2503881.138000000268221, 3571343.669099999591708 ], [ -2506754.60219999961555, 3573086.2116 ], [ -2513188.079300000332296, 3573456.6469 ], [ -2518574.856499999761581, 3573346.712600000202656 ], [ -2519043.492700000293553, 3572366.521099999547005 ], [ -2516234.603500000201166, 3571681.767 ], [ -2515188.2922, 3571323.633600000292063 ], [ -2512723.491899999789894, 3570979.544700000435114 ], [ -2511677.18059999961406, 3570270.300099999643862 ], [ -2510026.260599999688566, 3569575.10010000038892 ], [ -2509570.5137, 3570979.544700000435114 ], [ -2509058.96100000012666, 3571323.633600000292063 ], [ -2503903.744800000451505, 3569905.7144 ], [ -2501842.557099999859929, 3569947.779500000178814 ], [ -2500279.713200000114739, 3569915.884700000286102 ], [ -2499739.4013, 3568977.513500000350177 ], [ -2501143.8459, 3568521.76659999974072 ], [ -2501487.9348, 3568163.6332 ], [ -2503284.408599999733269, 3567812.927199999801815 ], [ -2504296.824099999852479, 3566759.1886 ], [ -2505006.068599999882281, 3566415.099600000306964 ], [ -2505350.157599999569356, 3565609.814799999818206 ], [ -2502892.379499999806285, 3565010.65500000026077 ], [ -2502548.290500000119209, 3563928.802699999883771 ], [ -2509446.2736, 3564069.5779 ], [ -2509914.60259999986738, 3564943.482300000265241 ], [ -2507807.935700000263751, 3565354.743900000117719 ], [ -2507463.846699999645352, 3565747.1623 ], [ -2508708.25870000012219, 3566942.77379999961704 ], [ -2514719.295599999837577, 3567812.521999999880791 ], [ -2515181.269999999552965, 3566464.091900000348687 ], [ -2512723.491899999789894, 3566063.9885 ], [ -2511677.18059999961406, 3565705.855100000277162 ], [ -2510616.824900000356138, 3565361.766200000420213 ], [ -2510272.735999999567866, 3564760.135300000198185 ], [ -2512103.88399999961257, 3563957.32149999961257 ], [ -2516057.293200000189245, 3565310.501899999566376 ], [ -2520132.510599999688566, 3565705.855100000277162 ], [ -2520095.966400000266731, 3563915.18819999974221 ], [ -2517287.9369, 3562552.876899999566376 ], [ -2516592.7369, 3562194.74349999986589 ], [ -2514766.065100000239909, 3561838.142300000414252 ], [ -2512607.418700000271201, 3561099.276700000278652 ], [ -2511326.069500000216067, 3560439.187699999660254 ], [ -2510265.7138, 3560095.098799999803305 ], [ -2509921.624900000169873, 3559702.6804 ], [ -2510974.9583, 3558690.654199999757111 ], [ -2511319.0472999997437, 3557970.963600000366569 ], [ -2507266.746500000357628, 3556983.089300000108778 ], [ -2506761.6244, 3555731.202200000174344 ], [ -2512021.9699, 3556268.832700000144541 ], [ -2520316.777099999599159, 3556099.551 ], [ -2520799.048499999567866, 3555339.454599999822676 ], [ -2519745.715099999681115, 3554828.431400000117719 ], [ -2519050.514999999664724, 3554470.298000000417233 ], [ -2517990.159300000406802, 3554126.209099999628961 ], [ -2517294.95920000039041, 3553768.0757 ], [ -2514830.158800000324845, 3553072.8756 ], [ -2513783.8476, 3552714.742200000211596 ], [ -2512519.281000000424683, 3552304.386199999600649 ], [ -2512028.291799999773502, 3551352.343399999663234 ], [ -2515188.2922, 3550966.208700000308454 ], [ -2515532.381199999712408, 3550178.656600000336766 ], [ -2511407.065700000151992, 3549373.316100000403821 ], [ -2510974.9583, 3550263.986399999819696 ], [ -2510616.824900000356138, 3550608.075299999676645 ], [ -2510272.735999999567866, 3552019.542100000195205 ], [ -2509212.380300000309944, 3552363.631099999882281 ], [ -2508868.291400000452995, 3552721.764499999582767 ], [ -2505534.556300000287592, 3553065.853400000371039 ], [ -2505006.068599999882281, 3552079.692699999548495 ], [ -2507876.547899999655783, 3551519.3202 ], [ -2507807.505699999630451, 3548136.2527 ], [ -2506403.49100000038743, 3547455.097099999897182 ], [ -2506059.402099999599159, 3546724.355999999679625 ], [ -2509897.918100000359118, 3546802.693 ], [ -2510265.7138, 3546029.7944 ], [ -2508861.2692, 3545348.430100000463426 ], [ -2508166.0691, 3544990.296799999661744 ], [ -2505368.328200000338256, 3543632.977 ], [ -2505006.068599999882281, 3542833.471099999733269 ], [ -2508645.717400000430644, 3542907.74959999974817 ], [ -2512262.143500000238419, 3543834.5724 ], [ -2512822.489500000141561, 3542679.573400000110269 ], [ -2514837.181099999696016, 3542188.429700000211596 ], [ -2515181.269999999552965, 3540776.962899999693036 ], [ -2515904.847, 3540425.920599999837577 ], [ -2515869.046799999661744, 3538671.708800000138581 ], [ -2519703.492200000211596, 3538296.683199999853969 ], [ -2521850.337799999862909, 3538340.496299999766052 ], [ -2522203.493200000375509, 3537783.89670000039041 ], [ -2521150.159699999727309, 3537272.873499999754131 ], [ -2520454.959599999710917, 3536914.7401 ], [ -2517990.159300000406802, 3536219.54 ], [ -2517646.070299999788404, 3535101.860100000165403 ], [ -2522546.0219, 3535201.8591 ], [ -2522905.7155, 3534380.053299999795854 ], [ -2520121.280399999581277, 3533281.809999999590218 ], [ -2514809.642900000326335, 3532708.42850000038743 ], [ -2513930.365299999713898, 3533623.5949 ], [ -2510967.936099999584258, 3534105.8509 ], [ -2510623.847199999727309, 3534648.1612 ], [ -2511691.5131, 3535166.137699999846518 ], [ -2511664.6404, 3536482.898900000378489 ], [ -2509998.485000000335276, 3536914.7401 ], [ -2509570.5137, 3535159.184299999848008 ], [ -2509028.2034, 3534815.0954 ], [ -2508517.180200000293553, 3535868.428899999707937 ], [ -2506403.49100000038743, 3536212.517799999564886 ], [ -2506059.402099999599159, 3536860.184999999590218 ], [ -2509044.549200000241399, 3538037.59360000025481 ], [ -2511614.350200000219047, 3539361.430499999783933 ], [ -2512730.51410000026226, 3539723.6294 ], [ -2514456.174800000153482, 3540314.291799999773502 ], [ -2514768.335699999704957, 3541479.185200000181794 ], [ -2512028.291799999773502, 3540776.962899999693036 ], [ -2509900.836199999786913, 3540361.642900000326335 ], [ -2506382.4244, 3540433.447200000286102 ], [ -2505708.291000000201166, 3541135.096199999563396 ], [ -2504814.8695, 3541479.185200000181794 ], [ -2504303.846300000324845, 3540425.851700000464916 ], [ -2502202.886800000444055, 3539406.574300000444055 ], [ -2501846.068199999630451, 3538648.7993 ], [ -2503944.497600000351667, 3538691.6244 ], [ -2504296.824099999852479, 3538079.731599999591708 ], [ -2502560.203700000420213, 3537516.192499999888241 ], [ -2499197.091, 3536921.762299999594688 ], [ -2498673.555499999783933, 3538000.8865 ], [ -2497976.823300000280142, 3538670.29590000025928 ], [ -2497632.734299999661744, 3539062.714300000108778 ], [ -2498686.067800000309944, 3540074.740500000305474 ], [ -2498825.1217, 3541128.074 ], [ -2495590.074900000356138, 3539815.86629999987781 ], [ -2495174.956199999898672, 3537265.851300000213087 ], [ -2494465.71169999986887, 3536219.54 ], [ -2494121.622700000181794, 3533052.517400000244379 ], [ -2491740.704800000414252, 3532357.317300000227988 ], [ -2491149.413099999539554, 3534782.819799999706447 ], [ -2488959.591099999845028, 3535159.184299999848008 ], [ -2488419.56319999974221, 3533495.016699999570847 ], [ -2486122.926300000399351, 3532708.42850000038743 ], [ -2485694.954900000244379, 3534463.984199999831617 ], [ -2483305.261199999600649, 3535046.546400000341237 ], [ -2482886.065700000151992, 3533754.739699999801815 ], [ -2480490.491899999789894, 3533170.744099999777973 ], [ -2480077.176400000229478, 3532506.800300000235438 ], [ -2482844.835, 3531164.074799999594688 ], [ -2483235.755699999630451, 3529161.603500000201166 ], [ -2486376.977099999785423, 3529225.710099999792874 ], [ -2486741.266200000420213, 3528713.667100000195205 ], [ -2485042.278300000354648, 3527599.761099999770522 ], [ -2481109.0778, 3526736.3756 ], [ -2481144.705900000408292, 3524990.60010000038892 ], [ -2480772.376500000245869, 3524632.871799999848008 ], [ -2480428.28760000038892, 3523902.130699999630451 ], [ -2482807.855600000359118, 3523950.693300000391901 ], [ -2485404.471699999645352, 3523285.228799999691546 ], [ -2489862.3925, 3524575.343500000424683 ], [ -2490252.3778, 3525004.4989 ], [ -2489550.155500000342727, 3525679.1831 ], [ -2489206.066499999724329, 3526071.6014 ], [ -2491561.59250000026077, 3528334.7538 ], [ -2496482.32039999961853, 3529021.693 ], [ -2496923.489799999631941, 3529787.881199999712408 ], [ -2495519.045099999755621, 3530243.628100000321865 ], [ -2495174.956199999898672, 3532923.628999999724329 ], [ -2498870.244699999690056, 3533403.628499999642372 ], [ -2499398.548100000247359, 3532314.676699999719858 ], [ -2501649.845200000330806, 3532360.621600000187755 ], [ -2502190.157200000248849, 3533298.99280000012368 ], [ -2500785.712500000372529, 3533754.739699999801815 ], [ -2500441.623599999584258, 3534698.3235 ], [ -2504571.0751, 3535159.184299999848008 ], [ -2504999.046400000341237, 3533403.628499999642372 ], [ -2505708.291000000201166, 3533059.539599999785423 ], [ -2506061.665900000371039, 3531970.568 ], [ -2510934.4737, 3532070.013000000268221 ], [ -2511319.0472999997437, 3531463.8958 ], [ -2509548.948200000450015, 3530605.1349 ], [ -2509589.432500000111759, 3528621.408200000412762 ], [ -2511610.00789999961853, 3527792.8722 ], [ -2512021.269600000232458, 3529899.539200000464916 ], [ -2512590.847, 3530446.780299999751151 ], [ -2516409.931200000457466, 3530945.850399999879301 ], [ -2516936.825799999758601, 3529954.0943 ], [ -2514127.936499999836087, 3528846.205699999816716 ], [ -2513783.8476, 3528171.7177 ], [ -2517534.4123, 3527792.8722 ], [ -2517990.159300000406802, 3529197.3169 ], [ -2518348.292600000277162, 3529541.405799999833107 ], [ -2518692.3816, 3529920.055100000463426 ], [ -2517990.159300000406802, 3530594.739299999549985 ], [ -2517646.070299999788404, 3530973.388600000180304 ], [ -2518684.2884, 3531970.892199999652803 ], [ -2530087.946399999782443, 3532350.295099999755621 ], [ -2530630.161000000312924, 3531408.619599999859929 ], [ -2528165.360600000247359, 3530608.783699999563396 ], [ -2525949.642699999734759, 3529850.383600000292063 ], [ -2524668.293499999679625, 3529190.294599999673665 ], [ -2523607.937800000421703, 3528846.205699999816716 ], [ -2522038.4709, 3528309.005599999800324 ], [ -2520433.558199999853969, 3527788.206199999898672 ], [ -2520468.510700000450015, 3526075.534599999897182 ], [ -2526661.148, 3526980.4759 ], [ -2527119.0494, 3526011.114099999889731 ], [ -2522905.7155, 3524983.983 ], [ -2522561.626500000245869, 3524341.9112 ], [ -2524966.7089, 3523872.3931 ], [ -2528175.894000000320375, 3523937.886699999682605 ], [ -2532944.6628, 3523840.564899999648333 ], [ -2533439.050200000405312, 3522981.9518 ], [ -2532034.605600000359118, 3522526.204900000244379 ], [ -2531339.405500000342727, 3522168.07149999961257 ], [ -2528783.3163, 3521447.123200000263751 ], [ -2526774.960400000214577, 3520412.515700000338256 ], [ -2524666.851300000213087, 3519728.427299999631941 ], [ -2524317.182300000451505, 3519032.122899999842048 ], [ -2529583.849700000137091, 3518663.982099999673665 ], [ -2529927.9386, 3517987.450899999588728 ], [ -2524997.9726, 3516905.2632 ], [ -2525020.571100000292063, 3515797.935700000263751 ], [ -2529563.3783, 3515890.646099999547005 ], [ -2529927.9386, 3515257.506299999542534 ], [ -2528523.494, 3514801.759399999864399 ], [ -2526806.837600000202656, 3514214.178999999538064 ], [ -2526423.849299999885261, 3513085.459599999710917 ], [ -2529927.9386, 3514099.537100000306964 ], [ -2532392.739, 3514794.737200000323355 ], [ -2533071.3185, 3515501.013899999670684 ], [ -2535014.910199999809265, 3515848.070600000210106 ], [ -2535545.717199999839067, 3514869.8854 ], [ -2532385.716699999757111, 3514099.537100000306964 ], [ -2532041.6278, 3513741.403699999675155 ], [ -2531022.0888, 3513246.7758 ], [ -2527821.27170000039041, 3512343.981300000101328 ], [ -2527126.071600000374019, 3511985.847900000400841 ], [ -2526416.827100000344217, 3511641.75899999961257 ], [ -2526072.738099999725819, 3510502.582399999722838 ], [ -2534458.62459999974817, 3510673.722900000400841 ], [ -2534843.494900000281632, 3509868.735000000335276 ], [ -2531164.429399999789894, 3508971.848399999551475 ], [ -2529583.849700000137091, 3507772.514000000432134 ], [ -2528502.9781, 3507428.425099999643862 ], [ -2527828.2939, 3508130.64740000013262 ], [ -2526232.650100000202656, 3508474.7363 ], [ -2525721.627000000327826, 3507421.402800000272691 ], [ -2525019.283800000324845, 3506746.6025 ], [ -2524668.293499999679625, 3505709.107200000435114 ], [ -2529802.364799999631941, 3506459.358300000429153 ], [ -2531943.287399999797344, 3507562.257799999788404 ], [ -2540343.495900000445545, 3508123.625199999660254 ], [ -2540812.384499999694526, 3506830.838499999605119 ], [ -2538877.7621, 3506203.0471 ], [ -2537308.295199999585748, 3505665.847099999897182 ], [ -2534843.494900000281632, 3504970.646999999880791 ], [ -2533094.96129999961704, 3503910.291299999691546 ], [ -2531683.494400000199676, 3503566.2023 ], [ -2531339.405500000342727, 3502912.972299999557436 ], [ -2533797.183600000105798, 3502512.868900000117719 ], [ -2534141.2725, 3501792.044599999673665 ], [ -2531491.207700000144541, 3500932.089800000190735 ], [ -2530988.294300000183284, 3500378.663800000213087 ], [ -2531690.516699999570847, 3499703.979600000195205 ], [ -2532034.605600000359118, 3498994.735000000335276 ], [ -2532413.2549, 3498650.646099999547005 ], [ -2533087.9391, 3499352.8684 ], [ -2541076.9216, 3499874.120299999602139 ], [ -2541514.6069, 3499078.490199999883771 ], [ -2536950.161799999885261, 3497597.312599999830127 ], [ -2536254.96169999986887, 3497239.1793 ], [ -2535545.717199999839067, 3496895.090300000272691 ], [ -2534155.316999999806285, 3496178.823599999770522 ], [ -2532034.605600000359118, 3495490.645700000226498 ], [ -2531690.516699999570847, 3494731.24239999987185 ], [ -2535900.3394, 3494817.157200000248849 ], [ -2537698.693300000391901, 3494780.4561 ], [ -2538354.6064, 3494058.662899999879301 ], [ -2537377.084300000220537, 3493119.474999999627471 ], [ -2534141.2725, 3492330.6453 ], [ -2532743.85010000038892, 3491972.511900000274181 ], [ -2531332.38329999987036, 3491628.423000000417233 ], [ -2530988.294300000183284, 3490931.212899999693036 ], [ -2541170.517900000326335, 3490575.089499999769032 ], [ -2541514.6069, 3490032.779199999757111 ], [ -2540461.273400000296533, 3489521.756 ], [ -2539717.2873, 3489138.490500000305474 ], [ -2537652.384100000374019, 3488468.422500000335276 ], [ -2536306.96860000025481, 3487556.429399999789894 ], [ -2535903.850599999539554, 3486591.196000000461936 ], [ -2542508.017400000244379, 3486725.974899999797344 ], [ -2547733.215200000442564, 3487901.353500000201166 ], [ -2556005.972299999557436, 3488710.465400000102818 ], [ -2561703.433299999684095, 3487662.298600000329316 ], [ -2572373.001199999824166, 3487880.0449 ], [ -2572763.499900000169873, 3486922.138299999758601 ], [ -2569601.158800000324845, 3485895.948099999688566 ], [ -2567988.76630000025034, 3484802.9841 ], [ -2565726.873999999836087, 3484251.577499999664724 ], [ -2565762.221800000406802, 3482519.5373 ], [ -2565251.687400000169873, 3481528.499800000339746 ], [ -2562939.004599999636412, 3480406.505199999548495 ], [ -2562575.7862, 3479657.8306 ], [ -2561849.818699999712408, 3478960.332399999722838 ], [ -2559772.3871, 3478286.198900000192225 ], [ -2559428.298100000247359, 3476172.509800000116229 ], [ -2557314.609000000171363, 3475828.420800000429153 ], [ -2556619.408900000154972, 3475470.287499999627471 ], [ -2554264.665500000119209, 3475086.957100000232458 ], [ -2553810.519600000232458, 3473800.038200000301003 ], [ -2559077.187, 3473370.642699999734759 ], [ -2559421.275899999774992, 3473012.5093 ], [ -2562588.298600000329316, 3472668.420400000177324 ], [ -2563929.9128, 3471977.285799999721348 ], [ -2565568.525999999605119, 3471445.5504 ], [ -2571316.832399999722838, 3470883.340800000354648 ], [ -2575021.583599999547005, 3470958.947999999858439 ], [ -2576976.833800000138581, 3471966.198099999688566 ], [ -2578149.258500000461936, 3472534.998200000263751 ], [ -2581737.61780000012368, 3473409.772300000302494 ], [ -2584546.790400000289083, 3473352.442300000227988 ], [ -2585329.277099999599159, 3471739.561599999666214 ], [ -2590677.191200000233948, 3471263.97580000013113 ], [ -2592246.658099999651313, 3470726.775700000114739 ], [ -2593851.57079999987036, 3470205.97620000038296 ], [ -2593815.728199999779463, 3468449.688799999654293 ], [ -2596889.0313, 3468103.975399999879301 ], [ -2597341.281000000424683, 3469542.705 ], [ -2596287.947499999776483, 3470554.731200000271201 ], [ -2595943.8586, 3471298.260800000280142 ], [ -2596646.080900000408292, 3472661.398199999704957 ], [ -2596990.169800000265241, 3473636.8043 ], [ -2593464.619900000281632, 3474067.607099999673665 ], [ -2593489.067800000309944, 3475265.556300000287592 ], [ -2598071.041400000452995, 3475821.3986 ], [ -2599081.482099999673665, 3474769.7155 ], [ -2602298.144399999640882, 3474423.97620000038296 ], [ -2603661.2818, 3475126.1985 ], [ -2605072.748700000345707, 3475470.287499999627471 ], [ -2605416.837600000202656, 3476012.597799999639392 ], [ -2604363.504200000315905, 3476523.620900000445545 ], [ -2604019.415199999697506, 3477121.207499999552965 ], [ -2606143.971400000154972, 3477810.63300000037998 ], [ -2612439.0608, 3477225.8432 ], [ -2621030.957399999722838, 3476881.754300000146031 ], [ -2628698.162899999879301, 3477594.008399999700487 ], [ -2631399.063299999572337, 3478286.198900000192225 ], [ -2633161.6414, 3478630.287899999879301 ], [ -2633505.7303, 3479172.598199999891222 ], [ -2632323.092400000430644, 3479746.353199999779463 ], [ -2616338.927799999713898, 3480666.7105 ], [ -2615957.1946, 3481379.026600000448525 ], [ -2618063.861600000411272, 3481790.28830000013113 ], [ -2618407.950500000268221, 3482148.421699999831617 ], [ -2619104.682699999772012, 3482817.8311 ], [ -2619555.9084, 3483747.908599999733269 ], [ -2622628.306599999777973, 3484248.066399999894202 ], [ -2622972.395499999634922, 3485659.533300000242889 ], [ -2627705.153400000184774, 3486698.431300000287592 ], [ -2632245.218299999833107, 3487056.955699999816716 ], [ -2632803.50800000037998, 3486160.127399999648333 ], [ -2631022.161500000394881, 3485295.909799999557436 ], [ -2630352.752100000157952, 3484599.1776 ], [ -2628239.06290000025183, 3484255.088600000366569 ], [ -2624845.627299999818206, 3483676.2752 ], [ -2624383.8624, 3481814.240299999713898 ], [ -2629671.045699999667704, 3481446.199400000274181 ], [ -2630345.729899999685585, 3482148.421699999831617 ], [ -2631066.9408, 3482841.349899999797344 ], [ -2643694.976099999621511, 3483194.732900000177324 ], [ -2648508.526800000108778, 3483686.699 ], [ -2648954.6212, 3484606.199799999594688 ], [ -2649663.865799999795854, 3484950.28870000038296 ], [ -2650033.410299999639392, 3486089.089100000448525 ], [ -2655816.919099999591708, 3485971.058299999684095 ], [ -2656327.9556, 3485017.461500000208616 ], [ -2654221.288599999621511, 3484606.199799999594688 ], [ -2653877.199699999764562, 3483839.631 ], [ -2663971.798100000247359, 3484045.643199999816716 ], [ -2667506.994, 3484951.648199999704957 ], [ -2670997.76410000026226, 3485301.39989999961108 ], [ -2671488.5208, 3483288.295599999837577 ], [ -2673203.43819999974221, 3482731.799200000241399 ], [ -2691981.381699999794364, 3482148.421699999831617 ], [ -2692544.107699999585748, 3483308.326299999840558 ], [ -2699249.978000000119209, 3483171.471800000406802 ], [ -2700648.506199999712408, 3482451.017900000326335 ], [ -2703573.473000000230968, 3482510.7111 ], [ -2704079.073099999688566, 3483552.86629999987781 ], [ -2704814.108300000429153, 3483909.4676 ], [ -2705483.517699999734759, 3484606.199799999594688 ], [ -2709150.420300000347197, 3484950.28870000038296 ], [ -2713207.963200000114739, 3483194.732900000177324 ], [ -2717790.511199999600649, 3482634.770700000226498 ], [ -2721402.454699999652803, 3481398.467899999581277 ], [ -2724843.786999999545515, 3481468.699099999852479 ], [ -2725672.373800000175834, 3482331.105899999849498 ], [ -2727549.1541, 3481688.718000000342727 ], [ -2733011.83559999987483, 3481800.201299999840558 ], [ -2733572.410400000400841, 3482683.709800000302494 ], [ -2732519.076899999752641, 3483194.732900000177324 ], [ -2732174.9879, 3483961.301699999719858 ], [ -2737015.05530000012368, 3483862.52489999961108 ], [ -2737434.633100000210106, 3482141.399500000290573 ], [ -2738846.099899999797344, 3481797.310499999672174 ], [ -2739269.297799999825656, 3480061.3355 ], [ -2743682.900600000284612, 3479629.66579999960959 ], [ -2747093.701100000180304, 3478755.5411 ], [ -2750223.262400000356138, 3479557.5894 ], [ -2750948.901600000448525, 3478802.332299999892712 ], [ -2751522.645899999886751, 3478251.087799999862909 ], [ -2755699.435499999672174, 3477232.865500000305474 ], [ -2758178.46059999987483, 3476160.278699999675155 ], [ -2758142.954199999570847, 3474420.465099999681115 ], [ -2758172.282200000248849, 3472983.3964 ], [ -2753953.073300000280142, 3473069.5027 ], [ -2753592.7686, 3471959.175900000147521 ], [ -2750425.745900000445545, 3471615.086900000460446 ], [ -2750081.656999999657273, 3470929.026800000108778 ], [ -2755532.501299999654293, 3470561.753499999642372 ], [ -2756050.477800000458956, 3471629.4194 ], [ -2758431.080299999564886, 3471580.835699999704957 ], [ -2758852.41370000038296, 3469852.508899999782443 ], [ -2764126.10329999960959, 3469508.42 ], [ -2764470.192300000227988, 3468966.1097 ], [ -2763416.858799999579787, 3468455.086500000208616 ], [ -2763072.769899999722838, 3467601.723600000143051 ], [ -2766934.992600000463426, 3466348.419599999673665 ], [ -2767279.081500000320375, 3465990.2862 ], [ -2767661.5777000002563, 3465622.789800000376999 ], [ -2770446.1042, 3464943.974899999797344 ], [ -2770790.193099999800324, 3464213.233799999579787 ], [ -2767984.815000000409782, 3464270.486399999819696 ], [ -2765690.371000000275671, 3464223.661000000312924 ], [ -2765179.43680000025779, 3463203.847500000149012 ], [ -2770797.215300000272691, 3462837.308000000193715 ], [ -2774632.284799999557436, 3462401.698800000362098 ], [ -2776759.0828, 3462837.308000000193715 ], [ -2779841.422799999825656, 3463339.084300000220537 ], [ -2780270.19440000038594, 3462576.2253 ], [ -2777449.222799999639392, 3461780.566700000315905 ], [ -2776766.105000000447035, 3460372.5077 ], [ -2775872.887799999676645, 3459939.164599999785423 ], [ -2769994.048600000329316, 3460059.1409 ], [ -2768690.54839999973774, 3460730.640999999828637 ], [ -2766392.682300000451505, 3461074.730000000447035 ], [ -2765827.4539, 3459909.667399999685585 ], [ -2761228.345099999569356, 3460694.130800000391901 ], [ -2753821.610399999655783, 3459937.129800000227988 ], [ -2752637.4424, 3458704.628399999812245 ], [ -2749867.559999999590218, 3458163.894399999640882 ], [ -2744463.878499999642372, 3458623.974100000225008 ], [ -2738906.2505, 3458968.063 ], [ -2738494.988800000399351, 3456861.396099999547005 ], [ -2737884.614500000141561, 3455078.1458 ], [ -2741303.878100000321865, 3454410.6402000002563 ], [ -2741647.967000000178814, 3453729.449500000104308 ], [ -2737083.5219, 3453357.306699999608099 ], [ -2736739.433000000193715, 3451945.8399 ], [ -2735679.0773, 3451601.750900000333786 ], [ -2735334.988400000147521, 3450583.440999999642372 ], [ -2739715.946000000461936, 3450048.111999999731779 ], [ -2740243.52240000013262, 3449467.545800000429153 ], [ -2739541.299999999813735, 3448792.861700000241399 ], [ -2739197.2111, 3447911.644299999810755 ], [ -2750604.812599999830127, 3448144.452499999664724 ], [ -2753644.3147, 3448082.421900000423193 ], [ -2756352.272900000214577, 3447155.536799999885261 ], [ -2759522.307799999602139, 3447804.821100000292063 ], [ -2764259.525600000284612, 3447708.1431 ], [ -2764834.287899999879301, 3445936.93680000025779 ], [ -2765881.659099999815226, 3444930.638899999670684 ], [ -2766288.5335, 3443261.623599999584258 ], [ -2768685.192900000140071, 3442483.899600000120699 ], [ -2769199.253499999642372, 3441424.3054 ], [ -2774823.831199999898672, 3441068.416199999861419 ], [ -2775354.6382, 3442046.6014 ], [ -2772194.637699999846518, 3442816.949799999594688 ], [ -2771850.5488, 3443175.083100000396371 ], [ -2771492.415400000289083, 3443519.1721 ], [ -2771148.326500000432134, 3444180.381400000303984 ], [ -2774180.230000000447035, 3444603.638600000180304 ], [ -2775898.860500000417233, 3444568.564500000327826 ], [ -2776407.971599999815226, 3443519.1721 ], [ -2777839.954400000162423, 3443175.083100000396371 ], [ -2778562.038599999621511, 3443926.640100000426173 ], [ -2783052.210099999792874, 3443835.003999999724329 ], [ -2783430.194799999706447, 3444228.416600000113249 ], [ -2784266.717799999751151, 3444634.254499999806285 ], [ -2788769.709599999710917, 3444542.356700000353158 ], [ -2789399.084499999880791, 3443849.767300000414252 ], [ -2788696.862200000323355, 3443175.083100000396371 ], [ -2788352.773199999704957, 3442533.011300000362098 ], [ -2790658.162200000137091, 3442082.955299999564886 ], [ -2794202.0554, 3442155.279699999839067 ], [ -2794665.751899999566376, 3443359.260099999606609 ], [ -2792217.852900000289083, 3444546.854600000195205 ], [ -2791863.884800000116229, 3445465.927000000141561 ], [ -2792917.218299999833107, 3445976.950199999846518 ], [ -2793261.307199999690056, 3447388.417000000365078 ], [ -2793655.809000000357628, 3447767.448099999688566 ], [ -2798180.37459999974817, 3447675.110000000335276 ], [ -2802385.748100000433624, 3447760.934000000357628 ], [ -2802741.308500000275671, 3447097.456399999558926 ], [ -2800634.64159999974072, 3446686.19469999987632 ], [ -2800290.5526, 3446001.076000000350177 ], [ -2805542.134499999694526, 3445632.861200000159442 ], [ -2806252.420099999755621, 3446981.291400000452995 ], [ -2803794.642, 3447381.394799999892712 ], [ -2803450.553000000305474, 3448006.757000000216067 ], [ -2805206.108799999579787, 3448434.72829999960959 ], [ -2805613.749099999666214, 3450522.84499999973923 ], [ -2809770.553899999707937, 3450892.506400000303984 ], [ -2810450.331199999898672, 3451600.029699999839067 ], [ -2813548.8942, 3451945.8399 ], [ -2814037.496000000275671, 3449941.575400000438094 ], [ -2819872.979600000195205, 3450794.325199999846518 ], [ -2820299.77419999986887, 3449479.100999999791384 ], [ -2823815.000199999660254, 3448792.861700000241399 ], [ -2824159.089100000448525, 3447758.4051 ], [ -2819243.5329, 3447388.417000000365078 ], [ -2818899.44400000013411, 3446821.783300000242889 ], [ -2821419.045199999585748, 3445632.861200000159442 ], [ -2824237.299200000241399, 3446355.127299999818206 ], [ -2829067.7067, 3446256.547600000165403 ], [ -2829428.571000000461936, 3448105.056300000287592 ], [ -2830965.964100000448525, 3448073.6809 ], [ -2831532.423499999567866, 3446328.061300000175834 ], [ -2837037.707899999804795, 3445879.211199999786913 ], [ -2837501.31319999974221, 3444923.61670000012964 ], [ -2839284.407100000418723, 3444579.527800000272691 ], [ -2839959.091300000436604, 3445281.750099999830127 ], [ -2840317.224600000306964, 3445625.838999999687076 ], [ -2840835.087100000120699, 3446164.8388 ], [ -2845896.616100000217557, 3445425.188400000333786 ], [ -2847013.49959999974817, 3446000.5526 ], [ -2849797.2259, 3446679.172500000335276 ], [ -2850141.314799999818206, 3447360.363199999555945 ], [ -2845576.869800000451505, 3447732.506 ], [ -2845160.4244, 3448590.893400000408292 ], [ -2837153.713100000284612, 3448427.491100000217557 ], [ -2836426.912999999709427, 3448442.323699999600649 ], [ -2835418.61629999987781, 3449491.775399999693036 ], [ -2833639.090400000102818, 3449839.172899999655783 ], [ -2833295.001500000245869, 3451250.6398 ], [ -2830910.610999999567866, 3451716.1184 ], [ -2825436.659599999897182, 3450916.200000000186265 ], [ -2821726.914800000376999, 3451866.9386 ], [ -2821357.222099999897182, 3453006.195600000210106 ], [ -2818507.025600000284612, 3453350.2845 ], [ -2817143.8882, 3452648.062199999578297 ], [ -2815548.244400000199676, 3452303.973199999891222 ], [ -2815037.221300000324845, 3453357.306699999608099 ], [ -2814358.59499999973923, 3454009.32010000012815 ], [ -2805901.308899999596179, 3454403.617999999783933 ], [ -2805557.21999999973923, 3455045.689799999818206 ], [ -2807663.886900000274181, 3455456.951399999670684 ], [ -2810720.546799999661744, 3456083.0143 ], [ -2816625.842799999751151, 3456510.284900000318885 ], [ -2817136.86600000038743, 3455456.951399999670684 ], [ -2819166.672799999825656, 3455112.862499999813735 ], [ -2819621.403800000436604, 3456978.1875 ], [ -2824082.796500000171363, 3457601.003100000321865 ], [ -2827093.5949, 3457539.558199999853969 ], [ -2827670.2007, 3455875.235299999825656 ], [ -2825563.533800000324845, 3455463.9737 ], [ -2825219.444799999706447, 3454832.3158 ], [ -2828646.673999999649823, 3454059.529 ], [ -2829074.645399999804795, 3455815.084800000302494 ], [ -2833076.6815, 3456159.1738 ], [ -2833639.090400000102818, 3455272.774500000290573 ], [ -2832231.134700000286102, 3454589.706899999640882 ], [ -2831188.334499999880791, 3454052.506799999624491 ], [ -2829074.645399999804795, 3453708.417899999767542 ], [ -2828730.556400000117719, 3453036.557699999772012 ], [ -2832241.667999999597669, 3452655.0844 ], [ -2838257.246000000275671, 3451939.450299999676645 ], [ -2839607.980100000277162, 3451243.617499999701977 ], [ -2842256.957399999722838, 3450899.528599999845028 ], [ -2842767.980499999597669, 3451952.862099999561906 ], [ -2843344.06209999974817, 3452506.35219999961555 ], [ -2847203.970499999821186, 3451847.973199999891222 ], [ -2847683.5367, 3450976.388799999840558 ], [ -2845081.767199999652803, 3450342.126500000245869 ], [ -2844530.558500000275671, 3449022.3021 ], [ -2850520.514899999834597, 3449144.5461 ], [ -2851303.639399999752641, 3449959.634800000116229 ], [ -2858592.3449, 3448582.169800000265241 ], [ -2858541.081199999898672, 3446070.245400000363588 ], [ -2854175.582100000232458, 3445460.816800000146031 ], [ -2851552.781700000166893, 3444923.61670000012964 ], [ -2849341.08530000038445, 3444491.851300000213087 ], [ -2848454.072599999606609, 3443568.63399999961257 ], [ -2845232.780899999663234, 3444228.416600000113249 ], [ -2842045.2423, 3444572.5055 ], [ -2841045.237700000405312, 3443531.684399999678135 ], [ -2840295.869900000281632, 3443168.129800000227988 ], [ -2840318.391099999658763, 3442064.59250000026077 ], [ -2845053.714200000278652, 3442161.231700000353158 ], [ -2847375.436700000427663, 3442113.849700000137091 ], [ -2848736.870199999772012, 3441412.505099999718368 ], [ -2851090.012500000186265, 3441068.416199999861419 ], [ -2851545.759499999694526, 3442472.8608 ], [ -2851903.892900000326335, 3442816.949799999594688 ], [ -2852247.981800000183284, 3443175.083100000396371 ], [ -2854258.654199999757111, 3443827.553000000305474 ], [ -2859657.0005, 3444572.5055 ], [ -2859614.969499999657273, 3442512.987800000235438 ], [ -2856812.426900000311434, 3442121.749699999578297 ], [ -2856468.337899999693036, 3441579.439399999566376 ], [ -2858221.010300000198185, 3440729.13300000037998 ], [ -2858620.845499999821186, 3439088.992700000293553 ], [ -2861054.421500000171363, 3437908.346900000236928 ], [ -2861004.536999999545515, 3435464.00690000038594 ], [ -2861383.894100000150502, 3435099.526499999687076 ], [ -2861727.983099999837577, 3433503.8827 ], [ -2860674.649600000120699, 3432992.85950000025332 ], [ -2860330.560700000263751, 3432614.21030000038445 ], [ -2861054.006699999794364, 3431919.134600000455976 ], [ -2860997.049200000241399, 3429128.213999999687076 ], [ -2863173.734899999573827, 3428779.525600000284612 ], [ -2864536.8723, 3429481.747999999672174 ], [ -2865631.513000000268221, 3429825.836900000460446 ], [ -2867039.345700000412762, 3429100.589700000360608 ], [ -2867696.8728, 3427690.507799999788404 ], [ -2863499.056099999696016, 3427776.177500000223517 ], [ -2863139.449900000356138, 3426617.7824 ], [ -2863855.716699999757111, 3424525.159900000318885 ], [ -2864802.1404, 3423615.8509 ], [ -2868055.006099999882281, 3423161.747100000269711 ], [ -2871507.072100000455976, 3422572.933199999853969 ], [ -2871910.2067, 3424147.9079 ], [ -2868832.482099999673665, 3424748.7385 ], [ -2868406.1173, 3425585.871799999848008 ], [ -2872268.339999999850988, 3425963.614199999719858 ], [ -2873626.554999999701977, 3426663.300699999555945 ], [ -2875077.229299999773502, 3427016.947599999606609 ], [ -2875421.318199999630451, 3427684.1464 ], [ -2872261.317800000309944, 3428070.28110000025481 ], [ -2871566.117700000293553, 3428428.4145 ], [ -2870856.873200000263751, 3428772.503399999812245 ], [ -2870512.784199999645352, 3429151.152700000442564 ], [ -2871483.9983, 3430084.28000000026077 ], [ -2878070.2955, 3430528.0592 ], [ -2878720.744699999690056, 3429187.33739999961108 ], [ -2882322.516699999570847, 3428779.525600000284612 ], [ -2882794.652599999681115, 3430048.253899999894202 ], [ -2880083.659, 3430577.49170000012964 ], [ -2879615.019600000232458, 3432021.666299999691546 ], [ -2876474.651700000278652, 3432634.72620000038296 ], [ -2876130.562800000421703, 3433372.632799999788404 ], [ -2880394.0938, 3433285.622000000439584 ], [ -2883873.237200000323355, 3433879.05449999962002 ], [ -2883833.543499999679625, 3431934.06290000025183 ], [ -2887035.524600000120699, 3431588.414900000207126 ], [ -2888088.463499999605119, 3432684.331000000238419 ], [ -2891853.32039999961853, 3432607.497100000269711 ], [ -2892274.653800000436604, 3430879.170400000177324 ], [ -2898969.300200000405312, 3430283.8207 ], [ -2898915.9688, 3427670.583499999716878 ], [ -2911588.647900000214577, 3426895.350999999791384 ], [ -2913781.517900000326335, 3427645.93059999961406 ], [ -2917207.057199999690056, 3426944.3142 ], [ -2920196.2149, 3427556.551300000399351 ], [ -2920714.657599999569356, 3427016.947599999606609 ], [ -2921823.0674, 3426672.85869999974966 ], [ -2923874.658099999651313, 3427375.081000000238419 ], [ -2928446.125300000421703, 3427719.17 ], [ -2928790.214300000108778, 3428428.4145 ], [ -2930336.752299999818206, 3428805.431200000457466 ], [ -2934296.943599999882281, 3428724.610999999567866 ], [ -2936163.548600000329316, 3429481.747999999672174 ], [ -2937814.46860000025481, 3429825.836900000460446 ], [ -2938362.657700000330806, 3428136.519600000232458 ], [ -2942700.243300000205636, 3428876.375300000421703 ], [ -2950452.956199999898672, 3429474.725700000301003 ], [ -2950916.053600000217557, 3426629.9846 ], [ -2953403.106499999761581, 3426680.740799999795854 ], [ -2954090.6091, 3427396.3048 ], [ -2957469.416500000283122, 3427327.349499999545515 ], [ -2958634.662700000219047, 3427726.192200000397861 ], [ -2962389.211400000378489, 3428184.977400000207126 ], [ -2962847.996600000187755, 3429130.636800000444055 ], [ -2964147.805499999783933, 3429474.725700000301003 ], [ -2964671.2665, 3427861.611100000329316 ], [ -2968037.80379999987781, 3427375.081000000238419 ], [ -2968465.775100000202656, 3429130.636800000444055 ], [ -2969574.184899999760091, 3429474.725700000301003 ], [ -2970923.5532, 3428070.28110000025481 ], [ -2972022.337100000120699, 3427726.192200000397861 ], [ -2972679.109000000171363, 3428448.9304 ], [ -2971962.690700000151992, 3429137.253899999894202 ], [ -2971985.075400000438094, 3430234.105200000107288 ], [ -2975491.509399999864399, 3430162.545300000347197 ], [ -2975851.3114, 3431638.467899999581277 ], [ -2978676.087600000202656, 3431580.81940000038594 ], [ -2979350.221, 3430879.170400000177324 ], [ -2980059.465599999763072, 3430535.081399999558926 ], [ -2980403.55449999962002, 3429909.7193 ], [ -2978647.998700000345707, 3429481.747999999672174 ], [ -2978303.909799999557436, 3428824.1321 ], [ -2983281.289099999703467, 3428077.303299999795854 ], [ -2986021.332999999634922, 3428779.525600000284612 ], [ -2989506.284799999557436, 3429459.854899999685585 ], [ -2990234.666899999603629, 3430819.019899999722838 ], [ -2988128.0, 3431230.281499999575317 ], [ -2987081.688699999824166, 3431588.414900000207126 ], [ -2985491.1552, 3432104.5483 ], [ -2984975.021800000220537, 3432641.7484 ], [ -2984277.848500000312924, 3433311.581600000150502 ], [ -2983921.688299999572337, 3434060.028900000266731 ], [ -2985680.755199999548495, 3434913.437599999830127 ], [ -2986723.5554, 3435450.637699999846518 ], [ -2987432.7999, 3435794.726599999703467 ], [ -2987804.0324, 3436181.111499999649823 ], [ -2990728.935700000263751, 3436121.419599999673665 ], [ -2995220.967000000178814, 3436631.650299999862909 ], [ -3005316.323300000280142, 3436425.622600000351667 ], [ -3005687.892799999564886, 3437570.663200000301003 ], [ -3009223.188299999572337, 3438252.504700000397861 ], [ -3009179.893500000238419, 3436131.06180000025779 ], [ -3012358.18099999986589, 3436195.924800000153482 ], [ -3017946.485100000165403, 3436081.8778 ], [ -3018323.559600000269711, 3436813.036500000394881 ], [ -3015163.5592, 3437199.17119999974966 ], [ -3014819.470200000330806, 3437860.380599999800324 ], [ -3017628.35950000025332, 3438252.504700000397861 ], [ -3018761.989799999631941, 3438836.496100000105798 ], [ -3023523.221800000406802, 3438024.379599999636412 ], [ -3023962.1738, 3439377.068300000391901 ], [ -3029035.96100000012666, 3439273.521599999628961 ], [ -3031097.89740000013262, 3439315.60190000012517 ], [ -3032200.721699999645352, 3440997.6875 ], [ -3034475.07799999974668, 3442101.088100000284612 ], [ -3034825.784, 3442823.972 ], [ -3038706.399600000120699, 3443203.5132 ], [ -3046303.914900000207126, 3443048.461900000460446 ], [ -3048650.030299999751151, 3443649.72759999986738 ], [ -3055004.115199999883771, 3444271.184999999590218 ], [ -3061125.878700000233948, 3443790.122000000439584 ], [ -3063552.756, 3444287.193199999630451 ], [ -3067233.1913, 3444212.082299999892712 ], [ -3070041.007299999706447, 3443492.49129999987781 ], [ -3071900.3427, 3443530.4369 ], [ -3073489.264600000344217, 3444607.49129999987781 ], [ -3076306.056200000457466, 3444550.005800000391901 ], [ -3076959.122999999672174, 3443870.283200000412762 ], [ -3085392.813, 3443526.194299999624491 ], [ -3085736.9019, 3442465.838600000366569 ], [ -3086274.102, 3441949.705199999734759 ], [ -3086824.131199999712408, 3441377.2259 ], [ -3092961.4529, 3441502.477400000207126 ], [ -3094163.56969999987632, 3442121.749699999578297 ], [ -3095244.4413, 3442465.838600000366569 ], [ -3095919.1255, 3441763.61629999987781 ], [ -3097681.703499999828637, 3441419.527300000190735 ], [ -3099430.237099999561906, 3441061.394000000320375 ], [ -3101543.926300000399351, 3440717.304999999701977 ], [ -3101888.0152000002563, 3440050.106300000101328 ], [ -3098459.358900000341237, 3439631.143299999646842 ], [ -3095926.14780000038445, 3438603.615899999625981 ], [ -3093110.2363, 3438259.5269 ], [ -3092711.942099999636412, 3437438.553299999795854 ], [ -3088327.003999999724329, 3438186.48589999973774 ], [ -3087850.591099999845028, 3437185.335400000214577 ], [ -3089950.640999999828637, 3436166.49930000025779 ], [ -3090301.347, 3435443.615399999544024 ], [ -3090659.480399999767542, 3434748.415300000458956 ], [ -3091003.569299999624491, 3433069.719700000248849 ], [ -3089112.942300000227988, 3432608.820600000210106 ], [ -3086544.457600000314415, 3432661.238599999807775 ], [ -3085997.139600000344217, 3434347.8717 ], [ -3083981.346199999563396, 3434741.3931 ], [ -3083496.322100000455976, 3435741.136599999852479 ], [ -3082092.999200000427663, 3436145.8377 ], [ -3081530.590300000272691, 3435259.438500000163913 ], [ -3082598.256199999712408, 3434741.462000000290573 ], [ -3082573.032100000418723, 3433505.481800000183284 ], [ -3080470.2346, 3432992.85950000025332 ], [ -3080126.145600000396371, 3432227.6173 ], [ -3084604.354299999773502, 3430964.532800000160933 ], [ -3085034.67960000038147, 3432290.637199999764562 ], [ -3085764.440100000239909, 3432634.72620000038296 ], [ -3086439.12430000025779, 3431932.5038 ], [ -3086870.1404, 3431518.3903 ], [ -3092961.014000000432134, 3431642.693799999542534 ], [ -3093530.165199999697506, 3433977.375199999660254 ], [ -3096311.331000000238419, 3434655.370900000445545 ], [ -3096255.314500000327826, 3431910.559399999678135 ], [ -3101089.9901, 3432009.226300000213087 ], [ -3102239.126400000415742, 3431230.281499999575317 ], [ -3103684.878200000151992, 3430886.192599999718368 ], [ -3105155.31940000038594, 3431643.692599999718368 ], [ -3109310.505099999718368, 3431558.892900000326335 ], [ -3109963.571899999864399, 3430879.170400000177324 ], [ -3111563.908699999563396, 3430535.081399999558926 ], [ -3112070.238800000399351, 3431608.930800000205636 ], [ -3111368.0165, 3432283.615000000223517 ], [ -3111023.9276, 3433014.356100000441074 ], [ -3112629.236999999731779, 3432981.594700000248849 ], [ -3114461.792500000447035, 3431739.392699999734759 ], [ -3114879.128100000321865, 3430879.170400000177324 ], [ -3117208.212000000290573, 3430535.081399999558926 ], [ -3117688.017300000414252, 3432992.85950000025332 ], [ -3121468.805100000463426, 3433336.9485 ], [ -3121901.35120000038296, 3429937.494900000281632 ], [ -3120496.906600000336766, 3429481.747999999672174 ], [ -3120152.817699999548495, 3428637.685999999754131 ], [ -3123332.005699999630451, 3427606.029 ], [ -3123284.572100000455976, 3425281.783300000242889 ], [ -3123916.447599999606609, 3424674.687199999578297 ], [ -3124359.129300000146031, 3424187.542500000447035 ], [ -3123477.840300000272691, 3423340.813799999654293 ], [ -3122961.706899999640882, 3422803.613699999637902 ], [ -3121556.022199999541044, 3422121.647900000214577 ], [ -3121206.151100000366569, 3421320.861499999649823 ], [ -3124366.151600000448525, 3420703.968999999575317 ], [ -3124710.240500000305474, 3420345.83559999987483 ], [ -3125287.1848, 3419791.51659999974072 ], [ -3128002.7796, 3418948.413200000301003 ], [ -3128923.574400000274181, 3420352.857900000177324 ], [ -3135952.819799999706447, 3420696.9468 ], [ -3136452.342899999581277, 3421216.8586 ], [ -3145253.7544, 3421037.237999999895692 ], [ -3151018.214200000278652, 3421154.879999999888241 ], [ -3151394.688500000163913, 3419994.724499999545515 ], [ -3152097.6266, 3419319.35259999986738 ], [ -3152448.021999999880791, 3418217.6721 ], [ -3150110.407100000418723, 3418265.378499999642372 ], [ -3149639.178899999707937, 3416813.22649999987334 ], [ -3147535.97690000012517, 3416856.149000000208616 ], [ -3144830.22649999987334, 3416800.92960000038147 ], [ -3142929.4715, 3415512.4983 ], [ -3139112.8202, 3416490.635099999606609 ], [ -3137041.176799999549985, 3416834.724000000394881 ], [ -3136655.042100000195205, 3413674.723600000143051 ], [ -3134029.399400000460446, 3412822.693900000303984 ], [ -3128999.618800000287592, 3412003.892400000244379 ], [ -3127175.04079999960959, 3412628.412399999797344 ], [ -3119627.971800000406802, 3412972.501299999654293 ], [ -3119099.484199999831617, 3411986.340599999763072 ], [ -3121206.151100000366569, 3411575.0789 ], [ -3121619.861200000159442, 3410300.1765 ], [ -3122610.595800000242889, 3409819.52309999987483 ], [ -3123118.310700000263751, 3408773.008600000292063 ], [ -3127966.6244, 3408415.078499999828637 ], [ -3132083.574799999594688, 3409117.300800000317395 ], [ -3134899.4863, 3409461.389700000174344 ], [ -3137350.242200000211596, 3410170.6343 ], [ -3139328.646099999547005, 3410556.856499999761581 ], [ -3144730.5987, 3411216.94550000037998 ], [ -3146950.406600000336766, 3411671.605000000447035 ], [ -3148936.910400000400841, 3410865.8344 ], [ -3150348.377299999818206, 3410521.745400000363588 ], [ -3152104.82120000012219, 3409188.966300000436604 ], [ -3158666.911899999715388, 3408695.0455 ], [ -3159119.13399999961257, 3407524.199400000274181 ], [ -3157012.467000000178814, 3407010.6338 ], [ -3155966.155799999833107, 3406652.5005 ], [ -3154554.688900000415742, 3406308.411500000394881 ], [ -3152985.222099999897182, 3405771.211500000208616 ], [ -3151394.688500000163913, 3405255.078099999576807 ], [ -3151050.599600000306964, 3404876.42879999987781 ], [ -3151752.821899999864399, 3404201.744599999859929 ], [ -3152096.910799999721348, 3403559.672799999825656 ], [ -3149990.243900000117719, 3403148.411100000143051 ], [ -3147758.139600000344217, 3402384.402200000360608 ], [ -3144375.97649999987334, 3402453.426 ], [ -3142620.420699999667704, 3402417.598299999721348 ], [ -3139112.8202, 3402489.182 ], [ -3138410.597900000400841, 3401716.428299999795854 ], [ -3139423.113900000229478, 3400743.618900000117719 ], [ -3145995.884399999864399, 3400207.7357 ], [ -3146479.132299999706447, 3399446.100399999879301 ], [ -3142571.129800000227988, 3397550.138799999840558 ], [ -3138403.5757, 3397179.5214 ], [ -3137357.264399999752641, 3396821.388000000268221 ], [ -3134346.747000000439584, 3396477.299100000411272 ], [ -3132444.048899999819696, 3397767.047399999573827 ], [ -3128088.60259999986738, 3398240.255599999800324 ], [ -3122347.675499999895692, 3399219.47719999961555 ], [ -3119768.290400000289083, 3400548.251400000415742 ], [ -3116283.572700000368059, 3401034.721900000236928 ], [ -3115734.128499999642372, 3401606.59250000026077 ], [ -3113992.728799999691546, 3402088.0554 ], [ -3113471.309999999590218, 3401013.294200000353158 ], [ -3106217.479600000195205, 3401161.331500000320375 ], [ -3102775.4068, 3400658.335199999623001 ], [ -3098907.081500000320375, 3400737.280600000172853 ], [ -3091880.717299999669194, 3400593.8854 ], [ -3088954.1217, 3401093.070600000210106 ], [ -3085901.924200000241399, 3401030.780899999663234 ], [ -3085321.853000000119209, 3399835.123999999836087 ], [ -3081549.536999999545515, 3398610.995000000111759 ], [ -3081179.479100000113249, 3398225.832700000144541 ], [ -3080423.419800000265241, 3397499.4227 ], [ -3075554.678399999625981, 3396126.18790000025183 ], [ -3075210.5894, 3395381.1157 ], [ -3079771.523400000296533, 3395474.196000000461936 ], [ -3083796.1732, 3395392.0603 ], [ -3086439.12430000025779, 3394714.721099999733269 ], [ -3089255.035699999891222, 3394370.63219999987632 ], [ -3091943.842799999751151, 3393912.006199999712408 ], [ -3092408.013899999670684, 3392970.398 ], [ -3081509.3531, 3392614.612300000153482 ], [ -3080828.367999999783933, 3391905.831799999810755 ], [ -3078012.456500000320375, 3391561.7429 ], [ -3076847.21030000038445, 3391162.9002 ], [ -3071520.4112, 3391271.610399999655783 ], [ -3067562.510599999688566, 3391190.836900000460446 ], [ -3067111.551699999719858, 3387500.33600000012666 ], [ -3066074.6771, 3386997.297799999825656 ], [ -3065730.588200000114739, 3386618.64850000012666 ], [ -3066781.439299999736249, 3385609.00719999987632 ], [ -3067128.010599999688566, 3383353.647599999792874 ], [ -3065389.3564, 3382213.735299999825656 ], [ -3062914.676699999719858, 3381730.6305 ], [ -3062570.5877, 3381032.618700000457466 ], [ -3073455.033599999733269, 3380677.29700000025332 ], [ -3075679.5954, 3379915.869800000451505 ], [ -3076608.011800000444055, 3378894.203099999576807 ], [ -3075885.324799999594688, 3378199.856700000353158 ], [ -3071639.941599999554455, 3377508.7478 ], [ -3069473.876000000163913, 3376767.342799999751151 ], [ -3063926.313400000333786, 3376880.558299999684095 ], [ -3063272.809999999590218, 3374517.5428 ], [ -3069832.26410000026226, 3373303.9627 ], [ -3070288.011, 3374708.4073 ], [ -3073806.144799999892712, 3375052.4962 ], [ -3074501.3449, 3375410.629599999636412 ], [ -3077553.1381, 3375836.6634 ], [ -3079768.012299999594688, 3377517.2966 ], [ -3086884.210799999535084, 3377952.619599999859929 ], [ -3091709.302699999883771, 3377854.148299999535084 ], [ -3094609.420699999667704, 3377913.3344 ], [ -3097158.750199999660254, 3377478.4989 ], [ -3097674.681300000287592, 3376540.823200000450015 ], [ -3095919.1255, 3376112.85190000012517 ], [ -3095575.036600000225008, 3375720.433600000105798 ], [ -3096628.3701, 3374708.4073 ], [ -3096972.458999999798834, 3373681.705 ], [ -3093110.2363, 3373303.9627 ], [ -3092415.0362, 3372945.829300000332296 ], [ -3088651.95380000025034, 3372577.783300000242889 ], [ -3088201.7023, 3371190.27350000012666 ], [ -3086790.235399999655783, 3370846.184600000269711 ], [ -3086119.6195, 3370148.19649999961257 ], [ -3086542.392199999652803, 3368739.5176 ], [ -3090730.668200000189245, 3369812.894899999722838 ], [ -3092801.258399999700487, 3369770.637900000438094 ], [ -3093674.230200000107288, 3368862.034699999727309 ], [ -3095463.378600000403821, 3368388.406499999575317 ], [ -3095939.961199999786913, 3369857.059000000357628 ], [ -3100385.259499999694526, 3369766.338600000366569 ], [ -3100847.666199999861419, 3368341.370799999684095 ], [ -3102227.124800000339746, 3367016.00870000012219 ], [ -3103292.45990000013262, 3365221.3838 ], [ -3104428.407700000330806, 3364175.072599999606609 ], [ -3107856.904900000430644, 3364877.2949 ], [ -3112013.702200000174344, 3365553.982800000347197 ], [ -3112498.009200000204146, 3363073.144799999892712 ], [ -3115068.7281, 3363125.6085 ], [ -3115584.861499999649823, 3365242.808799999766052 ], [ -3119710.417600000277162, 3365158.613699999637902 ], [ -3120145.795400000177324, 3363816.9392 ], [ -3121246.164599999785423, 3363459.865799999795854 ], [ -3122252.46239999961108, 3362412.4945 ], [ -3124984.491499999538064, 3362068.405600000172853 ], [ -3125412.462799999862909, 3363823.961400000378489 ], [ -3128622.216799999587238, 3364865.537200000137091 ], [ -3129274.685600000433624, 3364147.534400000236928 ], [ -3128552.9287, 3363454.081799999810755 ], [ -3127341.357900000177324, 3360956.762400000356138 ], [ -3119443.573099999688566, 3360312.8498 ], [ -3119027.465300000272691, 3359030.558299999684095 ], [ -3116718.566200000233948, 3358557.293999999761581 ], [ -3116269.162700000219047, 3360400.765700000338256 ], [ -3112536.809600000269711, 3359923.697999999858439 ], [ -3110003.4803, 3359975.3986 ], [ -3108917.260599999688566, 3359603.6053 ], [ -3107836.898199999704957, 3359253.0241 ], [ -3107107.552699999883771, 3358493.909400000236928 ], [ -3101983.649600000120699, 3358598.478799999691546 ], [ -3101475.1085, 3356512.422600000165403 ], [ -3099763.36780000012368, 3356095.13260000012815 ], [ -3098935.57149999961257, 3355233.548700000159442 ], [ -3097407.452499999664724, 3354695.0713 ], [ -3096969.445600000210106, 3356491.793600000441074 ], [ -3096249.720800000242889, 3357145.827200000174344 ], [ -3095340.219100000336766, 3356199.20299999974668 ], [ -3094170.592000000178814, 3356801.738199999555945 ], [ -3092056.902800000272691, 3357145.827200000174344 ], [ -3091712.813900000415742, 3357503.96059999987483 ], [ -3091170.503600000403821, 3357848.049499999731779 ], [ -3090659.480399999767542, 3356794.716 ], [ -3089551.070600000210106, 3356450.627100000157952 ], [ -3085754.182099999859929, 3357750.233199999667704 ], [ -3083351.789200000464916, 3356927.937599999830127 ], [ -3082935.034900000318885, 3356204.151700000278652 ], [ -3084339.479500000365078, 3355748.404799999669194 ], [ -3084683.5685, 3355080.700199999846518 ], [ -3081489.283099999651313, 3354695.0713 ], [ -3080143.093500000424683, 3356096.207399999722838 ], [ -3078363.567599999718368, 3356443.604899999685585 ], [ -3077925.582499999552965, 3358240.237599999643862 ], [ -3075719.7006, 3358195.219600000418723 ], [ -3075074.02489999961108, 3356864.337100000120699 ], [ -3073591.788099999539554, 3356383.346400000154972 ], [ -3070252.89989999961108, 3356451.4869 ], [ -3068907.692900000140071, 3357851.6003 ], [ -3067195.183299999684095, 3358199.1606 ], [ -3066783.9216, 3356092.493700000457466 ], [ -3066041.236600000411272, 3354996.849499999545515 ], [ -3063126.556400000117719, 3355056.332700000144541 ], [ -3062570.5877, 3355932.5817 ], [ -3064318.7642, 3356780.706899999640882 ], [ -3064670.2325, 3357447.946100000292063 ], [ -3062212.454400000162423, 3357848.049499999731779 ], [ -3061868.365399999544024, 3358206.182900000363588 ], [ -3061138.605000000447035, 3358550.271800000220537 ], [ -3060463.920800000429153, 3357848.049499999731779 ], [ -3059219.3882, 3357503.96059999987483 ], [ -3058708.365000000223517, 3358557.293999999761581 ], [ -3057964.8355, 3358901.38300000037998 ], [ -3056573.4759, 3358184.622000000439584 ], [ -3056615.7494, 3356113.222900000400841 ], [ -3055838.925599999725819, 3354967.215599999763072 ], [ -3054810.592899999581277, 3353979.209699999541044 ], [ -3054864.222699999809265, 3351351.353699999861419 ], [ -3051492.247899999842048, 3350802.4276 ], [ -3050983.919499999843538, 3349809.8772 ], [ -3054752.3777, 3349400.443900000303984 ], [ -3055190.231200000271201, 3347891.420599999837577 ], [ -3053146.349700000137091, 3347228.1743 ], [ -3052706.85149999987334, 3345425.334699999541044 ], [ -3050956.890599999576807, 3344857.4666 ], [ -3049956.376799999736249, 3343816.115500000305474 ], [ -3048526.379300000146031, 3343122.354399999603629 ], [ -3048175.0302, 3342447.193699999712408 ], [ -3051182.5532, 3342027.340099999681115 ], [ -3051679.119599999859929, 3340974.197999999858439 ], [ -3050291.083999999798834, 3339640.595200000330806 ], [ -3047465.785699999891222, 3339246.18030000012368 ], [ -3047121.6968, 3338584.971 ], [ -3049930.58600000012666, 3338192.846900000236928 ], [ -3052381.341900000348687, 3337834.713499999605119 ], [ -3055197.253399999812245, 3337490.6245 ], [ -3056243.5647, 3337132.4912 ], [ -3057676.528099999763072, 3336788.402200000360608 ], [ -3057633.813299999572337, 3338881.42989999987185 ], [ -3058006.142699999734759, 3339239.158099999651313 ], [ -3058683.362300000153482, 3339944.019299999810755 ], [ -3060220.758100000210106, 3340318.807400000281632 ], [ -3063468.019000000320375, 3340252.5367 ], [ -3065073.6563, 3340664.031700000166893 ], [ -3066429.2994, 3340636.365500000305474 ], [ -3067514.232800000347197, 3340658.507000000216067 ], [ -3068498.195000000298023, 3341682.630900000222027 ], [ -3069085.194500000216067, 3342048.047399999573827 ], [ -3070690.637299999594688, 3340959.794200000353158 ], [ -3074206.411500000394881, 3341031.544700000435114 ], [ -3075186.722500000149012, 3342051.86849999986589 ], [ -3077014.199300000444055, 3342399.1585 ], [ -3079065.789900000207126, 3341696.936200000345707 ], [ -3082280.866600000299513, 3341352.847299999557436 ], [ -3085252.194899999536574, 3342369.879099999554455 ], [ -3089352.121000000275671, 3341319.1442 ], [ -3091573.4666, 3341364.477800000458956 ], [ -3093110.2363, 3342406.180800000205636 ], [ -3093848.142900000326335, 3342750.2697 ], [ -3093808.5175, 3340808.625 ], [ -3091366.5082, 3339623.887799999676645 ], [ -3091010.5915, 3338823.557099999859929 ], [ -3094542.769799999892712, 3338895.642400000244379 ], [ -3095429.870900000445545, 3339818.9517 ], [ -3100061.1113, 3340322.124200000427663 ], [ -3100483.570600000210106, 3342055.0696 ], [ -3101547.437400000169873, 3342571.20299999974668 ], [ -3102590.237499999813735, 3343108.403099999763072 ], [ -3103650.5932, 3343452.49199999962002 ], [ -3104855.352699999697506, 3343864.859299999661744 ], [ -3108415.1716, 3343792.21 ], [ -3109261.349499999545515, 3342048.047399999573827 ], [ -3111658.977099999785423, 3341703.958399999886751 ], [ -3112073.547399999573827, 3343827.573200000450015 ], [ -3113307.777800000272691, 3345013.402499999850988 ], [ -3116544.489900000393391, 3344461.32120000012219 ], [ -3116990.4611, 3343087.0017 ], [ -3119396.8097, 3343136.1108 ], [ -3120145.795400000177324, 3342750.2697 ], [ -3122657.1014, 3342399.688500000163913 ], [ -3124987.513000000268221, 3341602.030899999663234 ], [ -3125739.764000000432134, 3339283.869400000199676 ], [ -3122954.6847, 3338895.069199999794364 ], [ -3122610.595800000242889, 3337419.112499999813735 ], [ -3127804.073400000110269, 3337525.10190000012517 ], [ -3130977.727300000376999, 3336438.817599999718368 ], [ -3133155.2538, 3336084.3366 ], [ -3133839.130599999800324, 3334674.713000000454485 ], [ -3137192.753200000151992, 3334330.624099999666214 ], [ -3137701.35329999960959, 3335394.403599999845028 ], [ -3134892.464100000448525, 3336079.157700000330806 ], [ -3134517.282800000160933, 3337618.1667 ], [ -3131030.24129999987781, 3338185.8246 ], [ -3130686.1524, 3338930.896800000220537 ], [ -3135531.486399999819696, 3338832.012500000186265 ], [ -3135945.797600000165403, 3337132.4912 ], [ -3137708.3756, 3336788.402200000360608 ], [ -3138073.1869, 3336036.4441 ], [ -3141254.598299999721348, 3336101.370799999684095 ], [ -3141914.687199999578297, 3336788.402200000360608 ], [ -3142828.966799999587238, 3337132.4912 ], [ -3145470.9222999997437, 3336060.854600000195205 ], [ -3146391.734000000171363, 3335102.458700000308454 ], [ -3146871.550699999555945, 3334681.735299999825656 ], [ -3147883.576899999752641, 3335735.068699999712408 ], [ -3151050.599600000306964, 3336079.157700000330806 ], [ -3151394.688500000163913, 3336704.519799999892712 ], [ -3149032.763500000350177, 3337280.3125 ], [ -3148592.82149999961257, 3338213.362800000235438 ], [ -3149545.16260000038892, 3339128.357200000435114 ], [ -3151290.052699999883771, 3339590.269299999810755 ], [ -3151745.799700000323355, 3338185.8246 ], [ -3153157.2665, 3337841.7357 ], [ -3154905.800099999643862, 3337132.4912 ], [ -3157013.891200000420213, 3336448.408599999733269 ], [ -3157363.578200000338256, 3335753.9457 ], [ -3152448.021999999880791, 3335383.957600000314415 ], [ -3152103.9331, 3335025.824199999682605 ], [ -3149288.021599999628961, 3334681.735299999825656 ], [ -3148943.9326, 3333905.206299999728799 ], [ -3151098.653599999845028, 3332926.17949999962002 ], [ -3153191.276100000366569, 3333642.44620000012219 ], [ -3153852.4666, 3334330.624099999666214 ], [ -3158519.9742, 3334674.713000000454485 ], [ -3159821.356300000101328, 3332919.1573 ], [ -3161935.0455, 3332575.068300000391901 ], [ -3162279.134399999864399, 3331514.712600000202656 ], [ -3165831.5532, 3331170.623700000345707 ], [ -3166843.5795, 3332223.9572 ], [ -3167903.935200000181794, 3332568.0461 ], [ -3168248.0241, 3333295.314899999648333 ], [ -3166120.841199999675155, 3333972.4907 ], [ -3165296.854100000113249, 3333114.871500000357628 ], [ -3162077.708200000226498, 3333663.956600000150502 ], [ -3161583.934299999848008, 3334681.735299999825656 ], [ -3160172.46750000026077, 3335025.824199999682605 ], [ -3159828.378499999642372, 3335770.8964 ], [ -3162686.42339999973774, 3335712.56900000013411 ], [ -3163683.579, 3334674.713000000454485 ], [ -3165466.673000000417233, 3333979.513000000268221 ], [ -3166650.205, 3335211.352400000207126 ], [ -3170382.2292, 3335728.046500000171363 ], [ -3171366.71239999961108, 3334703.380300000309944 ], [ -3173514.691499999724329, 3336437.2911 ], [ -3178323.2993, 3336907.593999999575317 ], [ -3180185.80350000038743, 3336430.268799999728799 ], [ -3181969.878100000321865, 3336086.17989999987185 ], [ -3181938.636400000192225, 3337617.024600000120699 ], [ -3180185.80350000038743, 3338185.8246 ], [ -3179841.714499999769032, 3339382.809399999678135 ], [ -3181652.2089, 3339941.380400000140071 ], [ -3183856.057300000451505, 3338806.064600000157952 ], [ -3184412.121899999678135, 3337092.477699999697506 ], [ -3185459.49309999961406, 3336086.17989999987185 ], [ -3185803.582000000402331, 3335707.530600000172853 ], [ -3185072.294200000353158, 3335004.920800000429153 ], [ -3182306.308299999684095, 3335061.3695 ], [ -3181931.101300000213087, 3334287.9836 ], [ -3179117.6941, 3334345.400000000372529 ], [ -3179159.171299999579787, 3332313.0152000002563 ], [ -3178640.779199999757111, 3329782.041899999603629 ], [ -3180895.048000000417233, 3329415.067900000140071 ], [ -3181239.137000000104308, 3328354.7122 ], [ -3182483.669599999673665, 3328010.6233 ], [ -3182994.692699999548495, 3329063.9567 ], [ -3185810.6042, 3329408.045699999667704 ], [ -3186229.101700000464916, 3329843.624699999578297 ], [ -3192694.135800000280142, 3329711.685200000181794 ], [ -3194333.1415, 3330272.687199999578297 ], [ -3197045.0066, 3329577.686599999666214 ], [ -3198115.645899999886751, 3330129.228000000119209 ], [ -3202312.828700000420213, 3330812.490299999713898 ], [ -3203008.028800000436604, 3331170.623700000345707 ], [ -3206201.22510000038892, 3331517.556300000287592 ], [ -3207572.473799999803305, 3332223.9572 ], [ -3208714.7292, 3332594.6228 ], [ -3208577.7533, 3334323.60190000012517 ], [ -3206486.254200000315905, 3333607.719700000248849 ], [ -3204587.185999999754131, 3333646.476099999621511 ], [ -3204068.384499999694526, 3334614.5625 ], [ -3206175.051400000229478, 3335025.824199999682605 ], [ -3209124.601800000295043, 3335781.739099999889731 ], [ -3209761.637000000104308, 3337744.847699999809265 ], [ -3212136.9189, 3336781.379999999888241 ], [ -3214974.326999999582767, 3335735.068699999712408 ], [ -3214943.694299999624491, 3337236.068900000303984 ], [ -3212488.03000000026077, 3337834.713499999605119 ], [ -3212143.941100000403821, 3338565.454599999822676 ], [ -3214773.7637, 3338511.784799999557436 ], [ -3218721.1288, 3338592.3432 ], [ -3220124.346599999815226, 3337869.473500000312924 ], [ -3221975.05350000038743, 3337139.513399999588728 ], [ -3222319.1425, 3336760.864099999889731 ], [ -3221616.920099999755621, 3336086.17989999987185 ], [ -3221334.654299999587238, 3334681.735299999825656 ], [ -3224074.698200000450015, 3335383.957600000314415 ], [ -3228458.173000000417233, 3335919.594200000166893 ], [ -3230489.625, 3335224.264999999664724 ], [ -3231103.538499999791384, 3333958.8514 ], [ -3232706.5345, 3333181.160299999639392 ], [ -3241814.1881, 3333367.030799999833107 ], [ -3242683.589599999599159, 3332919.1573 ], [ -3243392.83420000039041, 3332575.068300000391901 ], [ -3243736.923100000247359, 3331494.196700000204146 ], [ -3243034.700799999758601, 3330819.512500000186265 ], [ -3242690.6118, 3329408.045699999667704 ], [ -3239443.681300000287592, 3329011.288599999621511 ], [ -3238828.38910000026226, 3328334.1963 ], [ -3239932.1239, 3327273.745199999772012 ], [ -3241673.267300000414252, 3327309.278699999675155 ], [ -3243034.700799999758601, 3328010.6233 ], [ -3245128.309999999590218, 3328521.005599999800324 ], [ -3245563.825400000438094, 3332529.5252 ], [ -3247957.279199999757111, 3332919.1573 ], [ -3248301.368200000375509, 3334330.624099999666214 ], [ -3248703.354600000195205, 3334716.846400000154972 ], [ -3250063.94620000012219, 3335376.935399999842048 ], [ -3251843.924999999813735, 3336293.8942 ], [ -3251810.300599999725819, 3337941.490899999625981 ], [ -3250168.581899999640882, 3338536.9358 ], [ -3249712.835, 3337132.4912 ], [ -3249149.666600000113249, 3336788.402200000360608 ], [ -3246552.834599999710917, 3337841.7357 ], [ -3245286.081899999640882, 3338252.801099999807775 ], [ -3244797.278800000436604, 3339212.5269 ], [ -3248659.501500000245869, 3339590.269299999810755 ], [ -3249003.5905, 3339948.402599999681115 ], [ -3251725.983099999837577, 3340479.8657 ], [ -3254444.922899999655783, 3339377.002600000239909 ], [ -3254972.480200000107288, 3337991.2187 ], [ -3253216.9244, 3337139.513399999588728 ], [ -3252872.835400000214577, 3336595.72649999987334 ], [ -3254662.676199999637902, 3335735.068699999712408 ], [ -3256339.4528, 3336598.862700000405312 ], [ -3256741.976099999621511, 3338250.029900000430644 ], [ -3259916.125300000421703, 3338185.251400000415742 ], [ -3260804.436499999836087, 3337260.6826 ], [ -3261650.568199999630451, 3334653.2155 ], [ -3263402.659099999815226, 3334688.972500000149012 ], [ -3264627.1935, 3334663.981999999843538 ], [ -3265154.703700000420213, 3333705.262000000104308 ], [ -3262762.850599999539554, 3333122.17339999973774 ], [ -3262352.83669999986887, 3331903.208200000226498 ], [ -3265863.948300000280142, 3331521.7347999997437 ], [ -3266612.934100000187755, 3331135.893699999898672 ], [ -3268959.3443, 3331183.7796 ], [ -3269195.993200000375509, 3332396.0016 ] ] } }
]
}
