{
"type": "FeatureCollection",
"name": "ligeia_west_coastline_short",
"features": [
{ "type": "Feature", "properties": { "OBJECTID": 1, "LEFT_FID": -1, "RIGHT_FID": 0, "InLine_FID": 10, "MaxSimpTol": 100.0, "MinSimpTol": 100.0, "Shape_Length": 4213.3340000007302 }, "geometry": { "type": "LineString", "coordinates": [ [ -3145604.865500000305474, 3337662.668999999761581 ], [ -3145604.865500000305474, 3338716.002500000409782 ], [ -3146658.199, 3338716.002500000409782 ], [ -3146658.199, 3337662.668999999761581 ], [ -3145604.865500000305474, 3337662.668999999761581 ] ] } },
{ "type": "Feature", "properties": { "OBJECTID": 2, "LEFT_FID": -1, "RIGHT_FID": 0, "InLine_FID": 15, "MaxSimpTol": 100.0, "MinSimpTol": 100.0, "Shape_Length": 7022.2229999992996 }, "geometry": { "type": "LineString", "coordinates": [ [ -3126644.862999999895692, 3340471.558299999684095 ], [ -3126644.862999999895692, 3341524.891699999570847 ], [ -3129102.641099999658763, 3341524.891699999570847 ], [ -3129102.641099999658763, 3340471.558299999684095 ], [ -3126644.862999999895692, 3340471.558299999684095 ] ] } },
{ "type": "Feature", "properties": { "OBJECTID": 3, "LEFT_FID": -1, "RIGHT_FID": 0, "InLine_FID": 16, "MaxSimpTol": 100.0, "MinSimpTol": 100.0, "Shape_Length": 5734.3352819600987 }, "geometry": { "type": "LineString", "coordinates": [ [ -3134369.308500000275671, 3341876.002899999730289 ], [ -3133861.194799999706447, 3343228.259499999694526 ], [ -3135479.7796, 3343063.279799999669194 ], [ -3135933.069799999706447, 3342076.0894 ], [ -3134369.308500000275671, 3341876.002899999730289 ] ] } },
{ "type": "Feature", "properties": { "OBJECTID": 4, "LEFT_FID": -1, "RIGHT_FID": 0, "InLine_FID": 17, "MaxSimpTol": 100.0, "MinSimpTol": 100.0, "Shape_Length": 8963.3751287887317 }, "geometry": { "type": "LineString", "coordinates": [ [ -3122431.5291, 3343631.5587 ], [ -3122278.576299999840558, 3343829.7171 ], [ -3120286.6075, 3344168.104100000113249 ], [ -3120559.6272, 3345188.9561 ], [ -3123593.088399999774992, 3344740.682799999602139 ], [ -3123988.9265, 3343821.898199999704957 ], [ -3122431.5291, 3343631.5587 ] ] } },
{ "type": "Feature", "properties": { "OBJECTID": 5, "LEFT_FID": -1, "RIGHT_FID": 0, "InLine_FID": 18, "MaxSimpTol": 100.0, "MinSimpTol": 100.0, "Shape_Length": 4213.333599999547 }, "geometry": { "type": "LineString", "coordinates": [ [ -3087320.41330000013113, 3344684.892199999652803 ], [ -3087320.41330000013113, 3345738.225599999539554 ], [ -3088373.7467, 3345738.225599999539554 ], [ -3088373.7467, 3344684.892199999652803 ], [ -3087320.41330000013113, 3344684.892199999652803 ] ] } },
{ "type": "Feature", "properties": { "OBJECTID": 6, "LEFT_FID": -1, "RIGHT_FID": 0, "InLine_FID": 21, "MaxSimpTol": 100.0, "MinSimpTol": 100.0, "Shape_Length": 10039.63606735575 }, "geometry": { "type": "LineString", "coordinates": [ [ -3126995.974100000225008, 3344684.892199999652803 ], [ -3126166.4956, 3346461.275899999774992 ], [ -3126905.294599999673665, 3346971.371100000105798 ], [ -3129546.479000000283122, 3347286.077200000174344 ], [ -3128996.104100000113249, 3344830.9923 ], [ -3126995.974100000225008, 3344684.892199999652803 ] ] } },
{ "type": "Feature", "properties": { "OBJECTID": 7, "LEFT_FID": -1, "RIGHT_FID": 0, "InLine_FID": 22, "MaxSimpTol": 100.0, "MinSimpTol": 100.0, "Shape_Length": 4213.3337999992073 }, "geometry": { "type": "LineString", "coordinates": [ [ -3155084.8668, 3346440.447999999858439 ], [ -3155084.8668, 3347493.78139999974519 ], [ -3156138.200299999676645, 3347493.78139999974519 ], [ -3156138.200299999676645, 3346440.447999999858439 ], [ -3155084.8668, 3346440.447999999858439 ] ] } },
{ "type": "Feature", "properties": { "OBJECTID": 8, "LEFT_FID": -1, "RIGHT_FID": 0, "InLine_FID": 23, "MaxSimpTol": 100.0, "MinSimpTol": 100.0, "Shape_Length": 13477.568560803726 }, "geometry": { "type": "LineString", "coordinates": [ [ -3134720.419599999673665, 3344333.781000000424683 ], [ -3134577.014899999834597, 3346447.237200000323355 ], [ -3133800.947300000116229, 3346925.420199999585748 ], [ -3133533.224999999627471, 3347690.703499999828637 ], [ -3137326.890999999828637, 3347978.753700000233948 ], [ -3137663.17, 3346665.543999999761581 ], [ -3136303.095099999569356, 3346202.0548 ], [ -3135991.003100000321865, 3344467.642099999822676 ], [ -3134720.419599999673665, 3344333.781000000424683 ] ] } },
{ "type": "Feature", "properties": { "OBJECTID": 9, "LEFT_FID": -1, "RIGHT_FID": 0, "InLine_FID": 24, "MaxSimpTol": 100.0, "MinSimpTol": 100.0, "Shape_Length": 11326.878755922511 }, "geometry": { "type": "LineString", "coordinates": [ [ -3070818.188799999654293, 3345387.114500000141561 ], [ -3070321.6946, 3347617.3619 ], [ -3074040.853500000201166, 3348004.209300000220537 ], [ -3074488.61710000038147, 3346899.33669999986887 ], [ -3072303.329800000414252, 3346258.059999999590218 ], [ -3071712.2056, 3345546.431200000457466 ], [ -3070818.188799999654293, 3345387.114500000141561 ] ] } },
{ "type": "Feature", "properties": { "OBJECTID": 10, "LEFT_FID": -1, "RIGHT_FID": 0, "InLine_FID": 25, "MaxSimpTol": 100.0, "MinSimpTol": 100.0, "Shape_Length": 4915.5561999995261 }, "geometry": { "type": "LineString", "coordinates": [ [ -3153329.310999999754131, 3347844.8926 ], [ -3153329.310999999754131, 3348898.226099999621511 ], [ -3154733.755599999800324, 3348898.226099999621511 ], [ -3154733.755599999800324, 3347844.8926 ], [ -3153329.310999999754131, 3347844.8926 ] ] } },
{ "type": "Feature", "properties": { "OBJECTID": 11, "LEFT_FID": -1, "RIGHT_FID": 0, "InLine_FID": 26, "MaxSimpTol": 100.0, "MinSimpTol": 100.0, "Shape_Length": 4213.3339999988675 }, "geometry": { "type": "LineString", "coordinates": [ [ -3069062.63300000037998, 3348547.114900000393391 ], [ -3069062.63300000037998, 3349600.448400000110269 ], [ -3070115.9665, 3349600.448400000110269 ], [ -3070115.9665, 3348547.114900000393391 ], [ -3069062.63300000037998, 3348547.114900000393391 ] ] } },
{ "type": "Feature", "properties": { "OBJECTID": 12, "LEFT_FID": -1, "RIGHT_FID": 0, "InLine_FID": 27, "MaxSimpTol": 100.0, "MinSimpTol": 100.0, "Shape_Length": 14634.107731850416 }, "geometry": { "type": "LineString", "coordinates": [ [ -3114355.972400000318885, 3347493.78139999974519 ], [ -3114512.107200000435114, 3348390.980200000107288 ], [ -3114964.3722, 3349567.581899999640882 ], [ -3116989.306099999696016, 3349315.71030000038445 ], [ -3120056.2412, 3349697.1913 ], [ -3120480.996899999678135, 3348742.307400000281632 ], [ -3116944.268500000238419, 3348299.944299999624491 ], [ -3115253.17119999974966, 3347649.916199999861419 ], [ -3114355.972400000318885, 3347493.78139999974519 ] ] } },
{ "type": "Feature", "properties": { "OBJECTID": 13, "LEFT_FID": -1, "RIGHT_FID": 0, "InLine_FID": 28, "MaxSimpTol": 100.0, "MinSimpTol": 100.0, "Shape_Length": 6722.9579173610518 }, "geometry": { "type": "LineString", "coordinates": [ [ -3075382.633899999782443, 3348196.003700000233948 ], [ -3075561.808500000275671, 3349733.472199999727309 ], [ -3077186.440100000239909, 3350098.148400000296533 ], [ -3077635.889700000174344, 3349254.946700000204146 ], [ -3076384.396599999628961, 3348357.95380000025034 ], [ -3075382.633899999782443, 3348196.003700000233948 ] ] } },
{ "type": "Feature", "properties": { "OBJECTID": 14, "LEFT_FID": -1, "RIGHT_FID": 0, "InLine_FID": 29, "MaxSimpTol": 100.0, "MinSimpTol": 100.0, "Shape_Length": 34908.477664199287 }, "geometry": { "type": "LineString", "coordinates": [ [ -3092938.191800000146031, 3346089.336799999698997 ], [ -3092775.693199999630451, 3346277.949300000444055 ], [ -3091358.269899999722838, 3346910.430100000463426 ], [ -3091020.137400000356138, 3348033.505099999718368 ], [ -3090642.9123, 3348358.502399999648333 ], [ -3090317.91509999986738, 3349037.314899999648333 ], [ -3092775.693199999630451, 3349411.835900000296533 ], [ -3095020.63260000012815, 3350026.236600000411272 ], [ -3101034.28110000025481, 3350578.76549999974668 ], [ -3101527.358199999667704, 3349292.112999999895692 ], [ -3100474.024799999780953, 3348384.61629999987781 ], [ -3100149.027499999850988, 3347305.1689 ], [ -3098676.6305, 3346980.1716 ], [ -3097960.185600000433624, 3349359.774600000120699 ], [ -3095584.582399999722838, 3348709.6135 ], [ -3093451.801599999889731, 3348384.61629999987781 ], [ -3093126.8043, 3347354.692599999718368 ], [ -3095584.582399999722838, 3346980.1716 ], [ -3095909.579699999652803, 3346271.791500000283122 ], [ -3092938.191800000146031, 3346089.336799999698997 ] ] } },
{ "type": "Feature", "properties": { "OBJECTID": 15, "LEFT_FID": -1, "RIGHT_FID": 0, "InLine_FID": 31, "MaxSimpTol": 100.0, "MinSimpTol": 100.0, "Shape_Length": 20949.035957132495 }, "geometry": { "type": "LineString", "coordinates": [ [ -3106982.6381, 3346791.559100000187755 ], [ -3107150.467000000178814, 3348103.2138 ], [ -3107876.654900000430644, 3348706.431599999777973 ], [ -3108293.60080000013113, 3351046.152700000442564 ], [ -3109584.549599999561906, 3352118.497000000439584 ], [ -3112187.4222, 3351853.190399999730289 ], [ -3112759.733300000429153, 3351164.209699999541044 ], [ -3113467.6245, 3350576.1902 ], [ -3113813.066800000146031, 3349523.133600000292063 ], [ -3108799.990299999713898, 3348960.962799999862909 ], [ -3109004.255900000222027, 3346956.9518 ], [ -3106982.6381, 3346791.559100000187755 ] ] } },
{ "type": "Feature", "properties": { "OBJECTID": 16, "LEFT_FID": -1, "RIGHT_FID": 0, "InLine_FID": 32, "MaxSimpTol": 100.0, "MinSimpTol": 100.0, "Shape_Length": 9472.6540935370722 }, "geometry": { "type": "LineString", "coordinates": [ [ -3063093.7434, 3350302.670699999667704 ], [ -3062534.928000000305474, 3351148.299999999813735 ], [ -3062248.114099999889731, 3351888.1075 ], [ -3065614.523199999704957, 3352201.633500000461936 ], [ -3066046.039599999785423, 3351346.3273 ], [ -3065343.817300000227988, 3350861.486100000329316 ], [ -3065057.0033, 3350446.0777000002563 ], [ -3063093.7434, 3350302.670699999667704 ] ] } },
{ "type": "Feature", "properties": { "OBJECTID": 17, "LEFT_FID": -1, "RIGHT_FID": 0, "InLine_FID": 33, "MaxSimpTol": 100.0, "MinSimpTol": 100.0, "Shape_Length": 4213.3337999992073 }, "geometry": { "type": "LineString", "coordinates": [ [ -3070115.9665, 3351356.004200000315905 ], [ -3070115.9665, 3352409.337600000202656 ], [ -3071169.299999999813735, 3352409.337600000202656 ], [ -3071169.299999999813735, 3351356.004200000315905 ], [ -3070115.9665, 3351356.004200000315905 ] ] } },
{ "type": "Feature", "properties": { "OBJECTID": 18, "LEFT_FID": -1, "RIGHT_FID": 0, "InLine_FID": 34, "MaxSimpTol": 100.0, "MinSimpTol": 100.0, "Shape_Length": 10199.524437544889 }, "geometry": { "type": "LineString", "coordinates": [ [ -3073627.078099999576807, 3350653.781899999827147 ], [ -3073464.5795, 3350842.394399999640882 ], [ -3072385.1321, 3351167.39159999974072 ], [ -3072060.134800000116229, 3351829.3788 ], [ -3075696.912899999879301, 3352571.83629999961704 ], [ -3076247.354799999855459, 3350921.061300000175834 ], [ -3073627.078099999576807, 3350653.781899999827147 ] ] } },
{ "type": "Feature", "properties": { "OBJECTID": 19, "LEFT_FID": -1, "RIGHT_FID": 0, "InLine_FID": 35, "MaxSimpTol": 100.0, "MinSimpTol": 100.0, "Shape_Length": 6846.4194573650502 }, "geometry": { "type": "LineString", "coordinates": [ [ -3125942.640700000338256, 3352409.337600000202656 ], [ -3125796.051799999549985, 3352613.859899999573827 ], [ -3125035.896099999547005, 3352907.037700000219047 ], [ -3125014.616600000299513, 3353960.3712 ], [ -3127107.306699999608099, 3353546.845599999651313 ], [ -3127493.674200000241399, 3352590.093100000172853 ], [ -3125942.640700000338256, 3352409.337600000202656 ] ] } },
{ "type": "Feature", "properties": { "OBJECTID": 20, "LEFT_FID": -1, "RIGHT_FID": 0, "InLine_FID": 36, "MaxSimpTol": 100.0, "MinSimpTol": 100.0, "Shape_Length": 7277.4761880089318 }, "geometry": { "type": "LineString", "coordinates": [ [ -3090129.302500000223517, 3352409.337600000202656 ], [ -3090288.61089999973774, 3353845.606100000441074 ], [ -3092041.6919, 3354305.11849999986589 ], [ -3092376.194500000216067, 3352569.561300000175834 ], [ -3090129.302500000223517, 3352409.337600000202656 ] ] } },
{ "type": "Feature", "properties": { "OBJECTID": 21, "LEFT_FID": -1, "RIGHT_FID": 0, "InLine_FID": 37, "MaxSimpTol": 100.0, "MinSimpTol": 100.0, "Shape_Length": 9883.3574234950756 }, "geometry": { "type": "LineString", "coordinates": [ [ -3084862.635200000368059, 3352409.337600000202656 ], [ -3084719.228199999779463, 3352617.041799999773502 ], [ -3083952.708700000308454, 3352903.8558 ], [ -3083665.8947, 3353647.6897 ], [ -3086034.33600000012666, 3354308.3004 ], [ -3087519.830199999734759, 3353340.966199999675155 ], [ -3087814.931400000117719, 3352568.175599999725819 ], [ -3084862.635200000368059, 3352409.337600000202656 ] ] } },
{ "type": "Feature", "properties": { "OBJECTID": 22, "LEFT_FID": -1, "RIGHT_FID": 0, "InLine_FID": 38, "MaxSimpTol": 100.0, "MinSimpTol": 100.0, "Shape_Length": 9831.1124000027776 }, "geometry": { "type": "LineString", "coordinates": [ [ -3073627.078099999576807, 3354516.004599999636412 ], [ -3073627.078099999576807, 3355569.338100000284612 ], [ -3077489.300800000317395, 3355569.338100000284612 ], [ -3077489.300800000317395, 3354516.004599999636412 ], [ -3073627.078099999576807, 3354516.004599999636412 ] ] } },
{ "type": "Feature", "properties": { "OBJECTID": 23, "LEFT_FID": -1, "RIGHT_FID": 0, "InLine_FID": 46, "MaxSimpTol": 100.0, "MinSimpTol": 100.0, "Shape_Length": 9395.7857978400625 }, "geometry": { "type": "LineString", "coordinates": [ [ -3154733.755599999800324, 3366102.672799999825656 ], [ -3154928.137000000104308, 3367656.767699999734759 ], [ -3157968.960699999704957, 3367278.5345 ], [ -3158401.002000000327826, 3366273.339999999850988 ], [ -3154733.755599999800324, 3366102.672799999825656 ] ] } },
{ "type": "Feature", "properties": { "OBJECTID": 24, "LEFT_FID": -1, "RIGHT_FID": 0, "InLine_FID": 47, "MaxSimpTol": 100.0, "MinSimpTol": 100.0, "Shape_Length": 4915.5561999995261 }, "geometry": { "type": "LineString", "coordinates": [ [ -3174395.980499999597669, 3366804.895100000314415 ], [ -3174395.980499999597669, 3367858.2286 ], [ -3175800.425099999643862, 3367858.2286 ], [ -3175800.425099999643862, 3366804.895100000314415 ], [ -3174395.980499999597669, 3366804.895100000314415 ] ] } },
{ "type": "Feature", "properties": { "OBJECTID": 25, "LEFT_FID": -1, "RIGHT_FID": 0, "InLine_FID": 48, "MaxSimpTol": 100.0, "MinSimpTol": 100.0, "Shape_Length": 7022.2232000008225 }, "geometry": { "type": "LineString", "coordinates": [ [ -3105578.1935, 3367156.006299999542534 ], [ -3105578.1935, 3368209.339800000190735 ], [ -3108035.971599999815226, 3368209.339800000190735 ], [ -3108035.971599999815226, 3367156.006299999542534 ], [ -3105578.1935, 3367156.006299999542534 ] ] } },
{ "type": "Feature", "properties": { "OBJECTID": 26, "LEFT_FID": -1, "RIGHT_FID": 0, "InLine_FID": 51, "MaxSimpTol": 100.0, "MinSimpTol": 100.0, "Shape_Length": 5617.7786000017077 }, "geometry": { "type": "LineString", "coordinates": [ [ -3171938.202399999834597, 3368560.450899999588728 ], [ -3171938.202399999834597, 3369613.784400000236928 ], [ -3173693.7582, 3369613.784400000236928 ], [ -3173693.7582, 3368560.450899999588728 ], [ -3171938.202399999834597, 3368560.450899999588728 ] ] } },
{ "type": "Feature", "properties": { "OBJECTID": 27, "LEFT_FID": -1, "RIGHT_FID": 0, "InLine_FID": 55, "MaxSimpTol": 100.0, "MinSimpTol": 100.0, "Shape_Length": 7342.881821439234 }, "geometry": { "type": "LineString", "coordinates": [ [ -3130507.085699999704957, 3368560.450899999588728 ], [ -3130335.041299999691546, 3368739.5176 ], [ -3129625.796699999831617, 3369083.606499999761581 ], [ -3129281.7078, 3369728.6968 ], [ -3131194.992499999701977, 3370488.051199999637902 ], [ -3132083.574799999594688, 3368780.530600000172853 ], [ -3130507.085699999704957, 3368560.450899999588728 ] ] } },
{ "type": "Feature", "properties": { "OBJECTID": 28, "LEFT_FID": -1, "RIGHT_FID": 0, "InLine_FID": 57, "MaxSimpTol": 100.0, "MinSimpTol": 100.0, "Shape_Length": 4213.3340000007302 }, "geometry": { "type": "LineString", "coordinates": [ [ -3174395.980499999597669, 3369613.784400000236928 ], [ -3174395.980499999597669, 3370667.1179 ], [ -3175449.314000000245869, 3370667.1179 ], [ -3175449.314000000245869, 3369613.784400000236928 ], [ -3174395.980499999597669, 3369613.784400000236928 ] ] } },
{ "type": "Feature", "properties": { "OBJECTID": 29, "LEFT_FID": -1, "RIGHT_FID": 0, "InLine_FID": 58, "MaxSimpTol": 100.0, "MinSimpTol": 100.0, "Shape_Length": 5617.7783999983221 }, "geometry": { "type": "LineString", "coordinates": [ [ -3164213.75690000038594, 3369964.895600000396371 ], [ -3164213.75690000038594, 3371018.229000000283122 ], [ -3165969.312699999660254, 3371018.229000000283122 ], [ -3165969.312699999660254, 3369964.895600000396371 ], [ -3164213.75690000038594, 3369964.895600000396371 ] ] } },
{ "type": "Feature", "properties": { "OBJECTID": 30, "LEFT_FID": -1, "RIGHT_FID": 0, "InLine_FID": 59, "MaxSimpTol": 100.0, "MinSimpTol": 100.0, "Shape_Length": 7022.2229999992996 }, "geometry": { "type": "LineString", "coordinates": [ [ -3118569.306300000287592, 3369964.895600000396371 ], [ -3118569.306300000287592, 3371018.229000000283122 ], [ -3121027.0844, 3371018.229000000283122 ], [ -3121027.0844, 3369964.895600000396371 ], [ -3118569.306300000287592, 3369964.895600000396371 ] ] } },
{ "type": "Feature", "properties": { "OBJECTID": 31, "LEFT_FID": -1, "RIGHT_FID": 0, "InLine_FID": 60, "MaxSimpTol": 100.0, "MinSimpTol": 100.0, "Shape_Length": 4915.5562000013888 }, "geometry": { "type": "LineString", "coordinates": [ [ -3155084.8668, 3370316.006699999794364 ], [ -3155084.8668, 3371369.340200000442564 ], [ -3156489.3114, 3371369.340200000442564 ], [ -3156489.3114, 3370316.006699999794364 ], [ -3155084.8668, 3370316.006699999794364 ] ] } },
{ "type": "Feature", "properties": { "OBJECTID": 32, "LEFT_FID": -1, "RIGHT_FID": 0, "InLine_FID": 62, "MaxSimpTol": 100.0, "MinSimpTol": 100.0, "Shape_Length": 8954.9374944719366 }, "geometry": { "type": "LineString", "coordinates": [ [ -3125591.529500000178814, 3370667.1179 ], [ -3125156.046500000171363, 3371852.979299999773502 ], [ -3128168.109000000171363, 3372537.2659 ], [ -3128562.917399999685585, 3370970.212100000120699 ], [ -3125591.529500000178814, 3370667.1179 ] ] } },
{ "type": "Feature", "properties": { "OBJECTID": 33, "LEFT_FID": -1, "RIGHT_FID": 0, "InLine_FID": 89, "MaxSimpTol": 100.0, "MinSimpTol": 100.0, "Shape_Length": 10503.325636533587 }, "geometry": { "type": "LineString", "coordinates": [ [ -3220742.653400000184774, 3384360.45299999974668 ], [ -3221028.661500000394881, 3385928.3799 ], [ -3224199.725399999879301, 3386278.507500000298023 ], [ -3224767.374699999578297, 3384696.849700000137091 ], [ -3220742.653400000184774, 3384360.45299999974668 ] ] } },
{ "type": "Feature", "properties": { "OBJECTID": 34, "LEFT_FID": -1, "RIGHT_FID": 0, "InLine_FID": 92, "MaxSimpTol": 100.0, "MinSimpTol": 100.0, "Shape_Length": 10533.334800001234 }, "geometry": { "type": "LineString", "coordinates": [ [ -3183173.759399999864399, 3387520.453499999828637 ], [ -3183173.759399999864399, 3388924.89809999987483 ], [ -3187035.982200000435114, 3388924.89809999987483 ], [ -3187035.982200000435114, 3387520.453499999828637 ], [ -3183173.759399999864399, 3387520.453499999828637 ] ] } },
{ "type": "Feature", "properties": { "OBJECTID": 35, "LEFT_FID": -1, "RIGHT_FID": 0, "InLine_FID": 93, "MaxSimpTol": 100.0, "MinSimpTol": 100.0, "Shape_Length": 4915.5559999998659 }, "geometry": { "type": "LineString", "coordinates": [ [ -3073978.189299999736249, 3388222.675800000317395 ], [ -3073978.189299999736249, 3389276.009200000204146 ], [ -3075382.633899999782443, 3389276.009200000204146 ], [ -3075382.633899999782443, 3388222.675800000317395 ], [ -3073978.189299999736249, 3388222.675800000317395 ] ] } },
{ "type": "Feature", "properties": { "OBJECTID": 36, "LEFT_FID": -1, "RIGHT_FID": 0, "InLine_FID": 97, "MaxSimpTol": 100.0, "MinSimpTol": 100.0, "Shape_Length": 197020.84403044332 }, "geometry": { "type": "LineString", "coordinates": [ [ -3110493.749699999578297, 3372773.784799999557436 ], [ -3110232.663200000301003, 3373065.994199999608099 ], [ -3107148.318699999712408, 3373641.687699999660254 ], [ -3106816.957499999552965, 3374012.548899999819696 ], [ -3103468.656499999575317, 3374460.372999999672174 ], [ -3102954.7347999997437, 3375120.925300000235438 ], [ -3103656.957100000232458, 3375748.3547 ], [ -3103988.318300000391901, 3377346.4633 ], [ -3103037.307, 3377855.021599999628961 ], [ -3102603.623599999584258, 3376450.576999999582767 ], [ -3101826.60840000025928, 3376119.215800000354648 ], [ -3101199.178999999538064, 3376821.4381 ], [ -3099904.7643, 3377221.144899999722838 ], [ -3099443.623200000263751, 3378225.882799999788404 ], [ -3099072.7621, 3378557.243900000117719 ], [ -3098741.400899999774992, 3379127.13260000012815 ], [ -3100115.308899999596179, 3379757.710400000214577 ], [ -3104183.7051, 3379515.223199999891222 ], [ -3105382.887900000438094, 3380166.869099999777973 ], [ -3106465.846400000154972, 3380663.910899999551475 ], [ -3106797.207499999552965, 3381469.591799999587238 ], [ -3103647.082100000232458, 3381281.83600000012666 ], [ -3101712.385499999858439, 3381397.149000000208616 ], [ -3098891.729000000283122, 3382929.917299999855459 ], [ -3096985.845099999569356, 3382419.466699999757111 ], [ -3092478.746399999596179, 3382088.105499999597669 ], [ -3092070.2889, 3383843.661299999803305 ], [ -3087486.0938, 3384175.0225 ], [ -3087154.732699999585748, 3384896.994800000451505 ], [ -3086702.766699999570847, 3385728.719200000166893 ], [ -3082857.1338, 3386623.465800000354648 ], [ -3082956.785400000400841, 3388295.398699999786913 ], [ -3087181.540900000371039, 3389802.363400000147521 ], [ -3097391.999200000427663, 3390143.912100000306964 ], [ -3098019.428600000217557, 3389441.689799999818206 ], [ -3098390.289800000376999, 3389110.328700000420213 ], [ -3098721.650899999774992, 3388739.46750000026077 ], [ -3099692.412200000137091, 3388408.1064 ], [ -3100126.095499999821186, 3389812.551 ], [ -3104008.068300000391901, 3390143.912100000306964 ], [ -3109173.7522, 3390830.773299999535084 ], [ -3113143.625900000333786, 3391434.651499999687076 ], [ -3114872.7642, 3390495.023299999535084 ], [ -3122401.227400000207126, 3389989.555100000463426 ], [ -3124352.7654, 3388388.3564 ], [ -3126830.176900000311434, 3387251.307300000451505 ], [ -3129268.8476, 3387396.6585 ], [ -3129619.432799999602139, 3386632.800599999725819 ], [ -3130941.30530000012368, 3386301.439399999566376 ], [ -3131374.988599999807775, 3387705.88399999961257 ], [ -3132370.975700000301003, 3388037.245199999772012 ], [ -3132841.19469999987632, 3386016.237800000235438 ], [ -3135959.1837, 3385599.2171 ], [ -3136290.544800000265241, 3385228.355899999849498 ], [ -3137286.531899999827147, 3384896.994800000451505 ], [ -3137694.989500000141561, 3386652.550599999725819 ], [ -3142095.30559999961406, 3386983.9117 ], [ -3145296.025399999693036, 3386126.666600000113249 ], [ -3150346.525000000372529, 3386427.689799999818206 ], [ -3154831.525299999862909, 3385630.670800000429153 ], [ -3157699.428000000305474, 3384601.635599999688566 ], [ -3158059.436599999666214, 3383901.0077 ], [ -3156303.880800000391901, 3383492.550099999643862 ], [ -3155076.8525, 3382825.772699999623001 ], [ -3154429.637299999594688, 3381415.615000000223517 ], [ -3152745.558400000445545, 3381023.787700000219047 ], [ -3152089.838200000114739, 3380289.902200000360608 ], [ -3143623.670400000177324, 3379627.17989999987185 ], [ -3142795.203099999576807, 3378699.954800000414252 ], [ -3138748.3229, 3378225.882799999788404 ], [ -3138416.961799999698997, 3377255.121399999596179 ], [ -3139821.40639999974519, 3376821.4381 ], [ -3140789.948200000450015, 3376295.1244 ], [ -3141206.100999999791384, 3375431.774600000120699 ], [ -3135243.010800000280142, 3374810.362099999561906 ], [ -3133501.405600000172853, 3374343.910000000149012 ], [ -3128214.988199999555945, 3374012.548899999819696 ], [ -3123731.9973, 3373536.354399999603629 ], [ -3118912.9095, 3372803.297799999825656 ], [ -3114256.4666, 3373080.834099999628961 ], [ -3110493.749699999578297, 3372773.784799999557436 ] ] } },
{ "type": "Feature", "properties": { "OBJECTID": 37, "LEFT_FID": -1, "RIGHT_FID": 0, "InLine_FID": 103, "MaxSimpTol": 100.0, "MinSimpTol": 100.0, "Shape_Length": 7517.2039288432879 }, "geometry": { "type": "LineString", "coordinates": [ [ -3467924.908699999563396, 3394191.565499999560416 ], [ -3467538.8207, 3395763.4512 ], [ -3468987.918999999761581, 3396090.528199999593198 ], [ -3469472.760300000198185, 3395388.3059 ], [ -3469888.168700000271201, 3395101.49199999962002 ], [ -3470174.982599999755621, 3394355.922799999825656 ], [ -3467924.908699999563396, 3394191.565499999560416 ] ] } },
{ "type": "Feature", "properties": { "OBJECTID": 38, "LEFT_FID": -1, "RIGHT_FID": 0, "InLine_FID": 106, "MaxSimpTol": 100.0, "MinSimpTol": 100.0, "Shape_Length": 12096.976514162812 }, "geometry": { "type": "LineString", "coordinates": [ [ -3210911.540900000371039, 3397351.565899999812245 ], [ -3211109.723299999721348, 3399213.758899999782443 ], [ -3214788.2051, 3399627.0954 ], [ -3215293.737300000153482, 3397551.922399999573827 ], [ -3210911.540900000371039, 3397351.565899999812245 ] ] } },
{ "type": "Feature", "properties": { "OBJECTID": 39, "LEFT_FID": -1, "RIGHT_FID": 0, "InLine_FID": 116, "MaxSimpTol": 100.0, "MinSimpTol": 100.0, "Shape_Length": 11136.549628315752 }, "geometry": { "type": "LineString", "coordinates": [ [ -3230573.765800000168383, 3403320.4556 ], [ -3230778.723600000143051, 3404393.987099999561906 ], [ -3234794.1787, 3405244.8739 ], [ -3235307.073400000110269, 3404256.0186 ], [ -3233200.40639999974519, 3403853.815399999730289 ], [ -3231458.236700000241399, 3403489.318099999800324 ], [ -3230573.765800000168383, 3403320.4556 ] ] } },
{ "type": "Feature", "properties": { "OBJECTID": 40, "LEFT_FID": -1, "RIGHT_FID": 0, "InLine_FID": 118, "MaxSimpTol": 100.0, "MinSimpTol": 100.0, "Shape_Length": 4213.3337999992073 }, "geometry": { "type": "LineString", "coordinates": [ [ -3221444.87569999974221, 3406480.456000000238419 ], [ -3221444.87569999974221, 3407533.7895 ], [ -3222498.209099999628961, 3407533.7895 ], [ -3222498.209099999628961, 3406480.456000000238419 ], [ -3221444.87569999974221, 3406480.456000000238419 ] ] } },
{ "type": "Feature", "properties": { "OBJECTID": 41, "LEFT_FID": -1, "RIGHT_FID": 0, "InLine_FID": 125, "MaxSimpTol": 100.0, "MinSimpTol": 100.0, "Shape_Length": 64768.018280932927 }, "geometry": { "type": "LineString", "coordinates": [ [ -3201431.53969999961555, 3402267.122100000269711 ], [ -3201213.612300000153482, 3404314.8459 ], [ -3195664.603000000119209, 3404094.9046 ], [ -3195293.787399999797344, 3405177.814399999566376 ], [ -3197758.258600000292063, 3405764.8476 ], [ -3199135.93099999986589, 3406493.8421 ], [ -3200209.3437, 3407000.429700000211596 ], [ -3200547.068699999712408, 3408418.2604 ], [ -3201964.899500000290573, 3408755.985500000417233 ], [ -3202302.6245, 3409391.148299999535084 ], [ -3200547.068699999712408, 3409809.318900000303984 ], [ -3199513.814399999566376, 3410356.064799999818206 ], [ -3198440.401800000108778, 3410862.6524 ], [ -3198102.676699999719858, 3412068.5389 ], [ -3202238.27240000013262, 3411904.619900000281632 ], [ -3202729.834599999710917, 3409840.95299999974668 ], [ -3210040.4561, 3409471.59389999974519 ], [ -3210886.9583, 3408557.987599999643862 ], [ -3216009.345800000242889, 3408067.149299999698997 ], [ -3218156.300599999725819, 3407314.650399999693036 ], [ -3218096.749699999578297, 3405812.21100000012666 ], [ -3216347.07079999987036, 3405258.259999999776483 ], [ -3215861.571100000292063, 3404229.530500000342727 ], [ -3210350.643899999558926, 3403851.92850000038743 ], [ -3209689.3449, 3403138.206899999640882 ], [ -3208614.471, 3402444.105000000447035 ], [ -3201431.53969999961555, 3402267.122100000269711 ] ] } },
{ "type": "Feature", "properties": { "OBJECTID": 42, "LEFT_FID": -1, "RIGHT_FID": 0, "InLine_FID": 134, "MaxSimpTol": 100.0, "MinSimpTol": 100.0, "Shape_Length": 7306.7504152686652 }, "geometry": { "type": "LineString", "coordinates": [ [ -3171938.202399999834597, 3416311.568400000222027 ], [ -3172100.701000000350177, 3417553.514399999752641 ], [ -3174125.113300000317395, 3417878.511699999682605 ], [ -3174558.479100000113249, 3416578.847799999639392 ], [ -3171938.202399999834597, 3416311.568400000222027 ] ] } },
{ "type": "Feature", "properties": { "OBJECTID": 43, "LEFT_FID": -1, "RIGHT_FID": 0, "InLine_FID": 137, "MaxSimpTol": 100.0, "MinSimpTol": 100.0, "Shape_Length": 8242.5327379498485 }, "geometry": { "type": "LineString", "coordinates": [ [ -3299742.6639, 3419471.568799999542534 ], [ -3299886.070899999700487, 3421083.7177 ], [ -3300914.364699999801815, 3421370.531600000336766 ], [ -3302399.859000000171363, 3420403.1974 ], [ -3302694.960199999623001, 3419630.4068 ], [ -3299742.6639, 3419471.568799999542534 ] ] } },
{ "type": "Feature", "properties": { "OBJECTID": 44, "LEFT_FID": -1, "RIGHT_FID": 0, "InLine_FID": 138, "MaxSimpTol": 100.0, "MinSimpTol": 100.0, "Shape_Length": 26434.031374428454 }, "geometry": { "type": "LineString", "coordinates": [ [ -3382956.008399999700487, 3418067.124200000427663 ], [ -3382790.3278, 3418252.5548 ], [ -3381519.253600000403821, 3418645.05420000012964 ], [ -3381034.771999999880791, 3419562.5449 ], [ -3384081.443699999712408, 3420960.865299999713898 ], [ -3391165.941999999806285, 3421436.525299999862909 ], [ -3392754.390800000168383, 3421341.849499999545515 ], [ -3393303.91260000038892, 3420635.54 ], [ -3392279.949799999594688, 3419720.638299999758601 ], [ -3388739.46750000026077, 3419305.888299999758601 ], [ -3386041.767799999564886, 3418895.527099999599159 ], [ -3384194.7725, 3418232.8048 ], [ -3382956.008399999700487, 3418067.124200000427663 ] ] } },
{ "type": "Feature", "properties": { "OBJECTID": 45, "LEFT_FID": -1, "RIGHT_FID": 0, "InLine_FID": 140, "MaxSimpTol": 100.0, "MinSimpTol": 100.0, "Shape_Length": 40205.826242159092 }, "geometry": { "type": "LineString", "coordinates": [ [ -3474596.020700000226498, 3419120.457700000144541 ], [ -3474423.97620000038296, 3419299.524400000460446 ], [ -3472271.017, 3420148.699500000104308 ], [ -3471615.086900000460446, 3422040.42 ], [ -3476190.902599999681115, 3422487.954900000244379 ], [ -3478633.798999999649823, 3422438.099899999797344 ], [ -3479771.473899999633431, 3422461.317699999548495 ], [ -3482843.621799999848008, 3423512.858300000429153 ], [ -3487872.511900000274181, 3423856.947200000286102 ], [ -3488461.400299999862909, 3423029.208499999716878 ], [ -3487056.955699999816716, 3422108.413599999621511 ], [ -3486010.644399999640882, 3421364.884100000374019 ], [ -3486989.5164, 3419464.7209 ], [ -3486160.127399999648333, 3418948.413200000301003 ], [ -3484368.229600000195205, 3420163.0554 ], [ -3481886.019500000402331, 3419313.439799999818206 ], [ -3474596.020700000226498, 3419120.457700000144541 ] ] } },
{ "type": "Feature", "properties": { "OBJECTID": 46, "LEFT_FID": -1, "RIGHT_FID": 0, "InLine_FID": 141, "MaxSimpTol": 100.0, "MinSimpTol": 100.0, "Shape_Length": 13109.962401899465 }, "geometry": { "type": "LineString", "coordinates": [ [ -3502333.802199999801815, 3421578.2358 ], [ -3502019.419700000435114, 3422088.463000000454485 ], [ -3500145.3097, 3422727.126199999824166 ], [ -3499742.162899999879301, 3423886.381299999542534 ], [ -3504554.4967, 3424169.875 ], [ -3504925.441399999894202, 3423207.776499999687076 ], [ -3503872.107900000177324, 3422848.819299999624491 ], [ -3503496.815999999642372, 3421747.552799999713898 ], [ -3502333.802199999801815, 3421578.2358 ] ] } },
{ "type": "Feature", "properties": { "OBJECTID": 47, "LEFT_FID": -1, "RIGHT_FID": 0, "InLine_FID": 145, "MaxSimpTol": 100.0, "MinSimpTol": 100.0, "Shape_Length": 5937.0584558120181 }, "geometry": { "type": "LineString", "coordinates": [ [ -3175449.314000000245869, 3426493.792000000365078 ], [ -3175583.175099999643862, 3427764.3755 ], [ -3176854.017400000244379, 3428032.097799999639392 ], [ -3177338.730899999849498, 3426649.752000000327826 ], [ -3175449.314000000245869, 3426493.792000000365078 ] ] } },
{ "type": "Feature", "properties": { "OBJECTID": 48, "LEFT_FID": -1, "RIGHT_FID": 0, "InLine_FID": 146, "MaxSimpTol": 100.0, "MinSimpTol": 100.0, "Shape_Length": 116384.88250957926 }, "geometry": { "type": "LineString", "coordinates": [ [ -3404373.789099999703467, 3422982.6804 ], [ -3404029.7001, 3423340.813799999654293 ], [ -3402449.092199999839067, 3424859.43709999974817 ], [ -3402095.077600000426173, 3426672.85869999974966 ], [ -3401385.833100000396371, 3427016.947599999606609 ], [ -3401041.744199999608099, 3427695.5926 ], [ -3407927.3448, 3428307.923700000159442 ], [ -3434896.124800000339746, 3427636.6656 ], [ -3436882.035000000149012, 3428442.19550000037998 ], [ -3438864.110500000417233, 3428401.745000000111759 ], [ -3442071.0724, 3427100.929100000299513 ], [ -3445893.5477, 3428409.293100000359118 ], [ -3447477.778300000354648, 3428772.503399999812245 ], [ -3451594.728699999861419, 3428070.28110000025481 ], [ -3456512.816399999894202, 3427383.7105 ], [ -3456861.396099999547005, 3426713.8717 ], [ -3454052.506799999624491, 3426321.747499999590218 ], [ -3453708.417899999767542, 3425963.614199999719858 ], [ -3453065.2396, 3425345.6585 ], [ -3445625.838999999687076, 3424917.302899999544024 ], [ -3441904.518699999898672, 3424441.645399999804795 ], [ -3430882.6815, 3424666.580900000408292 ], [ -3425089.347400000318885, 3424548.349600000306964 ], [ -3416778.230000000447035, 3424717.964200000278652 ], [ -3415788.4128, 3424208.058400000445545 ], [ -3414197.879300000146031, 3423691.924999999813735 ], [ -3412628.412399999797344, 3423154.724899999797344 ], [ -3404373.789099999703467, 3422982.6804 ] ] } },
{ "type": "Feature", "properties": { "OBJECTID": 49, "LEFT_FID": -1, "RIGHT_FID": 0, "InLine_FID": 148, "MaxSimpTol": 100.0, "MinSimpTol": 100.0, "Shape_Length": 14504.053121487337 }, "geometry": { "type": "LineString", "coordinates": [ [ -2953547.062, 3428951.57010000012815 ], [ -2953687.286999999545515, 3429864.678600000217557 ], [ -2956917.948599999770522, 3430145.128600000403821 ], [ -2957945.232599999755621, 3430831.1744 ], [ -2959241.600200000219047, 3431198.462100000120699 ], [ -2959656.176699999719858, 3430331.608900000341237 ], [ -2958953.954400000162423, 3429864.678600000217557 ], [ -2958673.5044, 3429091.795099999755621 ], [ -2953547.062, 3428951.57010000012815 ] ] } },
{ "type": "Feature", "properties": { "OBJECTID": 50, "LEFT_FID": -1, "RIGHT_FID": 0, "InLine_FID": 149, "MaxSimpTol": 100.0, "MinSimpTol": 100.0, "Shape_Length": 8967.0863017077572 }, "geometry": { "type": "LineString", "coordinates": [ [ -2914222.612300000153482, 3430004.903599999845028 ], [ -2914069.6595, 3430203.062 ], [ -2912785.081199999898672, 3430560.77309999987483 ], [ -2913052.932799999602139, 3431562.301 ], [ -2916088.175699999555945, 3431113.764399999752641 ], [ -2916482.232099999673665, 3430181.805200000293553 ], [ -2914222.612300000153482, 3430004.903599999845028 ] ] } },
{ "type": "Feature", "properties": { "OBJECTID": 51, "LEFT_FID": -1, "RIGHT_FID": 0, "InLine_FID": 150, "MaxSimpTol": 100.0, "MinSimpTol": 100.0, "Shape_Length": 15748.549155267789 }, "geometry": { "type": "LineString", "coordinates": [ [ -2924755.947100000455976, 3429653.792399999685585 ], [ -2924625.267900000326335, 3431278.668999999761581 ], [ -2922779.959300000220537, 3431540.0274 ], [ -2922518.6009, 3432294.985299999825656 ], [ -2924625.267900000326335, 3432593.36089999973774 ], [ -2925448.561499999836087, 3433185.978900000452995 ], [ -2926993.293200000189245, 3433003.3202 ], [ -2926631.0038, 3431948.340400000102818 ], [ -2925237.7374, 3431629.7802 ], [ -2924976.378999999724329, 3430924.055499999783933 ], [ -2926029.712500000372529, 3430576.446700000204146 ], [ -2926291.070899999700487, 3429811.2851 ], [ -2924755.947100000455976, 3429653.792399999685585 ] ] } },
{ "type": "Feature", "properties": { "OBJECTID": 52, "LEFT_FID": -1, "RIGHT_FID": 0, "InLine_FID": 151, "MaxSimpTol": 100.0, "MinSimpTol": 100.0, "Shape_Length": 6572.9632644753674 }, "geometry": { "type": "LineString", "coordinates": [ [ -3107333.74930000025779, 3432813.792899999767542 ], [ -3106839.301599999889731, 3434017.0197 ], [ -3108685.176400000229478, 3434364.826399999670684 ], [ -3109235.894000000320375, 3432987.09250000026077 ], [ -3107333.74930000025779, 3432813.792899999767542 ] ] } },
{ "type": "Feature", "properties": { "OBJECTID": 53, "LEFT_FID": -1, "RIGHT_FID": 0, "InLine_FID": 153, "MaxSimpTol": 100.0, "MinSimpTol": 100.0, "Shape_Length": 6320.0008000023663 }, "geometry": { "type": "LineString", "coordinates": [ [ -2979178.176599999889731, 3433867.126299999654293 ], [ -2979178.176599999889731, 3434920.459800000302494 ], [ -2981284.843500000424683, 3434920.459800000302494 ], [ -2981284.843500000424683, 3433867.126299999654293 ], [ -2979178.176599999889731, 3433867.126299999654293 ] ] } },
{ "type": "Feature", "properties": { "OBJECTID": 54, "LEFT_FID": -1, "RIGHT_FID": 0, "InLine_FID": 155, "MaxSimpTol": 100.0, "MinSimpTol": 100.0, "Shape_Length": 10319.49997131895 }, "geometry": { "type": "LineString", "coordinates": [ [ -2971102.619900000281632, 3433867.126299999654293 ], [ -2971276.706600000150502, 3436433.40610000025481 ], [ -2974229.567099999636412, 3436066.114199999719858 ], [ -2974001.140100000426173, 3434229.664300000295043 ], [ -2971102.619900000281632, 3433867.126299999654293 ] ] } },
{ "type": "Feature", "properties": { "OBJECTID": 55, "LEFT_FID": -1, "RIGHT_FID": 0, "InLine_FID": 156, "MaxSimpTol": 100.0, "MinSimpTol": 100.0, "Shape_Length": 11081.223707499888 }, "geometry": { "type": "LineString", "coordinates": [ [ -2877004.829599999822676, 3434569.348600000143051 ], [ -2877196.588100000284612, 3436003.093100000172853 ], [ -2880636.34389999974519, 3436841.69620000012219 ], [ -2881032.732900000177324, 3434821.824099999852479 ], [ -2877004.829599999822676, 3434569.348600000143051 ] ] } },
{ "type": "Feature", "properties": { "OBJECTID": 56, "LEFT_FID": -1, "RIGHT_FID": 0, "InLine_FID": 157, "MaxSimpTol": 100.0, "MinSimpTol": 100.0, "Shape_Length": 6557.3006815447488 }, "geometry": { "type": "LineString", "coordinates": [ [ -3523049.360500000417233, 3435622.682099999859929 ], [ -3522562.317499999888241, 3436834.317800000309944 ], [ -3524836.488599999807775, 3437176.897599999792874 ], [ -3524600.796500000171363, 3435807.877600000239909 ], [ -3523049.360500000417233, 3435622.682099999859929 ] ] } },
{ "type": "Feature", "properties": { "OBJECTID": 57, "LEFT_FID": -1, "RIGHT_FID": 0, "InLine_FID": 159, "MaxSimpTol": 100.0, "MinSimpTol": 100.0, "Shape_Length": 5617.778599999845 }, "geometry": { "type": "LineString", "coordinates": [ [ -2946875.950000000186265, 3439133.793700000271201 ], [ -2946875.950000000186265, 3440187.1272 ], [ -2948631.505800000391901, 3440187.1272 ], [ -2948631.505800000391901, 3439133.793700000271201 ], [ -2946875.950000000186265, 3439133.793700000271201 ] ] } },
{ "type": "Feature", "properties": { "OBJECTID": 58, "LEFT_FID": -1, "RIGHT_FID": 0, "InLine_FID": 161, "MaxSimpTol": 100.0, "MinSimpTol": 100.0, "Shape_Length": 10437.33826196339 }, "geometry": { "type": "LineString", "coordinates": [ [ -2894560.387500000186265, 3443347.127600000239909 ], [ -2894404.2527, 3443542.104000000283122 ], [ -2892609.8553, 3443854.373499999754131 ], [ -2892297.585799999535084, 3444688.051699999719858 ], [ -2896088.124800000339746, 3445258.818099999800324 ], [ -2896472.07799999974668, 3443586.23589999973774 ], [ -2894560.387500000186265, 3443347.127600000239909 ] ] } },
{ "type": "Feature", "properties": { "OBJECTID": 59, "LEFT_FID": -1, "RIGHT_FID": 0, "InLine_FID": 162, "MaxSimpTol": 100.0, "MinSimpTol": 100.0, "Shape_Length": 4213.3339999988675 }, "geometry": { "type": "LineString", "coordinates": [ [ -2864715.939000000245869, 3444751.572200000286102 ], [ -2864715.939000000245869, 3445804.9057 ], [ -2865769.2725, 3445804.9057 ], [ -2865769.2725, 3444751.572200000286102 ], [ -2864715.939000000245869, 3444751.572200000286102 ] ] } },
{ "type": "Feature", "properties": { "OBJECTID": 60, "LEFT_FID": -1, "RIGHT_FID": 0, "InLine_FID": 163, "MaxSimpTol": 100.0, "MinSimpTol": 100.0, "Shape_Length": 8596.2805382906336 }, "geometry": { "type": "LineString", "coordinates": [ [ -2898773.721400000154972, 3444400.4611 ], [ -2898639.8602, 3444617.7111 ], [ -2898205.3602, 3444885.433400000445545 ], [ -2897937.637900000438094, 3445644.271800000220537 ], [ -2900882.5285, 3445938.766800000332296 ], [ -2901365.360600000247359, 3444549.7434 ], [ -2898773.721400000154972, 3444400.4611 ] ] } },
{ "type": "Feature", "properties": { "OBJECTID": 61, "LEFT_FID": -1, "RIGHT_FID": 0, "InLine_FID": 165, "MaxSimpTol": 100.0, "MinSimpTol": 100.0, "Shape_Length": 5617.778599999845 }, "geometry": { "type": "LineString", "coordinates": [ [ -3342929.336400000378489, 3446507.127999999560416 ], [ -3342929.336400000378489, 3447560.461500000208616 ], [ -3344684.892199999652803, 3447560.461500000208616 ], [ -3344684.892199999652803, 3446507.127999999560416 ], [ -3342929.336400000378489, 3446507.127999999560416 ] ] } },
{ "type": "Feature", "properties": { "OBJECTID": 62, "LEFT_FID": -1, "RIGHT_FID": 0, "InLine_FID": 166, "MaxSimpTol": 100.0, "MinSimpTol": 100.0, "Shape_Length": 5825.3630937783182 }, "geometry": { "type": "LineString", "coordinates": [ [ -2871035.939899999648333, 3446507.127999999560416 ], [ -2871211.307799999602139, 3447679.664300000295043 ], [ -2872427.800599999725819, 3448048.6157 ], [ -2872928.53870000038296, 3446667.378600000403821 ], [ -2871035.939899999648333, 3446507.127999999560416 ] ] } },
{ "type": "Feature", "properties": { "OBJECTID": 63, "LEFT_FID": -1, "RIGHT_FID": 0, "InLine_FID": 167, "MaxSimpTol": 100.0, "MinSimpTol": 100.0, "Shape_Length": 811642.33620831999 }, "geometry": { "type": "LineString", "coordinates": [ [ -3266035.99280000012368, 3402969.344399999827147 ], [ -3265863.948300000280142, 3403148.411100000143051 ], [ -3264101.370299999602139, 3403492.5 ], [ -3263216.378899999894202, 3404413.6135 ], [ -3257781.369400000199676, 3404896.94469999987632 ], [ -3255981.4084, 3405265.611399999819696 ], [ -3254932.102400000207126, 3406357.7462 ], [ -3247499.034099999815226, 3406206.051 ], [ -3245148.389999999664724, 3407010.6338 ], [ -3244026.211199999786913, 3407354.722799999639392 ], [ -3240707.752999999560416, 3406504.2637 ], [ -3233922.55449999962002, 3407037.4611 ], [ -3231103.943599999882281, 3409468.411999999545515 ], [ -3230394.699099999852479, 3409812.500900000333786 ], [ -3230050.6102, 3410702.526800000108778 ], [ -3233210.610600000247359, 3411216.94550000037998 ], [ -3234256.921799999661744, 3411575.0789 ], [ -3237674.807300000451505, 3411992.725700000301003 ], [ -3241687.7506, 3411910.8289 ], [ -3243155.384100000374019, 3411154.775299999862909 ], [ -3247170.627600000239909, 3411236.719100000336766 ], [ -3246470.843100000172853, 3413967.25069999974221 ], [ -3244790.2566, 3414376.945899999700487 ], [ -3243921.25650000013411, 3414824.612700000405312 ], [ -3238644.055800000205636, 3416394.0795 ], [ -3237775.05559999961406, 3416841.746299999766052 ], [ -3237031.526100000366569, 3417185.835199999623001 ], [ -3235668.3887, 3416483.6129 ], [ -3232852.47719999961555, 3416139.524000000208616 ], [ -3232157.277099999599159, 3415781.390599999576807 ], [ -3230764.578700000420213, 3415105.724999999627471 ], [ -3230401.721300000324845, 3414728.057099999859929 ], [ -3223372.4759, 3414383.9682 ], [ -3222326.16469999961555, 3414025.834800000302494 ], [ -3217914.1184, 3413633.474999999627471 ], [ -3217393.191999999806285, 3411496.6135 ], [ -3212752.680100000463426, 3411591.317800000309944 ], [ -3210507.7631, 3412747.790199999697506 ], [ -3207141.484899999573827, 3413697.2533 ], [ -3203717.273299999535084, 3415086.190499999560416 ], [ -3202555.931300000287592, 3415463.049800000153482 ], [ -3198443.583700000308454, 3416132.5017 ], [ -3198052.0948, 3416539.9698 ], [ -3194409.316499999724329, 3416465.627399999648333 ], [ -3192614.041299999691546, 3416502.265700000338256 ], [ -3190121.50870000012219, 3418191.834699999541044 ], [ -3186113.936700000427663, 3417164.768500000238419 ], [ -3185134.172600000165403, 3416145.01410000026226 ], [ -3184399.137400000356138, 3415788.4128 ], [ -3183762.074699999764562, 3414475.283699999563396 ], [ -3181920.843399999663234, 3414032.856999999843538 ], [ -3180743.010300000198185, 3415258.764899999834597 ], [ -3179132.46999999973923, 3415781.390599999576807 ], [ -3177238.805700000375509, 3416549.503399999812245 ], [ -3176681.714100000448525, 3418213.7791 ], [ -3187712.296299999579787, 3418728.049800000153482 ], [ -3188261.360100000165403, 3419299.524400000460446 ], [ -3189872.340699999593198, 3419643.613300000317395 ], [ -3200265.890100000426173, 3418885.285699999891222 ], [ -3216536.221199999563396, 3419217.333200000226498 ], [ -3220212.475499999709427, 3418590.279799999669194 ], [ -3225402.282700000330806, 3418246.190899999812245 ], [ -3225893.0395, 3420259.295199999585748 ], [ -3227241.7209, 3420696.9468 ], [ -3227585.8098, 3421330.659599999897182 ], [ -3223866.231499999761581, 3422147.1524 ], [ -3221167.650500000454485, 3422092.079300000332296 ], [ -3217437.270100000314415, 3421136.052199999801815 ], [ -3213858.1897, 3420703.968999999575317 ], [ -3211732.151800000108778, 3421799.2007 ], [ -3208980.42960000038147, 3421743.043100000359118 ], [ -3204300.206299999728799, 3421838.557799999602139 ], [ -3203717.273299999535084, 3422480.040699999779463 ], [ -3204419.4956, 3423154.724899999797344 ], [ -3204763.584499999880791, 3423826.585 ], [ -3201252.473000000230968, 3424208.058400000445545 ], [ -3200908.38399999961257, 3425619.5252 ], [ -3198092.472500000149012, 3426665.836500000208616 ], [ -3197748.383600000292063, 3427058.254800000227988 ], [ -3198801.7171, 3428070.28110000025481 ], [ -3199145.80599999986589, 3429080.322300000116229 ], [ -3196448.574799999594688, 3429474.725700000301003 ], [ -3195933.5746, 3427887.684500000439584 ], [ -3192909.6875, 3427375.081000000238419 ], [ -3192481.716199999675155, 3429130.636800000444055 ], [ -3190368.027099999599159, 3429474.725700000301003 ], [ -3188635.962000000290573, 3430789.006199999712408 ], [ -3187215.048899999819696, 3429825.836900000460446 ], [ -3183320.841, 3429479.528 ], [ -3181479.471400000154972, 3428530.943699999712408 ], [ -3179139.492200000211596, 3429130.636800000444055 ], [ -3175621.35840000025928, 3429474.725700000301003 ], [ -3173367.121500000357628, 3429936.4369 ], [ -3172117.269100000150502, 3431237.30379999987781 ], [ -3169192.04079999960959, 3432324.233900000341237 ], [ -3167158.880800000391901, 3432282.740899999625981 ], [ -3167207.337799999862909, 3429908.348000000230968 ], [ -3169524.443799999542534, 3429343.4814 ], [ -3170003.579900000244379, 3428588.326500000432134 ], [ -3166983.704699999652803, 3427123.238599999807775 ], [ -3163213.599999999627471, 3426295.6546 ], [ -3161404.867600000463426, 3426332.567499999888241 ], [ -3159975.349000000394881, 3426303.3936 ], [ -3159477.267400000244379, 3425227.1069 ], [ -3160742.8997, 3424011.107200000435114 ], [ -3160386.025700000114739, 3423161.747100000269711 ], [ -3154125.038800000213087, 3424229.674599999561906 ], [ -3151446.87540000025183, 3427467.1332 ], [ -3147532.465800000354648, 3428421.392300000414252 ], [ -3146837.265700000338256, 3428779.525600000284612 ], [ -3145148.325400000438094, 3429598.912499999627471 ], [ -3144599.878700000233948, 3431289.02379999961704 ], [ -3141576.560600000433624, 3432270.100499999709427 ], [ -3141219.487200000323355, 3432641.7484 ], [ -3140562.773299999535084, 3433272.708700000308454 ], [ -3135832.054999999701977, 3434122.692599999718368 ], [ -3130858.196899999864399, 3434021.1853 ], [ -3129590.685600000433624, 3434047.052899999544024 ], [ -3128579.485500000417233, 3435099.526499999687076 ], [ -3122603.5735, 3435443.615399999544024 ], [ -3121908.373499999754131, 3437122.311099999584258 ], [ -3123663.92920000012964, 3437550.2824 ], [ -3124479.812599999830127, 3437970.58600000012666 ], [ -3128751.529900000430644, 3437883.407999999821186 ], [ -3131308.953099999576807, 3437935.600399999879301 ], [ -3132434.685999999754131, 3437550.2824 ], [ -3136829.672899999655783, 3437206.193400000222027 ], [ -3137350.242200000211596, 3439256.8459 ], [ -3134892.464100000448525, 3439656.949300000444055 ], [ -3133495.0417, 3440015.082700000144541 ], [ -3129274.685600000433624, 3440359.1716 ], [ -3128930.596599999815226, 3441728.5927 ], [ -3132090.597, 3442114.727400000207126 ], [ -3135594.6864, 3443175.083100000396371 ], [ -3138394.987300000153482, 3443857.74349999986589 ], [ -3145982.0625, 3444270.359199999831617 ], [ -3148936.910400000400841, 3445281.750099999830127 ], [ -3151050.599600000306964, 3445625.838999999687076 ], [ -3152448.021999999880791, 3445983.972400000318885 ], [ -3154912.822300000116229, 3446328.061300000175834 ], [ -3156310.244699999690056, 3446686.19469999987632 ], [ -3158100.887299999594688, 3447122.719499999657273 ], [ -3163612.391200000420213, 3447010.239900000393391 ], [ -3165950.547600000165403, 3447609.465900000184774 ], [ -3174302.094399999827147, 3448290.373999999836087 ], [ -3177121.88329999987036, 3447712.826899999752641 ], [ -3179662.647900000214577, 3447764.67920000012964 ], [ -3182295.981499999761581, 3447710.937699999660254 ], [ -3185104.870799999684095, 3447768.262000000104308 ], [ -3187738.2045, 3447714.520499999634922 ], [ -3190333.7961, 3447767.49170000012964 ], [ -3191421.360500000417233, 3447030.283599999733269 ], [ -3192130.605100000277162, 3446686.19469999987632 ], [ -3193306.211500000208616, 3446080.579300000332296 ], [ -3203366.162100000306964, 3445632.861200000159442 ], [ -3206519.1403, 3444923.61670000012964 ], [ -3208667.114500000141561, 3444579.527800000272691 ], [ -3210030.251899999566376, 3445281.750099999830127 ], [ -3211476.003700000233948, 3445625.838999999687076 ], [ -3213083.75, 3444797.606100000441074 ], [ -3213541.3635, 3442503.223000000230968 ], [ -3210030.251899999566376, 3442121.749699999578297 ], [ -3208509.527499999850988, 3441732.01630000025034 ], [ -3205863.147699999623001, 3440368.7297 ], [ -3202993.448699999600649, 3439669.1513 ], [ -3203015.480899999849498, 3438589.571399999782443 ], [ -3205117.701299999840558, 3437569.682300000451505 ], [ -3205499.04619999974966, 3436394.517400000244379 ], [ -3208636.340599999763072, 3435629.704300000332296 ], [ -3209732.9265, 3435064.796500000171363 ], [ -3211964.8744, 3435110.3465 ], [ -3214096.119099999777973, 3435066.851700000464916 ], [ -3214594.696999999694526, 3434039.170800000429153 ], [ -3216947.839300000108778, 3433695.081899999640882 ], [ -3217403.586199999786913, 3435099.526499999687076 ], [ -3219262.2045, 3435443.615399999544024 ], [ -3219861.364299999549985, 3432985.837299999780953 ], [ -3222347.661299999803305, 3432641.7484 ], [ -3222304.82880000025034, 3434740.539599999785423 ], [ -3222944.504599999636412, 3435092.504300000146031 ], [ -3223372.4759, 3433336.9485 ], [ -3224432.831600000150502, 3432992.85950000025332 ], [ -3224776.920599999837577, 3432614.21030000038445 ], [ -3224074.698200000450015, 3431939.526100000366569 ], [ -3223730.609299999661744, 3431297.454300000332296 ], [ -3225837.2763, 3430886.192599999718368 ], [ -3228266.426799999549985, 3430388.6557 ], [ -3230745.810200000181794, 3431237.30379999987781 ], [ -3234635.571100000292063, 3431581.392699999734759 ], [ -3235310.255300000309944, 3430879.170400000177324 ], [ -3236258.95299999974668, 3430535.081399999558926 ], [ -3236820.862499999813735, 3432266.680200000293553 ], [ -3241761.721900000236928, 3432749.917899999767542 ], [ -3242346.11780000012368, 3433358.1667 ], [ -3246705.984299999661744, 3433269.189899999648333 ], [ -3248029.6787, 3433722.2665 ], [ -3252869.934999999590218, 3433623.4857 ], [ -3256728.036000000312924, 3432634.72620000038296 ], [ -3258139.5028, 3432290.637199999764562 ], [ -3258483.591699999757111, 3431581.392699999734759 ], [ -3259557.783300000242889, 3431237.30379999987781 ], [ -3260246.1009, 3432656.080900000408292 ], [ -3263227.103500000201166, 3432595.244099999777973 ], [ -3271954.243300000205636, 3432773.349000000394881 ], [ -3272528.038099999539554, 3431567.556800000369549 ], [ -3270197.900100000202656, 3430437.09389999974519 ], [ -3269726.171, 3429501.606499999761581 ], [ -3274474.792999999597669, 3429130.636800000444055 ], [ -3274985.816200000233948, 3430183.970300000160933 ], [ -3279206.1722999997437, 3430528.0592 ], [ -3280717.791000000201166, 3431306.7719 ], [ -3285171.550900000147521, 3431215.8788 ], [ -3288669.9578, 3431287.27489999961108 ], [ -3289046.47829999960959, 3430126.97690000012517 ], [ -3296353.252999999560416, 3430276.0948 ], [ -3301276.36670000012964, 3429267.7462 ], [ -3301670.2642, 3428183.453200000338256 ], [ -3298861.374900000169873, 3427726.192200000397861 ], [ -3298166.174800000153482, 3427368.058799999766052 ], [ -3296052.4857, 3427023.9699 ], [ -3295357.2856, 3426665.836500000208616 ], [ -3293945.818699999712408, 3426321.747499999590218 ], [ -3293601.729799999855459, 3425724.161000000312924 ], [ -3295026.181099999696016, 3425261.921799999661744 ], [ -3296037.1118, 3424209.728699999861419 ], [ -3301642.341, 3423600.7347999997437 ], [ -3302021.375300000421703, 3422647.584300000220537 ], [ -3298159.152599999681115, 3422108.413599999621511 ], [ -3297804.667999999597669, 3421377.74129999987781 ], [ -3294307.393699999898672, 3421449.114299999549985 ], [ -3293952.840900000184774, 3419994.724499999545515 ], [ -3291488.0406, 3419650.635499999858439 ], [ -3291143.9517, 3417703.880599999800324 ], [ -3292197.2851, 3417192.8574 ], [ -3292541.374099999666214, 3416531.64809999987483 ], [ -3289732.4847999997437, 3416139.524000000208616 ], [ -3288632.053999999538064, 3415393.594399999827147 ], [ -3286920.0844, 3414563.034900000318885 ], [ -3285706.4633, 3413937.8361 ], [ -3280428.706500000320375, 3413330.634700000286102 ], [ -3279908.394600000232458, 3414346.583800000138581 ], [ -3283419.506199999712408, 3414728.057099999859929 ], [ -3283763.595099999569356, 3415533.341900000348687 ], [ -3280899.518500000238419, 3416231.549599999561906 ], [ -3273584.8827, 3416082.271300000138581 ], [ -3269339.948699999600649, 3416168.902599999681115 ], [ -3268672.837500000372529, 3417543.96860000025481 ], [ -3264548.03870000038296, 3417992.117499999701977 ], [ -3264108.3925, 3419128.767 ], [ -3268321.7264, 3419643.613300000317395 ], [ -3268665.8153, 3420315.473500000312924 ], [ -3265154.703700000420213, 3420696.9468 ], [ -3263198.549999999813735, 3421198.272599999792874 ], [ -3262352.83669999986887, 3422128.92960000038147 ], [ -3263055.059000000357628, 3422803.613699999637902 ], [ -3263399.148, 3423445.685499999672174 ], [ -3261292.480999999679625, 3423856.947200000286102 ], [ -3259895.058600000105798, 3424215.0806 ], [ -3250657.172500000335276, 3424780.19469999987632 ], [ -3246442.847, 3423832.2061 ], [ -3244093.901800000108778, 3422622.143500000238419 ], [ -3241858.384700000286102, 3423195.064899999648333 ], [ -3239285.8613, 3423142.564500000327826 ], [ -3233131.123700000345707, 3422443.474000000394881 ], [ -3230853.585199999623001, 3421270.196600000374019 ], [ -3230401.721300000324845, 3420368.2862 ], [ -3236019.499800000339746, 3420001.7467 ], [ -3237416.9222999997437, 3419643.613300000317395 ], [ -3246473.602699999697506, 3418961.927699999883771 ], [ -3248652.479299999773502, 3418590.279799999669194 ], [ -3250766.168499999679625, 3418246.190899999812245 ], [ -3251110.257399999536574, 3417536.946399999782443 ], [ -3252170.613099999725819, 3416841.746299999766052 ], [ -3252576.246399999596179, 3415591.7335 ], [ -3255681.724700000137091, 3415086.190499999560416 ], [ -3257430.25829999987036, 3414728.057099999859929 ], [ -3265161.725999999791384, 3414383.9682 ], [ -3266559.148400000296533, 3413323.612499999813735 ], [ -3269904.771499999798834, 3412589.207399999722838 ], [ -3274654.403900000266731, 3412686.1387 ], [ -3280370.172799999825656, 3411711.208200000226498 ], [ -3288335.062400000169873, 3411223.9677 ], [ -3290111.996100000105798, 3410860.0175 ], [ -3290080.967799999751151, 3409339.629300000146031 ], [ -3282377.1935, 3409496.8492 ], [ -3282015.061599999666214, 3408926.101599999703467 ], [ -3283460.650700000114739, 3408224.776200000196695 ], [ -3290546.8037, 3407647.036600000225008 ], [ -3291136.929399999789894, 3406120.607900000177324 ], [ -3286920.0844, 3405434.1447 ], [ -3285877.284300000406802, 3404896.94469999987632 ], [ -3282983.699699999764562, 3404332.061599999666214 ], [ -3281272.930800000205636, 3404917.626799999736249 ], [ -3277244.699400000274181, 3404835.417999999597669 ], [ -3274757.131199999712408, 3405686.867499999701977 ], [ -3272101.334699999541044, 3406301.3893 ], [ -3268644.437400000169873, 3405593.35010000038892 ], [ -3268694.448699999600649, 3403142.798899999819696 ], [ -3266035.99280000012368, 3402969.344399999827147 ] ] } },
{ "type": "Feature", "properties": { "OBJECTID": 64, "LEFT_FID": -1, "RIGHT_FID": 0, "InLine_FID": 168, "MaxSimpTol": 100.0, "MinSimpTol": 100.0, "Shape_Length": 9128.8901999983937 }, "geometry": { "type": "LineString", "coordinates": [ [ -2754467.035400000400841, 3448964.90610000025481 ], [ -2754467.035400000400841, 3450018.2396 ], [ -2757978.146999999880791, 3450018.2396 ], [ -2757978.146999999880791, 3448964.90610000025481 ], [ -2754467.035400000400841, 3448964.90610000025481 ] ] } },
{ "type": "Feature", "properties": { "OBJECTID": 65, "LEFT_FID": -1, "RIGHT_FID": 0, "InLine_FID": 170, "MaxSimpTol": 100.0, "MinSimpTol": 100.0, "Shape_Length": 4213.3340000007302 }, "geometry": { "type": "LineString", "coordinates": [ [ -2856640.382399999536574, 3450018.2396 ], [ -2856640.382399999536574, 3451071.573099999688566 ], [ -2857693.715900000184774, 3451071.573099999688566 ], [ -2857693.715900000184774, 3450018.2396 ], [ -2856640.382399999536574, 3450018.2396 ] ] } },
{ "type": "Feature", "properties": { "OBJECTID": 66, "LEFT_FID": -1, "RIGHT_FID": 0, "InLine_FID": 172, "MaxSimpTol": 100.0, "MinSimpTol": 100.0, "Shape_Length": 9758.0993278894694 }, "geometry": { "type": "LineString", "coordinates": [ [ -2799409.263600000180304, 3450369.35080000013113 ], [ -2798512.064899999648333, 3451578.81900000013411 ], [ -2798199.795400000177324, 3452450.901999999769032 ], [ -2801807.24100000038743, 3452002.189500000327826 ], [ -2801626.213600000366569, 3450546.811499999836087 ], [ -2799409.263600000180304, 3450369.35080000013113 ] ] } },
{ "type": "Feature", "properties": { "OBJECTID": 67, "LEFT_FID": -1, "RIGHT_FID": 0, "InLine_FID": 173, "MaxSimpTol": 100.0, "MinSimpTol": 100.0, "Shape_Length": 7022.2231999989599 }, "geometry": { "type": "LineString", "coordinates": [ [ -2749902.590300000272691, 3451422.6842 ], [ -2749902.590300000272691, 3452476.017699999734759 ], [ -2752360.3684, 3452476.017699999734759 ], [ -2752360.3684, 3451422.6842 ], [ -2749902.590300000272691, 3451422.6842 ] ] } },
{ "type": "Feature", "properties": { "OBJECTID": 68, "LEFT_FID": -1, "RIGHT_FID": 0, "InLine_FID": 174, "MaxSimpTol": 100.0, "MinSimpTol": 100.0, "Shape_Length": 6320.0010000001639 }, "geometry": { "type": "LineString", "coordinates": [ [ -2742178.144799999892712, 3451773.795400000177324 ], [ -2742178.144799999892712, 3452827.128899999894202 ], [ -2744284.81180000025779, 3452827.128899999894202 ], [ -2744284.81180000025779, 3451773.795400000177324 ], [ -2742178.144799999892712, 3451773.795400000177324 ] ] } },
{ "type": "Feature", "properties": { "OBJECTID": 69, "LEFT_FID": -1, "RIGHT_FID": 0, "InLine_FID": 175, "MaxSimpTol": 100.0, "MinSimpTol": 100.0, "Shape_Length": 68912.434752007961 }, "geometry": { "type": "LineString", "coordinates": [ [ -2772022.593299999833107, 3445453.794499999843538 ], [ -2771860.094600000418723, 3445642.407100000418723 ], [ -2770078.424999999813735, 3445967.404299999587238 ], [ -2769402.316499999724329, 3446344.6294 ], [ -2767287.0494, 3446981.488599999807775 ], [ -2766836.206000000238419, 3447991.852800000458956 ], [ -2764460.6464, 3448425.182400000281632 ], [ -2764135.64919999986887, 3449094.235399999655783 ], [ -2766242.316100000403821, 3449478.5159 ], [ -2766567.313400000333786, 3450557.9633 ], [ -2768713.151200000196695, 3451045.45920000039041 ], [ -2770216.7993, 3451884.398199999704957 ], [ -2774606.390999999828637, 3451531.6897 ], [ -2776835.404299999587238, 3450288.043499999679625 ], [ -2780556.155500000342727, 3450962.652800000272691 ], [ -2781036.078200000338256, 3452556.670400000177324 ], [ -2784966.729000000283122, 3452989.627500000409782 ], [ -2785527.315899999812245, 3452216.294599999673665 ], [ -2784825.09360000025481, 3451611.296799999661744 ], [ -2784500.096300000324845, 3451234.071700000204146 ], [ -2783989.1381, 3450793.856999999843538 ], [ -2784570.2324, 3448129.747499999590218 ], [ -2788713.430200000293553, 3447749.074 ], [ -2789038.427500000223517, 3447300.738400000147521 ], [ -2788336.205199999734759, 3446695.740500000305474 ], [ -2788011.207899999804795, 3445967.404299999587238 ], [ -2785407.593100000172853, 3445642.407100000418723 ], [ -2784148.9852, 3446344.6294 ], [ -2780962.870900000445545, 3446669.6267 ], [ -2780637.873599999584258, 3448100.185200000181794 ], [ -2776698.611700000241399, 3448502.006699999794364 ], [ -2774201.1754, 3449553.775700000114739 ], [ -2771978.9698, 3449375.218999999575317 ], [ -2771508.9835, 3448656.5707 ], [ -2773233.7791, 3447170.577499999664724 ], [ -2773589.536500000394881, 3445739.623200000263751 ], [ -2772022.593299999833107, 3445453.794499999843538 ] ] } },
{ "type": "Feature", "properties": { "OBJECTID": 70, "LEFT_FID": -1, "RIGHT_FID": 0, "InLine_FID": 176, "MaxSimpTol": 100.0, "MinSimpTol": 100.0, "Shape_Length": 8836.5519810473088 }, "geometry": { "type": "LineString", "coordinates": [ [ -2753764.8131, 3452476.017699999734759 ], [ -2753946.686700000427663, 3454381.646099999547005 ], [ -2756318.5433, 3454735.637500000186265 ], [ -2756726.6551, 3453514.149500000290573 ], [ -2754971.099299999885261, 3453025.287200000137091 ], [ -2754665.193699999712408, 3452628.970499999821186 ], [ -2753764.8131, 3452476.017699999734759 ] ] } },
{ "type": "Feature", "properties": { "OBJECTID": 71, "LEFT_FID": -1, "RIGHT_FID": 0, "InLine_FID": 177, "MaxSimpTol": 100.0, "MinSimpTol": 100.0, "Shape_Length": 26813.601747549066 }, "geometry": { "type": "LineString", "coordinates": [ [ -2789227.04, 3451422.6842 ], [ -2789500.988599999807775, 3453698.576899999752641 ], [ -2786809.4759, 3454310.040300000458956 ], [ -2785260.160000000149012, 3454878.994400000199676 ], [ -2784851.207499999552965, 3455937.479299999773502 ], [ -2787828.738199999555945, 3455698.2314 ], [ -2790091.761, 3454745.183299999684095 ], [ -2791777.2599, 3454362.2681 ], [ -2795379.0965, 3453039.5685 ], [ -2795709.5395, 3451593.759700000286102 ], [ -2789227.04, 3451422.6842 ] ] } },
{ "type": "Feature", "properties": { "OBJECTID": 72, "LEFT_FID": -1, "RIGHT_FID": 0, "InLine_FID": 178, "MaxSimpTol": 100.0, "MinSimpTol": 100.0, "Shape_Length": 11913.520913237318 }, "geometry": { "type": "LineString", "coordinates": [ [ -2799760.374800000339746, 3454933.795800000429153 ], [ -2799604.240000000223517, 3455128.772199999541044 ], [ -2798160.953700000420213, 3455441.0417 ], [ -2797848.6842, 3456487.816700000315905 ], [ -2802743.573900000192225, 3455878.965300000272691 ], [ -2803076.5099, 3455106.1617 ], [ -2799760.374800000339746, 3454933.795800000429153 ] ] } },
{ "type": "Feature", "properties": { "OBJECTID": 73, "LEFT_FID": -1, "RIGHT_FID": 0, "InLine_FID": 179, "MaxSimpTol": 100.0, "MinSimpTol": 100.0, "Shape_Length": 34806.06833300375 }, "geometry": { "type": "LineString", "coordinates": [ [ -2851724.8262, 3451773.795400000177324 ], [ -2851210.770999999716878, 3453275.642900000326335 ], [ -2852957.226300000213087, 3453701.395700000226498 ], [ -2853301.3153, 3454368.594399999827147 ], [ -2850141.314799999818206, 3454754.729100000113249 ], [ -2848457.935100000351667, 3455330.919499999843538 ], [ -2847339.447800000198185, 3454754.729100000113249 ], [ -2844158.589300000108778, 3454410.6402000002563 ], [ -2843477.22510000038892, 3455815.084800000302494 ], [ -2843119.091699999757111, 3456159.1738 ], [ -2842775.0027, 3456925.025299999862909 ], [ -2850521.463399999774992, 3456508.724399999715388 ], [ -2851205.606599999591708, 3455796.657100000418723 ], [ -2854010.5598, 3455112.862499999813735 ], [ -2854354.648699999786913, 3453701.395700000226498 ], [ -2854712.782100000418723, 3453357.306699999608099 ], [ -2855056.871100000105798, 3451965.652300000190735 ], [ -2851724.8262, 3451773.795400000177324 ] ] } },
{ "type": "Feature", "properties": { "OBJECTID": 74, "LEFT_FID": -1, "RIGHT_FID": 0, "InLine_FID": 180, "MaxSimpTol": 100.0, "MinSimpTol": 100.0, "Shape_Length": 4915.5563999991864 }, "geometry": { "type": "LineString", "coordinates": [ [ -2928267.058600000105798, 3455987.129300000146031 ], [ -2928267.058600000105798, 3457040.462799999862909 ], [ -2929671.5033, 3457040.462799999862909 ], [ -2929671.5033, 3455987.129300000146031 ], [ -2928267.058600000105798, 3455987.129300000146031 ] ] } },
{ "type": "Feature", "properties": { "OBJECTID": 75, "LEFT_FID": -1, "RIGHT_FID": 0, "InLine_FID": 181, "MaxSimpTol": 100.0, "MinSimpTol": 100.0, "Shape_Length": 15797.144866037925 }, "geometry": { "type": "LineString", "coordinates": [ [ -2778342.594100000336766, 3453529.35120000038296 ], [ -2778505.092799999751151, 3454420.185999999754131 ], [ -2778882.317800000309944, 3454745.183299999684095 ], [ -2779207.315100000239909, 3455328.49959999974817 ], [ -2777453.94539999961853, 3456110.886 ], [ -2777392.321600000374019, 3457202.961400000378489 ], [ -2782034.788800000213087, 3456190.348600000143051 ], [ -2782367.315499999560416, 3455545.254999999888241 ], [ -2780962.870900000445545, 3455122.408300000242889 ], [ -2780637.873599999584258, 3453691.8498 ], [ -2778342.594100000336766, 3453529.35120000038296 ] ] } },
{ "type": "Feature", "properties": { "OBJECTID": 76, "LEFT_FID": -1, "RIGHT_FID": 0, "InLine_FID": 183, "MaxSimpTol": 100.0, "MinSimpTol": 100.0, "Shape_Length": 8426.6680000014603 }, "geometry": { "type": "LineString", "coordinates": [ [ -2852778.159599999897182, 3456689.351599999703467 ], [ -2852778.159599999897182, 3457742.685100000351667 ], [ -2855938.1601, 3457742.685100000351667 ], [ -2855938.1601, 3456689.351599999703467 ], [ -2852778.159599999897182, 3456689.351599999703467 ] ] } },
{ "type": "Feature", "properties": { "OBJECTID": 77, "LEFT_FID": -1, "RIGHT_FID": 0, "InLine_FID": 184, "MaxSimpTol": 100.0, "MinSimpTol": 100.0, "Shape_Length": 7581.2508759850352 }, "geometry": { "type": "LineString", "coordinates": [ [ -2788524.817699999548495, 3458093.79619999974966 ], [ -2788375.046900000423193, 3458295.1365 ], [ -2787110.655500000342727, 3458637.915900000371039 ], [ -2787337.377999999560416, 3459648.011699999682605 ], [ -2789676.021499999798834, 3459245.3881 ], [ -2790079.033200000412762, 3458279.3235 ], [ -2788524.817699999548495, 3458093.79619999974966 ] ] } },
{ "type": "Feature", "properties": { "OBJECTID": 78, "LEFT_FID": -1, "RIGHT_FID": 0, "InLine_FID": 185, "MaxSimpTol": 100.0, "MinSimpTol": 100.0, "Shape_Length": 4213.3337999992073 }, "geometry": { "type": "LineString", "coordinates": [ [ -2853480.382000000216067, 3459147.129700000397861 ], [ -2853480.382000000216067, 3460200.463200000114739 ], [ -2854533.715400000102818, 3460200.463200000114739 ], [ -2854533.715400000102818, 3459147.129700000397861 ], [ -2853480.382000000216067, 3459147.129700000397861 ] ] } },
{ "type": "Feature", "properties": { "OBJECTID": 79, "LEFT_FID": -1, "RIGHT_FID": 0, "InLine_FID": 186, "MaxSimpTol": 100.0, "MinSimpTol": 100.0, "Shape_Length": 7022.2232000008225 }, "geometry": { "type": "LineString", "coordinates": [ [ -2831009.267799999564886, 3459147.129700000397861 ], [ -2831009.267799999564886, 3460200.463200000114739 ], [ -2833467.04590000025928, 3460200.463200000114739 ], [ -2833467.04590000025928, 3459147.129700000397861 ], [ -2831009.267799999564886, 3459147.129700000397861 ] ] } },
{ "type": "Feature", "properties": { "OBJECTID": 80, "LEFT_FID": -1, "RIGHT_FID": 0, "InLine_FID": 187, "MaxSimpTol": 100.0, "MinSimpTol": 100.0, "Shape_Length": 11043.033464715694 }, "geometry": { "type": "LineString", "coordinates": [ [ -2818018.15500000026077, 3459498.240899999625981 ], [ -2817865.202200000174344, 3459696.39919999986887 ], [ -2816440.640100000426173, 3460279.4408 ], [ -2816109.6464, 3461255.414900000207126 ], [ -2817789.279299999587238, 3461757.860600000247359 ], [ -2820319.12430000025779, 3460763.324300000444055 ], [ -2820628.885900000110269, 3459671.494199999608099 ], [ -2818018.15500000026077, 3459498.240899999625981 ] ] } },
{ "type": "Feature", "properties": { "OBJECTID": 81, "LEFT_FID": -1, "RIGHT_FID": 0, "InLine_FID": 188, "MaxSimpTol": 100.0, "MinSimpTol": 100.0, "Shape_Length": 11393.091329841376 }, "geometry": { "type": "LineString", "coordinates": [ [ -2839435.935600000433624, 3460200.463200000114739 ], [ -2839553.887000000104308, 3461135.845300000160933 ], [ -2841073.54, 3461371.748100000433624 ], [ -2841474.718999999575317, 3462164.7763 ], [ -2843457.0537, 3462425.081500000320375 ], [ -2843767.2209, 3461439.827399999834597 ], [ -2842713.887500000186265, 3461135.845300000160933 ], [ -2842477.9847, 3460318.414599999785423 ], [ -2839435.935600000433624, 3460200.463200000114739 ] ] } },
{ "type": "Feature", "properties": { "OBJECTID": 82, "LEFT_FID": -1, "RIGHT_FID": 0, "InLine_FID": 189, "MaxSimpTol": 100.0, "MinSimpTol": 100.0, "Shape_Length": 24097.328107804027 }, "geometry": { "type": "LineString", "coordinates": [ [ -2799409.263600000180304, 3460551.574300000444055 ], [ -2799240.401100000366569, 3460733.822999999858439 ], [ -2798496.949500000104308, 3461084.688299999572337 ], [ -2798544.863099999725819, 3462293.52489999961108 ], [ -2806142.645100000314415, 3462827.103799999691546 ], [ -2808977.3509, 3461662.728500000201166 ], [ -2809409.238599999807775, 3460623.020100000314415 ], [ -2804656.045199999585748, 3460811.418200000189245 ], [ -2799409.263600000180304, 3460551.574300000444055 ] ] } },
{ "type": "Feature", "properties": { "OBJECTID": 83, "LEFT_FID": -1, "RIGHT_FID": 0, "InLine_FID": 191, "MaxSimpTol": 100.0, "MinSimpTol": 100.0, "Shape_Length": 5507.2380683876045 }, "geometry": { "type": "LineString", "coordinates": [ [ -2854884.82660000026226, 3463711.574799999594688 ], [ -2854754.14740000013262, 3463932.006699999794364 ], [ -2854225.770100000314415, 3464245.245900000445545 ], [ -2854344.1881, 3465246.698599999770522 ], [ -2855764.276999999769032, 3464759.0274 ], [ -2856068.839300000108778, 3463879.271200000308454 ], [ -2854884.82660000026226, 3463711.574799999594688 ] ] } },
{ "type": "Feature", "properties": { "OBJECTID": 84, "LEFT_FID": -1, "RIGHT_FID": 0, "InLine_FID": 192, "MaxSimpTol": 100.0, "MinSimpTol": 100.0, "Shape_Length": 35151.576110186616 }, "geometry": { "type": "LineString", "coordinates": [ [ -3066604.854899999685585, 3461604.907800000160933 ], [ -3066435.99239999987185, 3461787.156499999575317 ], [ -3062560.383600000292063, 3462475.992700000293553 ], [ -3062222.6585, 3464230.834099999628961 ], [ -3071406.63399999961257, 3464614.278300000354648 ], [ -3072165.236399999819696, 3465433.016800000332296 ], [ -3076469.4326, 3465262.415199999697506 ], [ -3076955.940999999642372, 3464231.548499999567866 ], [ -3077671.549499999731779, 3463893.823400000110269 ], [ -3078009.274500000290573, 3462936.83559999987483 ], [ -3075145.04009999986738, 3462480.562300000339746 ], [ -3073809.3267, 3461773.7703 ], [ -3066604.854899999685585, 3461604.907800000160933 ] ] } },
{ "type": "Feature", "properties": { "OBJECTID": 85, "LEFT_FID": -1, "RIGHT_FID": 0, "InLine_FID": 193, "MaxSimpTol": 100.0, "MinSimpTol": 100.0, "Shape_Length": 13714.618438582334 }, "geometry": { "type": "LineString", "coordinates": [ [ -2816613.710400000214577, 3463009.3525 ], [ -2816380.192200000397861, 3463894.4841 ], [ -2814653.632299999706447, 3464560.386 ], [ -2814360.4545, 3465261.7653 ], [ -2817132.978000000119209, 3465817.6014 ], [ -2819625.8108, 3465325.005699999630451 ], [ -2819920.299700000323355, 3464322.348000000230968 ], [ -2818866.966199999675155, 3463916.097 ], [ -2818329.081899999640882, 3463165.635599999688566 ], [ -2816613.710400000214577, 3463009.3525 ] ] } },
{ "type": "Feature", "properties": { "OBJECTID": 86, "LEFT_FID": -1, "RIGHT_FID": 0, "InLine_FID": 194, "MaxSimpTol": 100.0, "MinSimpTol": 100.0, "Shape_Length": 10533.334800001234 }, "geometry": { "type": "LineString", "coordinates": [ [ -2835573.712899999693036, 3465116.019399999640882 ], [ -2835573.712899999693036, 3466169.352900000289083 ], [ -2839787.046799999661744, 3466169.352900000289083 ], [ -2839787.046799999661744, 3465116.019399999640882 ], [ -2835573.712899999693036, 3465116.019399999640882 ] ] } },
{ "type": "Feature", "properties": { "OBJECTID": 87, "LEFT_FID": -1, "RIGHT_FID": 0, "InLine_FID": 195, "MaxSimpTol": 100.0, "MinSimpTol": 100.0, "Shape_Length": 6320.0010000001639 }, "geometry": { "type": "LineString", "coordinates": [ [ -2844351.4918, 3465818.24170000012964 ], [ -2844351.4918, 3466871.575199999846518 ], [ -2846458.158800000324845, 3466871.575199999846518 ], [ -2846458.158800000324845, 3465818.24170000012964 ], [ -2844351.4918, 3465818.24170000012964 ] ] } },
{ "type": "Feature", "properties": { "OBJECTID": 88, "LEFT_FID": -1, "RIGHT_FID": 0, "InLine_FID": 196, "MaxSimpTol": 100.0, "MinSimpTol": 100.0, "Shape_Length": 4213.3340000007302 }, "geometry": { "type": "LineString", "coordinates": [ [ -3030791.516800000332296, 3466520.463999999687076 ], [ -3030791.516800000332296, 3467573.797500000335276 ], [ -3031844.8503, 3467573.797500000335276 ], [ -3031844.8503, 3466520.463999999687076 ], [ -3030791.516800000332296, 3466520.463999999687076 ] ] } },
{ "type": "Feature", "properties": { "OBJECTID": 89, "LEFT_FID": -1, "RIGHT_FID": 0, "InLine_FID": 197, "MaxSimpTol": 100.0, "MinSimpTol": 100.0, "Shape_Length": 8909.5713085802527 }, "geometry": { "type": "LineString", "coordinates": [ [ -2988307.066700000315905, 3466871.575199999846518 ], [ -2988150.931900000199676, 3467066.551599999889731 ], [ -2987058.756799999624491, 3467378.821100000292063 ], [ -2987044.871000000275671, 3468432.1546 ], [ -2990135.97649999987334, 3468047.667100000195205 ], [ -2990569.8684, 3467052.706299999728799 ], [ -2988307.066700000315905, 3466871.575199999846518 ] ] } },
{ "type": "Feature", "properties": { "OBJECTID": 90, "LEFT_FID": -1, "RIGHT_FID": 0, "InLine_FID": 198, "MaxSimpTol": 100.0, "MinSimpTol": 100.0, "Shape_Length": 9977.684221915888 }, "geometry": { "type": "LineString", "coordinates": [ [ -2801515.93059999961406, 3466520.463999999687076 ], [ -2801201.206000000238419, 3468436.345200000330806 ], [ -2802260.289900000207126, 3468780.083800000138581 ], [ -2803073.32799999974668, 3467726.750300000421703 ], [ -2804522.978199999779463, 3467420.844700000248849 ], [ -2804828.8838, 3466688.976700000464916 ], [ -2801515.93059999961406, 3466520.463999999687076 ] ] } },
{ "type": "Feature", "properties": { "OBJECTID": 91, "LEFT_FID": -1, "RIGHT_FID": 0, "InLine_FID": 199, "MaxSimpTol": 100.0, "MinSimpTol": 100.0, "Shape_Length": 14300.617363845315 }, "geometry": { "type": "LineString", "coordinates": [ [ -2768511.481700000353158, 3467222.6864 ], [ -2768342.619199999608099, 3467404.934999999590218 ], [ -2767378.233099999837577, 3467860.0685 ], [ -2766938.174499999731779, 3468865.046400000341237 ], [ -2772848.594399999827147, 3468630.7802 ], [ -2773244.789300000295043, 3467461.830199999734759 ], [ -2768511.481700000353158, 3467222.6864 ] ] } },
{ "type": "Feature", "properties": { "OBJECTID": 92, "LEFT_FID": -1, "RIGHT_FID": 0, "InLine_FID": 200, "MaxSimpTol": 100.0, "MinSimpTol": 100.0, "Shape_Length": 16151.113000001758 }, "geometry": { "type": "LineString", "coordinates": [ [ -2807133.709099999628961, 3467222.6864 ], [ -2807133.709099999628961, 3467924.908699999563396 ], [ -2804675.93099999986589, 3467924.908699999563396 ], [ -2804675.93099999986589, 3468978.24210000038147 ], [ -2810293.709499999880791, 3468978.24210000038147 ], [ -2810293.709499999880791, 3468276.019799999892712 ], [ -2810995.931800000369549, 3468276.019799999892712 ], [ -2810995.931800000369549, 3467222.6864 ], [ -2807133.709099999628961, 3467222.6864 ] ] } },
{ "type": "Feature", "properties": { "OBJECTID": 93, "LEFT_FID": -1, "RIGHT_FID": 0, "InLine_FID": 201, "MaxSimpTol": 100.0, "MinSimpTol": 100.0, "Shape_Length": 7022.2230000030249 }, "geometry": { "type": "LineString", "coordinates": [ [ -2797302.596699999645352, 3467924.908699999563396 ], [ -2797302.596699999645352, 3468978.24210000038147 ], [ -2799760.374800000339746, 3468978.24210000038147 ], [ -2799760.374800000339746, 3467924.908699999563396 ], [ -2797302.596699999645352, 3467924.908699999563396 ] ] } },
{ "type": "Feature", "properties": { "OBJECTID": 94, "LEFT_FID": -1, "RIGHT_FID": 0, "InLine_FID": 202, "MaxSimpTol": 100.0, "MinSimpTol": 100.0, "Shape_Length": 22115.344713067123 }, "geometry": { "type": "LineString", "coordinates": [ [ -3035707.072999999858439, 3466520.463999999687076 ], [ -3035554.120199999772012, 3466718.622399999760091 ], [ -3034806.692300000227988, 3467024.528 ], [ -3034500.786799999885261, 3467588.999099999666214 ], [ -3035916.249699999578297, 3468435.5625 ], [ -3040202.839300000108778, 3469131.194899999536574 ], [ -3042882.248999999836087, 3468077.861499999649823 ], [ -3044331.89919999986887, 3467771.955900000408292 ], [ -3044637.8048, 3467074.170699999667704 ], [ -3042446.863900000229478, 3466718.622399999760091 ], [ -3038876.3492, 3467545.970300000160933 ], [ -3037452.4068, 3466687.039099999703467 ], [ -3035707.072999999858439, 3466520.463999999687076 ] ] } },
{ "type": "Feature", "properties": { "OBJECTID": 95, "LEFT_FID": -1, "RIGHT_FID": 0, "InLine_FID": 203, "MaxSimpTol": 100.0, "MinSimpTol": 100.0, "Shape_Length": 7724.4455999992788 }, "geometry": { "type": "LineString", "coordinates": [ [ -3025875.96059999987483, 3468627.131 ], [ -3025875.96059999987483, 3469680.464499999769032 ], [ -3028684.849899999797344, 3469680.464499999769032 ], [ -3028684.849899999797344, 3468627.131 ], [ -3025875.96059999987483, 3468627.131 ] ] } },
{ "type": "Feature", "properties": { "OBJECTID": 96, "LEFT_FID": -1, "RIGHT_FID": 0, "InLine_FID": 204, "MaxSimpTol": 100.0, "MinSimpTol": 100.0, "Shape_Length": 9831.1125999987125 }, "geometry": { "type": "LineString", "coordinates": [ [ -2848915.9369, 3468276.019799999892712 ], [ -2848915.9369, 3469680.464499999769032 ], [ -2852427.048499999567866, 3469680.464499999769032 ], [ -2852427.048499999567866, 3468276.019799999892712 ], [ -2848915.9369, 3468276.019799999892712 ] ] } },
{ "type": "Feature", "properties": { "OBJECTID": 97, "LEFT_FID": -1, "RIGHT_FID": 0, "InLine_FID": 205, "MaxSimpTol": 100.0, "MinSimpTol": 100.0, "Shape_Length": 21362.730351821188 }, "geometry": { "type": "LineString", "coordinates": [ [ -3020960.404400000348687, 3464062.6859 ], [ -3020816.997399999760091, 3465323.723600000143051 ], [ -3019430.290500000119209, 3465679.589700000360608 ], [ -3018326.454300000332296, 3466398.393199999816716 ], [ -3018008.108199999667704, 3469078.6272 ], [ -3019699.464200000278652, 3469711.493599999696016 ], [ -3021103.811300000175834, 3469121.6491 ], [ -3022572.5532, 3468834.835199999623001 ], [ -3022859.36710000038147, 3467762.407200000248849 ], [ -3020752.700199999846518, 3467430.39049999974668 ], [ -3020465.886300000362098, 3466709.073699999600649 ], [ -3022738.525700000114739, 3466350.899299999698997 ], [ -3022258.657100000418723, 3464210.325000000186265 ], [ -3020960.404400000348687, 3464062.6859 ] ] } },
{ "type": "Feature", "properties": { "OBJECTID": 98, "LEFT_FID": -1, "RIGHT_FID": 0, "InLine_FID": 206, "MaxSimpTol": 100.0, "MinSimpTol": 100.0, "Shape_Length": 8600.9178405905695 }, "geometry": { "type": "LineString", "coordinates": [ [ -3152275.9775, 3468276.019799999892712 ], [ -3152481.6162, 3469486.5444 ], [ -3155008.405799999833107, 3469833.417299999855459 ], [ -3155588.930700000375509, 3468444.5324 ], [ -3152275.9775, 3468276.019799999892712 ] ] } },
{ "type": "Feature", "properties": { "OBJECTID": 99, "LEFT_FID": -1, "RIGHT_FID": 0, "InLine_FID": 208, "MaxSimpTol": 100.0, "MinSimpTol": 100.0, "Shape_Length": 9128.8902000021189 }, "geometry": { "type": "LineString", "coordinates": [ [ -2787822.5954, 3469329.35329999960959 ], [ -2787822.5954, 3470382.68680000025779 ], [ -2791333.707000000402331, 3470382.68680000025779 ], [ -2791333.707000000402331, 3469329.35329999960959 ], [ -2787822.5954, 3469329.35329999960959 ] ] } },
{ "type": "Feature", "properties": { "OBJECTID": 100, "LEFT_FID": -1, "RIGHT_FID": 0, "InLine_FID": 209, "MaxSimpTol": 100.0, "MinSimpTol": 100.0, "Shape_Length": 15656.352653225364 }, "geometry": { "type": "LineString", "coordinates": [ [ -2778342.594100000336766, 3468627.131 ], [ -2778189.64130000025034, 3468825.289300000295043 ], [ -2777091.102300000376999, 3469131.194899999536574 ], [ -2776785.196700000204146, 3470061.889600000344217 ], [ -2779630.692699999548495, 3470535.639600000344217 ], [ -2783260.870500000193715, 3469999.1858 ], [ -2783762.214300000108778, 3468789.2335 ], [ -2778342.594100000336766, 3468627.131 ] ] } },
{ "type": "Feature", "properties": { "OBJECTID": 101, "LEFT_FID": -1, "RIGHT_FID": 0, "InLine_FID": 210, "MaxSimpTol": 100.0, "MinSimpTol": 100.0, "Shape_Length": 9831.1122000012547 }, "geometry": { "type": "LineString", "coordinates": [ [ -2829955.934399999678135, 3470382.68680000025779 ], [ -2829955.934399999678135, 3471436.020200000144541 ], [ -2833818.157100000418723, 3471436.020200000144541 ], [ -2833818.157100000418723, 3470382.68680000025779 ], [ -2829955.934399999678135, 3470382.68680000025779 ] ] } },
{ "type": "Feature", "properties": { "OBJECTID": 102, "LEFT_FID": -1, "RIGHT_FID": 0, "InLine_FID": 211, "MaxSimpTol": 100.0, "MinSimpTol": 100.0, "Shape_Length": 30260.177909697526 }, "geometry": { "type": "LineString", "coordinates": [ [ -2886835.941999999806285, 3468978.24210000038147 ], [ -2887124.3964, 3471088.888500000350177 ], [ -2890790.563900000415742, 3471788.830400000326335 ], [ -2900283.089700000360608, 3471412.583399999886751 ], [ -2900698.139700000174344, 3470631.994900000281632 ], [ -2898942.5839, 3470213.824300000444055 ], [ -2896497.1562, 3469573.052000000141561 ], [ -2888760.360299999825656, 3469160.490799999795854 ], [ -2886835.941999999806285, 3468978.24210000038147 ] ] } },
{ "type": "Feature", "properties": { "OBJECTID": 103, "LEFT_FID": -1, "RIGHT_FID": 0, "InLine_FID": 212, "MaxSimpTol": 100.0, "MinSimpTol": 100.0, "Shape_Length": 12190.504180100457 }, "geometry": { "type": "LineString", "coordinates": [ [ -3377338.229899999685585, 3470031.5756 ], [ -3376926.352, 3470565.184999999590218 ], [ -3375033.4046, 3470886.75069999974221 ], [ -3374727.498999999836087, 3471922.5663 ], [ -3379560.294300000183284, 3471128.676099999807775 ], [ -3379948.960799999535084, 3470204.8289 ], [ -3377338.229899999685585, 3470031.5756 ] ] } },
{ "type": "Feature", "properties": { "OBJECTID": 104, "LEFT_FID": -1, "RIGHT_FID": 0, "InLine_FID": 213, "MaxSimpTol": 100.0, "MinSimpTol": 100.0, "Shape_Length": 4213.3338000010699 }, "geometry": { "type": "LineString", "coordinates": [ [ -2849267.048100000247359, 3471084.909099999815226 ], [ -2849267.048100000247359, 3472138.242600000463426 ], [ -2850320.38150000013411, 3472138.242600000463426 ], [ -2850320.38150000013411, 3471084.909099999815226 ], [ -2849267.048100000247359, 3471084.909099999815226 ] ] } },
{ "type": "Feature", "properties": { "OBJECTID": 105, "LEFT_FID": -1, "RIGHT_FID": 0, "InLine_FID": 214, "MaxSimpTol": 100.0, "MinSimpTol": 100.0, "Shape_Length": 9128.8899999987334 }, "geometry": { "type": "LineString", "coordinates": [ [ -2773778.1491, 3471787.131400000303984 ], [ -2773778.1491, 3472840.4649 ], [ -2777289.260599999688566, 3472840.4649 ], [ -2777289.260599999688566, 3471787.131400000303984 ], [ -2773778.1491, 3471787.131400000303984 ] ] } },
{ "type": "Feature", "properties": { "OBJECTID": 106, "LEFT_FID": -1, "RIGHT_FID": 0, "InLine_FID": 215, "MaxSimpTol": 100.0, "MinSimpTol": 100.0, "Shape_Length": 22443.870331337701 }, "geometry": { "type": "LineString", "coordinates": [ [ -2796600.37430000025779, 3471787.131400000303984 ], [ -2796441.057699999772012, 3471978.925900000147521 ], [ -2795160.331000000238419, 3472534.366499999538064 ], [ -2794685.501899999566376, 3473949.210799999535084 ], [ -2799233.707999999634922, 3473485.6195 ], [ -2804622.1173, 3474034.851300000213087 ], [ -2804483.06969999987632, 3472670.682400000281632 ], [ -2799568.580299999564886, 3472330.036999999545515 ], [ -2797845.502299999818206, 3471946.448099999688566 ], [ -2796600.37430000025779, 3471787.131400000303984 ] ] } },
{ "type": "Feature", "properties": { "OBJECTID": 107, "LEFT_FID": -1, "RIGHT_FID": 0, "InLine_FID": 216, "MaxSimpTol": 100.0, "MinSimpTol": 100.0, "Shape_Length": 13817.168765535231 }, "geometry": { "type": "LineString", "coordinates": [ [ -2767107.037100000306964, 3470382.68680000025779 ], [ -2766935.477300000376999, 3471786.4249 ], [ -2765504.434100000187755, 3472642.3065 ], [ -2765198.5285, 3473594.539099999703467 ], [ -2767229.2725, 3474046.751199999824166 ], [ -2769753.527099999599159, 3473054.412499999627471 ], [ -2770068.879099999554455, 3472527.3152 ], [ -2769366.6568, 3471985.289800000376999 ], [ -2769060.751199999824166, 3470535.639600000344217 ], [ -2767107.037100000306964, 3470382.68680000025779 ] ] } },
{ "type": "Feature", "properties": { "OBJECTID": 108, "LEFT_FID": -1, "RIGHT_FID": 0, "InLine_FID": 217, "MaxSimpTol": 100.0, "MinSimpTol": 100.0, "Shape_Length": 9784.4977048565306 }, "geometry": { "type": "LineString", "coordinates": [ [ -3145955.976700000464916, 3473893.79839999973774 ], [ -3146163.56180000025779, 3475115.780799999833107 ], [ -3149533.4539, 3475451.19579999987036 ], [ -3149971.152200000360608, 3474435.248999999836087 ], [ -3147162.262900000438094, 3474091.9567 ], [ -3145955.976700000464916, 3473893.79839999973774 ] ] } },
{ "type": "Feature", "properties": { "OBJECTID": 109, "LEFT_FID": -1, "RIGHT_FID": 0, "InLine_FID": 218, "MaxSimpTol": 100.0, "MinSimpTol": 100.0, "Shape_Length": 7285.5264469244066 }, "geometry": { "type": "LineString", "coordinates": [ [ -3079244.856599999591708, 3474947.131799999624491 ], [ -3079424.364, 3476487.4556 ], [ -3081464.978799999691546, 3476084.220300000160933 ], [ -3081849.223600000143051, 3475112.3158 ], [ -3079244.856599999591708, 3474947.131799999624491 ] ] } },
{ "type": "Feature", "properties": { "OBJECTID": 110, "LEFT_FID": -1, "RIGHT_FID": 0, "InLine_FID": 219, "MaxSimpTol": 100.0, "MinSimpTol": 100.0, "Shape_Length": 23203.894574154157 }, "geometry": { "type": "LineString", "coordinates": [ [ -3025173.738300000317395, 3474244.9095 ], [ -3024653.764600000344217, 3475129.3805 ], [ -3023587.045, 3475818.216699999757111 ], [ -3023249.320000000298023, 3476791.4024 ], [ -3032900.859199999831617, 3477222.661299999803305 ], [ -3033418.1574, 3476249.773400000296533 ], [ -3031453.711799999698997, 3475781.845499999821186 ], [ -3030850.8662, 3474504.471 ], [ -3025173.738300000317395, 3474244.9095 ] ] } },
{ "type": "Feature", "properties": { "OBJECTID": 111, "LEFT_FID": -1, "RIGHT_FID": 0, "InLine_FID": 220, "MaxSimpTol": 100.0, "MinSimpTol": 100.0, "Shape_Length": 17723.437951658605 }, "geometry": { "type": "LineString", "coordinates": [ [ -2779747.038800000213087, 3473542.687199999578297 ], [ -2780207.6689, 3476189.611200000159442 ], [ -2783218.828499999828637, 3476566.237700000405312 ], [ -2783832.524299999698997, 3477332.602800000458956 ], [ -2785651.3459, 3477106.36849999986589 ], [ -2786223.1743, 3475873.0515 ], [ -2784200.362800000235438, 3475435.395899999886751 ], [ -2783706.9068, 3473709.513500000350177 ], [ -2779747.038800000213087, 3473542.687199999578297 ] ] } },
{ "type": "Feature", "properties": { "OBJECTID": 112, "LEFT_FID": -1, "RIGHT_FID": 0, "InLine_FID": 221, "MaxSimpTol": 100.0, "MinSimpTol": 100.0, "Shape_Length": 6320.0008000005037 }, "geometry": { "type": "LineString", "coordinates": [ [ -2771671.482099999673665, 3476351.576500000432134 ], [ -2771671.482099999673665, 3477404.909900000318885 ], [ -2773778.1491, 3477404.909900000318885 ], [ -2773778.1491, 3476351.576500000432134 ], [ -2771671.482099999673665, 3476351.576500000432134 ] ] } },
{ "type": "Feature", "properties": { "OBJECTID": 113, "LEFT_FID": -1, "RIGHT_FID": 0, "InLine_FID": 222, "MaxSimpTol": 100.0, "MinSimpTol": 100.0, "Shape_Length": 12629.564507862829 }, "geometry": { "type": "LineString", "coordinates": [ [ -3277271.549800000153482, 3476351.576500000432134 ], [ -3277137.688699999824166, 3476568.826500000432134 ], [ -3275298.744, 3477187.659900000318885 ], [ -3275031.02170000039041, 3477943.767900000326335 ], [ -3277728.149500000290573, 3478240.9934 ], [ -3280248.9583, 3477411.890100000426173 ], [ -3280565.411399999633431, 3476497.280299999751151 ], [ -3277271.549800000153482, 3476351.576500000432134 ] ] } },
{ "type": "Feature", "properties": { "OBJECTID": 114, "LEFT_FID": -1, "RIGHT_FID": 0, "InLine_FID": 223, "MaxSimpTol": 100.0, "MinSimpTol": 100.0, "Shape_Length": 10466.152728968071 }, "geometry": { "type": "LineString", "coordinates": [ [ -3197920.428100000135601, 3476702.687599999830127 ], [ -3197767.4753, 3476900.846 ], [ -3195966.713899999856949, 3477206.7516 ], [ -3195697.41509999986738, 3478260.085099999792874 ], [ -3199856.19400000013411, 3477645.51659999974072 ], [ -3200180.047799999825656, 3476879.589200000278652 ], [ -3197920.428100000135601, 3476702.687599999830127 ] ] } },
{ "type": "Feature", "properties": { "OBJECTID": 115, "LEFT_FID": -1, "RIGHT_FID": 0, "InLine_FID": 224, "MaxSimpTol": 100.0, "MinSimpTol": 100.0, "Shape_Length": 18257.780400000513 }, "geometry": { "type": "LineString", "coordinates": [ [ -2774129.260200000368059, 3477756.021099999547005 ], [ -2774129.260200000368059, 3478809.354600000195205 ], [ -2782204.8169, 3478809.354600000195205 ], [ -2782204.8169, 3477756.021099999547005 ], [ -2774129.260200000368059, 3477756.021099999547005 ] ] } },
{ "type": "Feature", "properties": { "OBJECTID": 116, "LEFT_FID": -1, "RIGHT_FID": 0, "InLine_FID": 225, "MaxSimpTol": 100.0, "MinSimpTol": 100.0, "Shape_Length": 4915.5561999995261 }, "geometry": { "type": "LineString", "coordinates": [ [ -3075382.633899999782443, 3478458.2434 ], [ -3075382.633899999782443, 3479511.576899999752641 ], [ -3076787.078499999828637, 3479511.576899999752641 ], [ -3076787.078499999828637, 3478458.2434 ], [ -3075382.633899999782443, 3478458.2434 ] ] } },
{ "type": "Feature", "properties": { "OBJECTID": 117, "LEFT_FID": -1, "RIGHT_FID": 0, "InLine_FID": 226, "MaxSimpTol": 100.0, "MinSimpTol": 100.0, "Shape_Length": 14880.897905367656 }, "geometry": { "type": "LineString", "coordinates": [ [ -2614724.7944, 3478107.132299999706447 ], [ -2614559.113900000229478, 3478292.562800000421703 ], [ -2614188.2527, 3478623.923999999649823 ], [ -2613915.166199999861419, 3479677.257500000298023 ], [ -2620028.8388, 3479312.866399999707937 ], [ -2620508.253499999642372, 3478282.882399999536574 ], [ -2614724.7944, 3478107.132299999706447 ] ] } },
{ "type": "Feature", "properties": { "OBJECTID": 118, "LEFT_FID": -1, "RIGHT_FID": 0, "InLine_FID": 227, "MaxSimpTol": 100.0, "MinSimpTol": 100.0, "Shape_Length": 102471.36587742654 }, "geometry": { "type": "LineString", "coordinates": [ [ -3363293.783599999733269, 3471084.909099999815226 ], [ -3362785.4704, 3471613.9698 ], [ -3358199.1606, 3471959.175900000147521 ], [ -3357692.881400000303984, 3473002.730999999679625 ], [ -3351462.94579999987036, 3473556.754300000146031 ], [ -3349698.970300000160933, 3474465.46889999974519 ], [ -3344760.979000000283122, 3474364.693599999882281 ], [ -3342705.864500000141561, 3474785.620699999853969 ], [ -3341527.394000000320375, 3476012.191999999806285 ], [ -3339920.864500000141561, 3476523.620900000445545 ], [ -3338458.105700000189245, 3475001.157599999569356 ], [ -3332977.842799999751151, 3474236.106700000353158 ], [ -3332563.472400000318885, 3475513.043999999761581 ], [ -3330440.3125, 3475469.714200000278652 ], [ -3329766.179100000299513, 3474768.065100000239909 ], [ -3329346.2226, 3474423.97620000038296 ], [ -3326002.445000000298023, 3475280.924200000241399 ], [ -3325552.845200000330806, 3477583.976599999703467 ], [ -3324574.580799999646842, 3478058.580199999734759 ], [ -3324148.400500000454485, 3479203.816100000403821 ], [ -3326606.178600000217557, 3479683.621399999596179 ], [ -3328003.600999999791384, 3480041.754700000397861 ], [ -3337754.003399999812245, 3480408.9874 ], [ -3339095.934000000357628, 3480381.601099999621511 ], [ -3341126.410400000400841, 3479005.2379 ], [ -3344512.847699999809265, 3478637.310100000351667 ], [ -3346548.398699999786913, 3477940.5779 ], [ -3348972.5658, 3477467.334099999628961 ], [ -3355042.671299999579787, 3477591.2138 ], [ -3356149.988199999555945, 3477568.615500000305474 ], [ -3358159.953200000338256, 3476533.178999999538064 ], [ -3359610.627500000409782, 3476179.531999999657273 ], [ -3360583.830900000408292, 3475166.605999999679625 ], [ -3367030.835199999623001, 3474772.21999999973923 ], [ -3369083.606499999761581, 3473714.731700000353158 ], [ -3370495.073400000110269, 3473370.642699999734759 ], [ -3370839.1623, 3472991.9934 ], [ -3369993.199400000274181, 3472179.205500000156462 ], [ -3366491.7374, 3471325.615299999713898 ], [ -3363293.783599999733269, 3471084.909099999815226 ] ] } },
{ "type": "Feature", "properties": { "OBJECTID": 119, "LEFT_FID": -1, "RIGHT_FID": 0, "InLine_FID": 228, "MaxSimpTol": 100.0, "MinSimpTol": 100.0, "Shape_Length": 11765.917109505926 }, "geometry": { "type": "LineString", "coordinates": [ [ -3197920.428100000135601, 3479511.576899999752641 ], [ -3198141.916199999861419, 3481282.392300000414252 ], [ -3202169.324799999594688, 3480781.442599999718368 ], [ -3202641.00789999961853, 3479678.77170000039041 ], [ -3197920.428100000135601, 3479511.576899999752641 ] ] } },
{ "type": "Feature", "properties": { "OBJECTID": 120, "LEFT_FID": -1, "RIGHT_FID": 0, "InLine_FID": 229, "MaxSimpTol": 100.0, "MinSimpTol": 100.0, "Shape_Length": 4213.3338000010699 }, "geometry": { "type": "LineString", "coordinates": [ [ -2829955.934399999678135, 3480916.021499999798834 ], [ -2829955.934399999678135, 3481969.355000000447035 ], [ -2831009.267799999564886, 3481969.355000000447035 ], [ -2831009.267799999564886, 3480916.021499999798834 ], [ -2829955.934399999678135, 3480916.021499999798834 ] ] } },
{ "type": "Feature", "properties": { "OBJECTID": 121, "LEFT_FID": -1, "RIGHT_FID": 0, "InLine_FID": 231, "MaxSimpTol": 100.0, "MinSimpTol": 100.0, "Shape_Length": 97566.426735838904 }, "geometry": { "type": "LineString", "coordinates": [ [ -3058529.2983, 3471084.909099999815226 ], [ -3058360.4358, 3471267.157700000330806 ], [ -3057293.716199999675155, 3471604.882799999788404 ], [ -3056955.991100000217557, 3471969.379999999888241 ], [ -3054133.715800000354648, 3472307.105100000277162 ], [ -3051689.323800000362098, 3473022.713499999605119 ], [ -3047523.806400000117719, 3473521.176400000229478 ], [ -3047124.878700000233948, 3474762.057699999772012 ], [ -3055287.1003, 3475153.862700000405312 ], [ -3056497.722400000318885, 3476460.453499999828637 ], [ -3062924.880800000391901, 3476871.550099999643862 ], [ -3063262.605899999849498, 3477660.741600000299513 ], [ -3059345.037999999709427, 3478284.811300000175834 ], [ -3058009.3246, 3478991.603199999779463 ], [ -3054177.256799999624491, 3479904.395700000226498 ], [ -3053795.9907, 3481017.8246 ], [ -3058287.870900000445545, 3482087.783300000242889 ], [ -3065287.590200000442564, 3482489.328700000420213 ], [ -3065720.38399999961257, 3480951.85950000025332 ], [ -3064315.939399999566376, 3480044.936700000427663 ], [ -3063978.214300000108778, 3479383.127899999730289 ], [ -3066636.471900000236928, 3478959.666799999773502 ], [ -3067124.828599999658763, 3477924.883600000292063 ], [ -3068141.791000000201166, 3477444.937300000339746 ], [ -3068603.906999999657273, 3475504.890700000338256 ], [ -3071351.548600000329316, 3475129.3805 ], [ -3073093.718299999833107, 3474764.8832 ], [ -3076267.104799999855459, 3474427.158099999651313 ], [ -3079270.397900000214577, 3474035.567800000309944 ], [ -3079764.830299999564886, 3473055.483099999837577 ], [ -3076482.783300000242889, 3472606.937599999830127 ], [ -3065379.08559999987483, 3473050.9358 ], [ -3062047.615000000223517, 3472918.8892 ], [ -3061520.436200000345707, 3471253.771599999628961 ], [ -3058529.2983, 3471084.909099999815226 ] ] } },
{ "type": "Feature", "properties": { "OBJECTID": 122, "LEFT_FID": -1, "RIGHT_FID": 0, "InLine_FID": 232, "MaxSimpTol": 100.0, "MinSimpTol": 100.0, "Shape_Length": 4213.3338000010699 }, "geometry": { "type": "LineString", "coordinates": [ [ -2822582.599999999627471, 3483022.688500000163913 ], [ -2822582.599999999627471, 3484076.0219 ], [ -2823635.933500000275671, 3484076.0219 ], [ -2823635.933500000275671, 3483022.688500000163913 ], [ -2822582.599999999627471, 3483022.688500000163913 ] ] } },
{ "type": "Feature", "properties": { "OBJECTID": 123, "LEFT_FID": -1, "RIGHT_FID": 0, "InLine_FID": 233, "MaxSimpTol": 100.0, "MinSimpTol": 100.0, "Shape_Length": 25816.482056541696 }, "geometry": { "type": "LineString", "coordinates": [ [ -3075733.7451, 3480916.021499999798834 ], [ -3075407.085400000214577, 3481281.620699999853969 ], [ -3066884.783699999563396, 3482609.6574 ], [ -3066439.1744, 3483497.3816 ], [ -3069900.779299999587238, 3484143.490799999795854 ], [ -3076578.057699999772012, 3483745.507299999706447 ], [ -3076952.759100000374019, 3482135.0356 ], [ -3077674.7314, 3481803.6744 ], [ -3078006.0926, 3481109.986700000241399 ], [ -3075733.7451, 3480916.021499999798834 ] ] } },
{ "type": "Feature", "properties": { "OBJECTID": 124, "LEFT_FID": -1, "RIGHT_FID": 0, "InLine_FID": 234, "MaxSimpTol": 100.0, "MinSimpTol": 100.0, "Shape_Length": 7724.4456000011414 }, "geometry": { "type": "LineString", "coordinates": [ [ -2848915.9369, 3483724.910799999721348 ], [ -2848915.9369, 3484778.244300000369549 ], [ -2851724.8262, 3484778.244300000369549 ], [ -2851724.8262, 3483724.910799999721348 ], [ -2848915.9369, 3483724.910799999721348 ] ] } },
{ "type": "Feature", "properties": { "OBJECTID": 125, "LEFT_FID": -1, "RIGHT_FID": 0, "InLine_FID": 235, "MaxSimpTol": 100.0, "MinSimpTol": 100.0, "Shape_Length": 4915.5562000013888 }, "geometry": { "type": "LineString", "coordinates": [ [ -2749902.590300000272691, 3483724.910799999721348 ], [ -2749902.590300000272691, 3484778.244300000369549 ], [ -2751307.034900000318885, 3484778.244300000369549 ], [ -2751307.034900000318885, 3483724.910799999721348 ], [ -2749902.590300000272691, 3483724.910799999721348 ] ] } },
{ "type": "Feature", "properties": { "OBJECTID": 126, "LEFT_FID": -1, "RIGHT_FID": 0, "InLine_FID": 236, "MaxSimpTol": 100.0, "MinSimpTol": 100.0, "Shape_Length": 7022.2230000011623 }, "geometry": { "type": "LineString", "coordinates": [ [ -3152978.199799999594688, 3484778.244300000369549 ], [ -3152978.199799999594688, 3485831.5777000002563 ], [ -3155435.977900000289083, 3485831.5777000002563 ], [ -3155435.977900000289083, 3484778.244300000369549 ], [ -3152978.199799999594688, 3484778.244300000369549 ] ] } },
{ "type": "Feature", "properties": { "OBJECTID": 127, "LEFT_FID": -1, "RIGHT_FID": 0, "InLine_FID": 237, "MaxSimpTol": 100.0, "MinSimpTol": 100.0, "Shape_Length": 14789.068926521208 }, "geometry": { "type": "LineString", "coordinates": [ [ -2808889.264899999834597, 3483724.910799999721348 ], [ -2808717.2204, 3483903.9775 ], [ -2805381.336500000208616, 3484266.412700000219047 ], [ -2804503.8865, 3485969.104399999603629 ], [ -2807698.171900000423193, 3486354.73340000025928 ], [ -2810250.718100000172853, 3485039.785299999639392 ], [ -2810816.8651, 3483934.339599999599159 ], [ -2808889.264899999834597, 3483724.910799999721348 ] ] } },
{ "type": "Feature", "properties": { "OBJECTID": 128, "LEFT_FID": -1, "RIGHT_FID": 0, "InLine_FID": 238, "MaxSimpTol": 100.0, "MinSimpTol": 100.0, "Shape_Length": 8491.3191194484571 }, "geometry": { "type": "LineString", "coordinates": [ [ -2969698.175300000235438, 3485831.5777000002563 ], [ -2969201.144299999810755, 3487185.040300000458956 ], [ -2972244.508600000292063, 3486940.502600000239909 ], [ -2972669.56319999974221, 3486014.03249999973923 ], [ -2969698.175300000235438, 3485831.5777000002563 ] ] } },
{ "type": "Feature", "properties": { "OBJECTID": 129, "LEFT_FID": -1, "RIGHT_FID": 0, "InLine_FID": 239, "MaxSimpTol": 100.0, "MinSimpTol": 100.0, "Shape_Length": 32543.242244579567 }, "geometry": { "type": "LineString", "coordinates": [ [ -3034653.7396, 3485480.4666 ], [ -3034481.69510000012815, 3485659.533300000242889 ], [ -3031665.783599999733269, 3486003.6222 ], [ -3029236.791799999773502, 3486626.127600000239909 ], [ -3028863.916600000113249, 3487658.717199999839067 ], [ -3043982.011699999682605, 3487350.1847 ], [ -3043954.092400000430644, 3485982.137500000186265 ], [ -3038648.182099999859929, 3486090.421400000341237 ], [ -3036939.473199999891222, 3485652.511 ], [ -3034653.7396, 3485480.4666 ] ] } },
{ "type": "Feature", "properties": { "OBJECTID": 130, "LEFT_FID": -1, "RIGHT_FID": 0, "InLine_FID": 240, "MaxSimpTol": 100.0, "MinSimpTol": 100.0, "Shape_Length": 72281.137197386692 }, "geometry": { "type": "LineString", "coordinates": [ [ -2594711.458399999886751, 3476702.687599999830127 ], [ -2594542.5959, 3476884.936300000175834 ], [ -2592071.431699999608099, 3477222.661299999803305 ], [ -2591707.6223, 3481397.604399999603629 ], [ -2587661.397099999710917, 3482042.169300000183284 ], [ -2586818.150399999693036, 3482566.6957 ], [ -2587856.651100000366569, 3484529.280799999833107 ], [ -2584704.276999999769032, 3485280.171299999579787 ], [ -2584360.3723, 3486284.49199999962002 ], [ -2586115.928100000135601, 3486702.66260000038892 ], [ -2586453.653199999593198, 3487067.159799999557436 ], [ -2592386.539200000464916, 3487698.562300000339746 ], [ -2599879.50870000012219, 3487401.57010000012815 ], [ -2601200.3218, 3486702.66260000038892 ], [ -2610159.307199999690056, 3486344.1727 ], [ -2610680.323099999688566, 3485405.142199999652803 ], [ -2607557.6212, 3484416.490000000223517 ], [ -2604188.868900000117719, 3483879.846900000236928 ], [ -2603671.485999999567866, 3482947.364099999889731 ], [ -2605075.93059999961406, 3482502.714800000190735 ], [ -2605413.6557, 3482138.21750000026077 ], [ -2606129.26410000026226, 3481800.492499999701977 ], [ -2606466.989199999719858, 3481149.362200000323355 ], [ -2604360.322200000286102, 3480747.159 ], [ -2604022.597199999727309, 3480344.4698 ], [ -2604724.819500000216067, 3479693.825500000268221 ], [ -2605062.544499999843538, 3479024.372700000181794 ], [ -2602149.348299999721348, 3478626.2368 ], [ -2598915.590099999681115, 3476915.095599999651313 ], [ -2594711.458399999886751, 3476702.687599999830127 ] ] } },
{ "type": "Feature", "properties": { "OBJECTID": 131, "LEFT_FID": -1, "RIGHT_FID": 0, "InLine_FID": 241, "MaxSimpTol": 100.0, "MinSimpTol": 100.0, "Shape_Length": 35178.855428782255 }, "geometry": { "type": "LineString", "coordinates": [ [ -3056773.742499999701977, 3484076.0219 ], [ -3056614.425800000317395, 3484267.816399999894202 ], [ -3055528.6146, 3484586.449799999594688 ], [ -3053510.489099999889731, 3485446.954599999822676 ], [ -3053103.3142, 3486333.713600000366569 ], [ -3055912.203499999828637, 3486693.11670000012964 ], [ -3059451.026700000278652, 3487252.821999999694526 ], [ -3064505.730200000107288, 3486737.604299999773502 ], [ -3065710.838200000114739, 3487427.816800000146031 ], [ -3069106.69539999961853, 3487746.450199999846518 ], [ -3069573.0609, 3486740.578300000168383 ], [ -3065754.855999999679625, 3486171.842799999751151 ], [ -3063511.716400000266731, 3485328.977900000289083 ], [ -3061497.504300000146031, 3484970.03870000038296 ], [ -3060222.792500000447035, 3484239.96129999961704 ], [ -3056773.742499999701977, 3484076.0219 ] ] } },
{ "type": "Feature", "properties": { "OBJECTID": 132, "LEFT_FID": -1, "RIGHT_FID": 0, "InLine_FID": 242, "MaxSimpTol": 100.0, "MinSimpTol": 100.0, "Shape_Length": 25716.880395436667 }, "geometry": { "type": "LineString", "coordinates": [ [ -2681435.9145, 3483724.910799999721348 ], [ -2681171.380199999548495, 3484043.372100000269711 ], [ -2676328.563799999654293, 3484586.449799999594688 ], [ -2676009.9304, 3485227.646300000138581 ], [ -2677414.375099999830127, 3485639.783300000242889 ], [ -2677733.008399999700487, 3486303.8273 ], [ -2675977.452600000426173, 3486693.11670000012964 ], [ -2675658.819299999624491, 3487304.174100000411272 ], [ -2676798.58669999986887, 3487746.450199999846518 ], [ -2677381.897300000302494, 3487044.227900000289083 ], [ -2683315.447300000116229, 3486179.744699999690056 ], [ -2683701.89809999987483, 3485288.6721 ], [ -2684787.7094, 3484970.03870000038296 ], [ -2685106.342799999751151, 3483899.372700000181794 ], [ -2681435.9145, 3483724.910799999721348 ] ] } },
{ "type": "Feature", "properties": { "OBJECTID": 133, "LEFT_FID": -1, "RIGHT_FID": 0, "InLine_FID": 243, "MaxSimpTol": 100.0, "MinSimpTol": 100.0, "Shape_Length": 4915.5561999995261 }, "geometry": { "type": "LineString", "coordinates": [ [ -3004107.068799999542534, 3488289.3558 ], [ -3004107.068799999542534, 3489342.689299999736249 ], [ -3005511.513399999588728, 3489342.689299999736249 ], [ -3005511.513399999588728, 3488289.3558 ], [ -3004107.068799999542534, 3488289.3558 ] ] } },
{ "type": "Feature", "properties": { "OBJECTID": 134, "LEFT_FID": -1, "RIGHT_FID": 0, "InLine_FID": 244, "MaxSimpTol": 100.0, "MinSimpTol": 100.0, "Shape_Length": 14823.021911388254 }, "geometry": { "type": "LineString", "coordinates": [ [ -2988307.066700000315905, 3488640.467000000178814 ], [ -2988453.655600000172853, 3489547.2116 ], [ -2990618.255900000222027, 3489840.389399999752641 ], [ -2993219.7522, 3490359.79700000025332 ], [ -2994420.981700000353158, 3490122.428299999795854 ], [ -2994773.65639999974519, 3488794.0175 ], [ -2988307.066700000315905, 3488640.467000000178814 ] ] } },
{ "type": "Feature", "properties": { "OBJECTID": 135, "LEFT_FID": -1, "RIGHT_FID": 0, "InLine_FID": 245, "MaxSimpTol": 100.0, "MinSimpTol": 100.0, "Shape_Length": 4915.556400001049 }, "geometry": { "type": "LineString", "coordinates": [ [ -2894911.498599999584258, 3490044.911600000225008 ], [ -2894911.498599999584258, 3491098.2451 ], [ -2896315.943300000391901, 3491098.2451 ], [ -2896315.943300000391901, 3490044.911600000225008 ], [ -2894911.498599999584258, 3490044.911600000225008 ] ] } },
{ "type": "Feature", "properties": { "OBJECTID": 136, "LEFT_FID": -1, "RIGHT_FID": 0, "InLine_FID": 246, "MaxSimpTol": 100.0, "MinSimpTol": 100.0, "Shape_Length": 4213.3340000007302 }, "geometry": { "type": "LineString", "coordinates": [ [ -2642813.68709999974817, 3490396.02280000038445 ], [ -2642813.68709999974817, 3491449.356300000101328 ], [ -2643867.020600000396371, 3491449.356300000101328 ], [ -2643867.020600000396371, 3490396.02280000038445 ], [ -2642813.68709999974817, 3490396.02280000038445 ] ] } },
{ "type": "Feature", "properties": { "OBJECTID": 137, "LEFT_FID": -1, "RIGHT_FID": 0, "InLine_FID": 247, "MaxSimpTol": 100.0, "MinSimpTol": 100.0, "Shape_Length": 11887.463340494884 }, "geometry": { "type": "LineString", "coordinates": [ [ -2682489.247999999672174, 3489693.800499999895692 ], [ -2682151.522900000214577, 3490058.2977 ], [ -2680265.110500000417233, 3490655.538800000213087 ], [ -2680706.1776, 3491618.2188 ], [ -2685067.214700000360608, 3490705.801300000399351 ], [ -2685466.999699999578297, 3489884.264700000174344 ], [ -2682489.247999999672174, 3489693.800499999895692 ] ] } },
{ "type": "Feature", "properties": { "OBJECTID": 138, "LEFT_FID": -1, "RIGHT_FID": 0, "InLine_FID": 248, "MaxSimpTol": 100.0, "MinSimpTol": 100.0, "Shape_Length": 10578.245775603391 }, "geometry": { "type": "LineString", "coordinates": [ [ -2654049.244099999777973, 3491800.467400000430644 ], [ -2654214.924700000323355, 3492688.120299999602139 ], [ -2655436.7423, 3493465.186300000175834 ], [ -2657998.716400000266731, 3493312.48589999973774 ], [ -2658428.258600000292063, 3492116.997399999760091 ], [ -2654049.244099999777973, 3491800.467400000430644 ] ] } },
{ "type": "Feature", "properties": { "OBJECTID": 139, "LEFT_FID": -1, "RIGHT_FID": 0, "InLine_FID": 249, "MaxSimpTol": 100.0, "MinSimpTol": 100.0, "Shape_Length": 48428.508280396753 }, "geometry": { "type": "LineString", "coordinates": [ [ -3155084.8668, 3487236.02240000013262 ], [ -3154919.186200000345707, 3487421.4529 ], [ -3143312.768000000156462, 3487752.8141 ], [ -3140977.477300000376999, 3488167.81319999974221 ], [ -3140523.628700000233948, 3489232.051599999889731 ], [ -3141411.281600000336766, 3490025.161600000225008 ], [ -3142283.327200000174344, 3491001.159699999727309 ], [ -3145603.16370000038296, 3492524.8536 ], [ -3149301.407700000330806, 3493019.481499999761581 ], [ -3153524.197599999606609, 3493661.832000000402331 ], [ -3158930.924800000153482, 3493339.5768 ], [ -3160612.58530000038445, 3492425.7484 ], [ -3161219.43709999974817, 3491456.844200000166893 ], [ -3159112.770100000314415, 3490230.342199999839067 ], [ -3158781.408900000154972, 3488751.1047 ], [ -3159483.631299999542534, 3488123.675300000235438 ], [ -3159814.99239999987185, 3487414.1837 ], [ -3155084.8668, 3487236.02240000013262 ] ] } },
{ "type": "Feature", "properties": { "OBJECTID": 140, "LEFT_FID": -1, "RIGHT_FID": 0, "InLine_FID": 250, "MaxSimpTol": 100.0, "MinSimpTol": 100.0, "Shape_Length": 27900.87802669164 }, "geometry": { "type": "LineString", "coordinates": [ [ -2589795.902200000360608, 3489342.689299999736249 ], [ -2588544.847799999639392, 3490794.790900000371039 ], [ -2587500.622700000181794, 3491260.743700000457466 ], [ -2587175.6255, 3492136.630099999718368 ], [ -2588931.181300000287592, 3492665.188400000333786 ], [ -2589958.4008, 3493042.4134 ], [ -2591388.9594, 3493367.410699999891222 ], [ -2593853.9216, 3494405.503499999642372 ], [ -2598492.856300000101328, 3494032.759999999776483 ], [ -2598355.807300000451505, 3492327.134200000204146 ], [ -2598466.900999999605119, 3490944.531600000336766 ], [ -2596178.38219999987632, 3489511.125199999660254 ], [ -2589795.902200000360608, 3489342.689299999736249 ] ] } },
{ "type": "Feature", "properties": { "OBJECTID": 141, "LEFT_FID": -1, "RIGHT_FID": 0, "InLine_FID": 251, "MaxSimpTol": 100.0, "MinSimpTol": 100.0, "Shape_Length": 707131.33559594431 }, "geometry": { "type": "LineString", "coordinates": [ [ -2898773.721400000154972, 3452476.017699999734759 ], [ -2898601.676900000311434, 3454059.529 ], [ -2898199.8723, 3454445.57660000026226 ], [ -2894349.720800000242889, 3454367.002100000157952 ], [ -2893686.120699999853969, 3452999.1733 ], [ -2891159.4972, 3452655.0844 ], [ -2887767.661000000312924, 3453524.349000000394881 ], [ -2887366.119800000451505, 3454761.751299999654293 ], [ -2884078.284, 3455118.966300000436604 ], [ -2883503.897099999710917, 3455961.935999999754131 ], [ -2885669.681800000369549, 3457247.601099999621511 ], [ -2886305.76410000026226, 3458700.882799999788404 ], [ -2883847.985999999567866, 3459670.285299999639392 ], [ -2883503.897099999710917, 3460312.357099999673665 ], [ -2886269.349399999715388, 3460852.226300000213087 ], [ -2886656.875300000421703, 3462837.308000000193715 ], [ -2887167.4671, 3463828.4567 ], [ -2888419.453300000168383, 3464234.730399999767542 ], [ -2889114.653400000184774, 3464592.863800000399351 ], [ -2890877.2314, 3465288.063900000415742 ], [ -2892625.764999999664724, 3466348.419599999673665 ], [ -2895441.6765, 3466692.508500000461936 ], [ -2896839.098899999633431, 3467050.641900000162423 ], [ -2901527.4655, 3467394.7308 ], [ -2906670.21129999961704, 3466341.397300000302494 ], [ -2908432.789300000295043, 3465997.308400000445545 ], [ -2911269.0296, 3464770.1672 ], [ -2913614.019600000232458, 3465978.1924 ], [ -2917905.1798, 3467024.2961 ], [ -2918256.879499999806285, 3467917.255599999800324 ], [ -2910269.840699999593198, 3468627.5367 ], [ -2909837.234000000171363, 3469466.374200000427663 ], [ -2912997.234400000423193, 3469852.508899999782443 ], [ -2913341.323300000280142, 3470477.871100000105798 ], [ -2911585.7675, 3470905.842400000430644 ], [ -2909538.5121, 3471430.5159 ], [ -2909135.011599999852479, 3472636.359000000171363 ], [ -2915096.879099999554455, 3471959.175900000147521 ], [ -2929369.555200000293553, 3471293.751400000415742 ], [ -2929843.5477, 3473721.753899999894202 ], [ -2930552.792299999855459, 3474065.842799999751151 ], [ -2930896.881199999712408, 3474719.0729 ], [ -2928126.978000000119209, 3475169.9874 ], [ -2923175.9468, 3475068.945899999700487 ], [ -2917762.3542, 3475179.427400000393391 ], [ -2916157.2347999997437, 3474768.065100000239909 ], [ -2913262.059500000439584, 3474296.757500000298023 ], [ -2905082.127100000157952, 3474463.694899999536574 ], [ -2904570.566599999554455, 3475393.427299999631941 ], [ -2906326.122399999760091, 3475821.3986 ], [ -2908309.79839999973774, 3476329.777900000102818 ], [ -2908776.8783, 3477065.931200000457466 ], [ -2907723.544800000265241, 3477576.954400000162423 ], [ -2907379.455799999646842, 3478637.310100000351667 ], [ -2904324.091199999675155, 3478981.399000000208616 ], [ -2903778.697700000368059, 3477300.696600000374019 ], [ -2899597.4918, 3476789.776200000196695 ], [ -2893692.737800000235438, 3476910.28139999974519 ], [ -2892909.489799999631941, 3476095.0641 ], [ -2888711.996100000105798, 3476180.727300000376999 ], [ -2885670.883600000292063, 3477221.644999999552965 ], [ -2879985.763299999758601, 3478279.176699999719858 ], [ -2877183.896200000308454, 3479339.5324 ], [ -2873050.878999999724329, 3480012.3492 ], [ -2871566.117700000293553, 3480392.865899999625981 ], [ -2868047.983900000341237, 3480736.954800000414252 ], [ -2867703.894999999552965, 3481095.088200000114739 ], [ -2865941.316999999806285, 3481790.28830000013113 ], [ -2865597.228000000119209, 3482850.644000000320375 ], [ -2863834.650000000372529, 3483545.844100000336766 ], [ -2863490.561099999584258, 3483924.4934 ], [ -2864665.214700000360608, 3485053.082100000232458 ], [ -2867627.707999999634922, 3486995.378999999724329 ], [ -2872341.344700000248849, 3487414.559100000187755 ], [ -2875772.429399999789894, 3488117.3114 ], [ -2880522.963399999774992, 3488633.444799999706447 ], [ -2881039.096800000406802, 3489170.644799999892712 ], [ -2882933.934600000269711, 3489540.553399999625981 ], [ -2885431.4973, 3489489.5828 ], [ -2889184.8756, 3489566.182300000451505 ], [ -2889816.87569999974221, 3490223.97829999960959 ], [ -2890195.525000000372529, 3490568.067300000227988 ], [ -2890870.20920000039041, 3489865.8449 ], [ -2891454.307699999772012, 3489304.652300000190735 ], [ -2897899.454599999822676, 3488819.533699999563396 ], [ -2898594.654699999839067, 3488461.400299999862909 ], [ -2903462.6206, 3487985.291899999603629 ], [ -2903861.321999999694526, 3488897.841300000436604 ], [ -2900239.059299999848008, 3489604.97620000038296 ], [ -2899655.0104, 3491094.500199999660254 ], [ -2909652.987499999813735, 3491746.831600000150502 ], [ -2916199.36809999961406, 3491613.231999999843538 ], [ -2917379.066200000233948, 3490385.383100000210106 ], [ -2920665.7676, 3491510.361399999819696 ], [ -2921065.768799999728799, 3492304.746100000105798 ], [ -2916150.212600000202656, 3492674.734199999831617 ], [ -2915806.123599999584258, 3493272.3207 ], [ -2917210.568300000391901, 3493728.067699999548495 ], [ -2918256.879499999806285, 3494086.201100000180304 ], [ -2919532.699300000444055, 3494430.29 ], [ -2923288.543600000441074, 3493343.355100000277162 ], [ -2925346.4244, 3493385.352699999697506 ], [ -2930194.658900000154972, 3494788.42339999973774 ], [ -2934633.605100000277162, 3495132.512299999594688 ], [ -2935110.215099999681115, 3493895.001899999566376 ], [ -2934056.8816, 3493383.978699999861419 ], [ -2932596.0702, 3492393.7643 ], [ -2930896.881199999712408, 3491979.534099999815226 ], [ -2930552.792299999855459, 3491300.88910000026226 ], [ -2934766.126199999824166, 3490926.2006 ], [ -2935110.215099999681115, 3490087.97649999987334 ], [ -2927189.14740000013262, 3490249.630900000222027 ], [ -2926690.569500000216067, 3491277.31180000025779 ], [ -2926092.983, 3491621.400700000114739 ], [ -2925637.236100000329316, 3490216.9561 ], [ -2924576.880400000140071, 3489872.867200000211596 ], [ -2924232.791400000452995, 3489197.275999999605119 ], [ -2929124.268299999646842, 3488718.86809999961406 ], [ -2934593.020200000144541, 3488830.4753 ], [ -2939419.657100000418723, 3489535.8004 ], [ -2941430.216, 3490223.97829999960959 ], [ -2945684.857099999673665, 3490568.067300000227988 ], [ -2947345.355000000447035, 3489712.659199999645352 ], [ -2947750.216799999587238, 3488440.884399999864399 ], [ -2947047.9945, 3487766.200199999846518 ], [ -2946703.905600000172853, 3487219.196899999864399 ], [ -2947777.7549, 3486712.86670000012964 ], [ -2948526.847699999809265, 3487492.534699999727309 ], [ -2956509.562400000169873, 3487329.622100000269711 ], [ -2956942.50789999961853, 3488663.801099999807775 ], [ -2958992.7961, 3489163.622600000351667 ], [ -2960039.107300000265241, 3489521.756 ], [ -2964610.5746, 3489865.8449 ], [ -2964954.663599999621511, 3490223.97829999960959 ], [ -2966755.669700000435114, 3490568.067300000227988 ], [ -2967412.441700000315905, 3489845.329 ], [ -2966710.2193, 3489170.644799999892712 ], [ -2965750.100200000219047, 3488171.3372 ], [ -2962847.996600000187755, 3487766.200199999846518 ], [ -2962503.907700000330806, 3487223.889899999834597 ], [ -2963911.863400000147521, 3486540.822300000116229 ], [ -2964954.663599999621511, 3484950.28870000038296 ], [ -2973071.5274, 3484606.199799999594688 ], [ -2975081.0789, 3485641.4233 ], [ -2976197.24280000012368, 3486003.6222 ], [ -2976541.331799999810755, 3486545.932500000111759 ], [ -2975487.9983, 3487056.955699999816716 ], [ -2975143.909400000236928, 3487790.465099999681115 ], [ -2977250.576299999840558, 3488812.5115 ], [ -2977945.776399999856949, 3489170.644799999892712 ], [ -2979898.0164, 3489940.651800000108778 ], [ -2984560.71059999987483, 3489845.494800000451505 ], [ -2984993.685100000351667, 3487627.6053 ], [ -2987034.164900000207126, 3486965.462799999862909 ], [ -2992348.356100000441074, 3486010.644399999640882 ], [ -2992946.277700000442564, 3485388.317800000309944 ], [ -2995000.740199999883771, 3484606.199799999594688 ], [ -2996554.6678, 3485659.533300000242889 ], [ -2998346.50069999974221, 3486240.989 ], [ -3000702.847900000400841, 3485434.454 ], [ -3001821.335199999623001, 3486010.644399999640882 ], [ -3003900.687800000421703, 3486685.401200000196695 ], [ -3008492.447200000286102, 3485652.511 ], [ -3013063.91440000012517, 3485308.4221 ], [ -3013408.003399999812245, 3484950.28870000038296 ], [ -3014356.701100000180304, 3484606.199799999594688 ], [ -3014812.447999999858439, 3486010.644399999640882 ], [ -3016356.706000000238419, 3486354.73340000025928 ], [ -3016919.115000000223517, 3485468.334099999628961 ], [ -3015865.781499999575317, 3484957.3109 ], [ -3015521.692499999888241, 3484273.844399999827147 ], [ -3020458.745400000363588, 3483903.9775 ], [ -3020416.030500000342727, 3485997.005099999718368 ], [ -3020788.359899999573827, 3486354.73340000025928 ], [ -3021367.26630000025034, 3486957.2686 ], [ -3022536.893500000238419, 3486354.73340000025928 ], [ -3024665.3366, 3485322.1223 ], [ -3024627.579599999822676, 3483472.027200000360608 ], [ -3027810.583100000396371, 3482850.644000000320375 ], [ -3028154.67200000025332, 3482141.399500000290573 ], [ -3029556.57909999974072, 3481461.26630000025034 ], [ -3029910.227800000458956, 3480903.88910000026226 ], [ -3028856.894299999810755, 3480392.865899999625981 ], [ -3028284.986700000241399, 3479797.6151 ], [ -3026378.6003, 3479339.5324 ], [ -3025013.874200000427663, 3480759.96169999986887 ], [ -3020719.514600000344217, 3481439.1771 ], [ -3017823.568400000222027, 3480697.0 ], [ -3014991.514700000174344, 3480754.79700000025332 ], [ -3013227.758500000461936, 3480718.802000000141561 ], [ -3012712.803299999795854, 3478678.323099999688566 ], [ -3015521.692499999888241, 3478286.198900000192225 ], [ -3015865.781499999575317, 3477301.375 ], [ -3011727.054999999701977, 3476851.712899999693036 ], [ -3010180.223199999891222, 3476883.280899999663234 ], [ -3007446.135900000110269, 3477583.976599999703467 ], [ -3001470.224000000394881, 3477928.065600000321865 ], [ -2997870.301900000311434, 3478665.399000000208616 ], [ -2995998.131400000303984, 3479629.850499999709427 ], [ -2995074.631, 3480034.7325 ], [ -2991486.424200000241399, 3479299.798600000329316 ], [ -2986712.210799999535084, 3479397.231499999761581 ], [ -2979725.762900000438094, 3478376.289300000295043 ], [ -2979357.243300000205636, 3477017.342899999581277 ], [ -2981876.844499999657273, 3475828.420800000429153 ], [ -2984616.888399999588728, 3476530.643199999816716 ], [ -2986244.794599999673665, 3476927.495900000445545 ], [ -2990137.022900000214577, 3476848.062699999660254 ], [ -2990585.778099999763072, 3475487.131 ], [ -2983212.443799999542534, 3475126.1985 ], [ -2982868.354799999855459, 3473714.731700000353158 ], [ -2977690.0592, 3473292.541199999861419 ], [ -2975846.131699999794364, 3472661.398199999704957 ], [ -2971976.886699999682605, 3472317.309299999848008 ], [ -2971632.797799999825656, 3471531.156000000424683 ], [ -2974112.7467, 3470553.0088 ], [ -2974785.775999999605119, 3469852.508899999782443 ], [ -2975143.909400000236928, 3469508.42 ], [ -2975487.9983, 3468096.953099999576807 ], [ -2979469.726800000295043, 3467664.348500000312924 ], [ -2980052.443400000222027, 3467023.103799999691546 ], [ -2979350.221, 3466348.419599999673665 ], [ -2979006.1321, 3464585.8416 ], [ -2978647.998700000345707, 3464241.752600000239909 ], [ -2978303.909799999557436, 3463883.619199999608099 ], [ -2977243.554100000299513, 3463539.530299999751151 ], [ -2976899.465200000442564, 3462610.166600000113249 ], [ -2978147.4046, 3462135.085699999704957 ], [ -2979701.3322, 3463188.419099999591708 ], [ -2981294.433600000105798, 3463532.508100000210106 ], [ -2981807.999099999666214, 3461425.841099999845028 ], [ -2983570.577200000174344, 3461081.7522 ], [ -2985990.4627, 3460461.580500000156462 ], [ -2986372.444199999794364, 3459634.457700000144541 ], [ -2983467.484899999573827, 3459693.742600000463426 ], [ -2980448.072700000368059, 3460727.232699999585748 ], [ -2976625.214100000448525, 3461074.730000000447035 ], [ -2976197.24280000012368, 3459319.174200000241399 ], [ -2972679.109000000171363, 3458975.085199999623001 ], [ -2971632.797799999825656, 3458616.951899999752641 ], [ -2969152.095499999821186, 3458270.643000000156462 ], [ -2968140.777499999850988, 3457218.046699999831617 ], [ -2966935.8141, 3456868.4183 ], [ -2966366.130400000140071, 3458623.974100000225008 ], [ -2964068.2643, 3458968.063 ], [ -2963557.241100000217557, 3457914.729500000365078 ], [ -2962496.8854, 3457570.640599999576807 ], [ -2960812.2314, 3456994.01410000026226 ], [ -2960313.926, 3458529.608199999667704 ], [ -2959069.6562, 3458968.063 ], [ -2958617.315700000151992, 3457112.543800000101328 ], [ -2952318.2878, 3457241.0954 ], [ -2951970.5729, 3455173.013000000268221 ], [ -2954077.239900000393391, 3454761.751299999654293 ], [ -2954421.32880000025034, 3454383.102099999785423 ], [ -2953675.4353, 3453666.45920000039041 ], [ -2950638.106100000441074, 3453728.44550000037998 ], [ -2950215.017099999822676, 3455463.9737 ], [ -2948320.1793, 3455833.88219999987632 ], [ -2945422.4435, 3455774.744800000451505 ], [ -2941364.784599999897182, 3456814.647300000302494 ], [ -2940735.0159, 3456159.1738 ], [ -2940032.5477, 3455484.253399999812245 ], [ -2939681.682400000281632, 3454434.21750000026077 ], [ -2943895.01630000025034, 3454059.529 ], [ -2944239.105200000107288, 3453028.382500000298023 ], [ -2939841.594399999827147, 3452655.0844 ], [ -2939256.684899999760091, 3453860.714200000278652 ], [ -2933303.046699999831617, 3454443.006099999882281 ], [ -2932326.328499999828637, 3455459.590400000102818 ], [ -2930896.881199999712408, 3455808.062599999830127 ], [ -2930552.792299999855459, 3456433.424800000153482 ], [ -2933321.186099999584258, 3457108.306800000369549 ], [ -2933705.770499999634922, 3458097.895100000314415 ], [ -2926795.205299999564886, 3459670.285299999639392 ], [ -2926339.458399999886751, 3458265.840699999593198 ], [ -2924549.13910000026226, 3457921.751799999736249 ], [ -2921590.334699999541044, 3459927.3843 ], [ -2917885.762199999764562, 3460650.5877 ], [ -2917927.193300000391901, 3458620.463000000454485 ], [ -2917892.942099999636412, 3456942.151600000448525 ], [ -2915945.195000000298023, 3456467.3277000002563 ], [ -2915455.012500000186265, 3455456.951399999670684 ], [ -2913207.522900000214577, 3454909.05599999986589 ], [ -2911943.900899999774992, 3454052.506799999624491 ], [ -2909927.7824, 3453398.2697 ], [ -2906319.10010000038892, 3453006.195600000210106 ], [ -2904921.677699999883771, 3452648.062199999578297 ], [ -2898773.721400000154972, 3452476.017699999734759 ] ] } },
{ "type": "Feature", "properties": { "OBJECTID": 142, "LEFT_FID": -1, "RIGHT_FID": 0, "InLine_FID": 252, "MaxSimpTol": 100.0, "MinSimpTol": 100.0, "Shape_Length": 4213.3339999988675 }, "geometry": { "type": "LineString", "coordinates": [ [ -2845755.936499999836087, 3494609.356700000353158 ], [ -2845755.936499999836087, 3495662.6902 ], [ -2846809.269999999552965, 3495662.6902 ], [ -2846809.269999999552965, 3494609.356700000353158 ], [ -2845755.936499999836087, 3494609.356700000353158 ] ] } },
{ "type": "Feature", "properties": { "OBJECTID": 143, "LEFT_FID": -1, "RIGHT_FID": 0, "InLine_FID": 254, "MaxSimpTol": 100.0, "MinSimpTol": 100.0, "Shape_Length": 19924.675522895464 }, "geometry": { "type": "LineString", "coordinates": [ [ -3264982.659300000406802, 3499876.0241 ], [ -3264826.524500000290573, 3500071.0005 ], [ -3262036.3169, 3500556.565499999560416 ], [ -3261666.5241, 3501699.666799999773502 ], [ -3267469.699099999852479, 3502425.509999999776483 ], [ -3270383.893299999646842, 3501593.351300000213087 ], [ -3270756.572599999606609, 3500865.965200000442564 ], [ -3268787.715200000442564, 3500036.328200000338256 ], [ -3264982.659300000406802, 3499876.0241 ] ] } },
{ "type": "Feature", "properties": { "OBJECTID": 144, "LEFT_FID": -1, "RIGHT_FID": 0, "InLine_FID": 255, "MaxSimpTol": 100.0, "MinSimpTol": 100.0, "Shape_Length": 114263.37362597694 }, "geometry": { "type": "LineString", "coordinates": [ [ -2617182.572499999776483, 3491800.467400000430644 ], [ -2617013.71, 3491982.716099999845028 ], [ -2610004.7884, 3492378.399600000120699 ], [ -2609289.264499999582767, 3493598.589100000448525 ], [ -2611044.820299999788404, 3494427.108 ], [ -2611382.545400000177324, 3494983.3301 ], [ -2610329.211900000460446, 3495480.441499999724329 ], [ -2609991.4869, 3497560.081000000238419 ], [ -2613151.487300000153482, 3497938.219600000418723 ], [ -2613840.3235, 3498302.716900000348687 ], [ -2616662.598899999633431, 3498640.4419 ], [ -2617000.323900000192225, 3499325.110299999825656 ], [ -2611733.656499999575317, 3500044.886599999852479 ], [ -2611395.9315, 3500680.0494 ], [ -2613151.487300000153482, 3501098.220099999569356 ], [ -2613595.41509999986738, 3502500.385900000110269 ], [ -2619120.377000000327826, 3502853.7758 ], [ -2624655.100399999879301, 3503494.906700000166893 ], [ -2632933.03899999987334, 3503913.1381 ], [ -2643176.6716, 3504258.220499999821186 ], [ -2643684.7719, 3503251.042700000107288 ], [ -2640652.782999999821186, 3502836.671699999831617 ], [ -2637156.07660000026226, 3502105.089800000190735 ], [ -2636675.934899999760091, 3501123.1354 ], [ -2642023.72580000013113, 3500728.607300000265241 ], [ -2642982.549599999561906, 3499693.775399999693036 ], [ -2646155.936099999584258, 3499004.9392 ], [ -2646493.6612, 3498047.951399999670684 ], [ -2640246.583700000308454, 3497052.790199999697506 ], [ -2639835.9353, 3496182.663800000213087 ], [ -2637469.794200000353158, 3495619.052799999713898 ], [ -2637027.046, 3495091.138399999588728 ], [ -2637729.268400000408292, 3494440.494199999608099 ], [ -2638066.9934, 3493831.809999999590218 ], [ -2636129.189000000245869, 3493218.2982 ], [ -2635622.6014, 3492671.552299999631941 ], [ -2625426.99170000012964, 3492333.827200000174344 ], [ -2620173.710400000214577, 3491969.329900000244379 ], [ -2617182.572499999776483, 3491800.467400000430644 ] ] } },
{ "type": "Feature", "properties": { "OBJECTID": 145, "LEFT_FID": -1, "RIGHT_FID": 0, "InLine_FID": 256, "MaxSimpTol": 100.0, "MinSimpTol": 100.0, "Shape_Length": 20174.420557615522 }, "geometry": { "type": "LineString", "coordinates": [ [ -3256907.10259999986738, 3502684.91330000013113 ], [ -3256735.058199999853969, 3502863.980000000447035 ], [ -3256025.8136, 3503208.068900000303984 ], [ -3255681.724700000137091, 3503833.431099999696016 ], [ -3257437.280500000342727, 3504261.4024 ], [ -3260638.723899999633431, 3505081.8728 ], [ -3264452.4814, 3505617.792999999597669 ], [ -3263537.501799999736249, 3502944.617200000211596 ], [ -3256907.10259999986738, 3502684.91330000013113 ] ] } },
{ "type": "Feature", "properties": { "OBJECTID": 146, "LEFT_FID": -1, "RIGHT_FID": 0, "InLine_FID": 257, "MaxSimpTol": 100.0, "MinSimpTol": 100.0, "Shape_Length": 1377681.4133776438 }, "geometry": { "type": "LineString", "coordinates": [ [ -3176853.758600000292063, 3498471.579400000162423 ], [ -3173136.213899999856949, 3498229.023199999704957 ], [ -3173184.885800000280142, 3495844.0992 ], [ -3172110.246799999848008, 3495139.5345 ], [ -3170777.991100000217557, 3494236.461900000460446 ], [ -3166093.303100000135601, 3493735.0899 ], [ -3163929.227900000289083, 3494475.8136 ], [ -3162988.378999999724329, 3495511.161600000225008 ], [ -3163766.7999, 3496259.056200000457466 ], [ -3165797.268199999816716, 3497590.290400000289083 ], [ -3166141.357200000435114, 3498251.499699999578297 ], [ -3163332.467899999581277, 3498643.6239 ], [ -3162988.378999999724329, 3500406.201899999752641 ], [ -3162776.321700000204146, 3501101.401999999769032 ], [ -3159449.431900000199676, 3499751.940600000321865 ], [ -3153695.895499999634922, 3499282.8503 ], [ -3152455.044200000353158, 3498643.6239 ], [ -3150940.447100000455976, 3498299.535000000149012 ], [ -3145803.566399999894202, 3499050.196600000374019 ], [ -3142885.718500000424683, 3500233.74129999987781 ], [ -3142272.820600000210106, 3501411.500199999660254 ], [ -3145081.70990000013262, 3501803.62430000025779 ], [ -3146479.132299999706447, 3502161.7577 ], [ -3148609.143400000408292, 3502508.503700000233948 ], [ -3149308.412999999709427, 3503236.314899999648333 ], [ -3156126.8926, 3503097.1623 ], [ -3158416.9117, 3503566.2023 ], [ -3162988.378999999724329, 3503910.291299999691546 ], [ -3164205.206899999640882, 3504326.78940000012517 ], [ -3176055.083999999798834, 3504963.624699999578297 ], [ -3179695.8755, 3504217.920400000177324 ], [ -3180347.230999999679625, 3502875.3306 ], [ -3184089.333399999886751, 3502512.868900000117719 ], [ -3185533.015599999576807, 3503256.5839 ], [ -3191741.560100000351667, 3503129.878899999894202 ], [ -3192130.5362, 3503931.645999999716878 ], [ -3196860.812699999660254, 3503835.1097 ], [ -3198794.694899999536574, 3504619.535799999721348 ], [ -3201961.71750000026077, 3504963.624699999578297 ], [ -3204412.473399999551475, 3505321.758100000210106 ], [ -3209116.731800000183284, 3505665.847099999897182 ], [ -3209679.140800000168383, 3504779.447800000198185 ], [ -3208625.807300000451505, 3504268.424599999561906 ], [ -3208281.718399999663234, 3503889.775399999693036 ], [ -3209325.95160000026226, 3502886.49239999987185 ], [ -3222699.115799999795854, 3502512.2577 ], [ -3224686.366499999538064, 3501488.5225 ], [ -3229979.613699999637902, 3501056.95990000013262 ], [ -3234435.9885, 3501147.9063 ], [ -3238756.294300000183284, 3501059.7368 ], [ -3241981.3673, 3500399.179700000211596 ], [ -3246078.263799999840558, 3499898.5614 ], [ -3246545.812400000169873, 3499161.669300000183284 ], [ -3245045.840900000184774, 3498433.960400000214577 ], [ -3240105.795300000347197, 3497897.236999999731779 ], [ -3238398.50690000038594, 3497017.7248 ], [ -3233554.699500000104308, 3496543.9792 ], [ -3231103.943599999882281, 3495834.7346 ], [ -3228990.254499999806285, 3495490.645700000226498 ], [ -3228646.165500000119209, 3494893.0592 ], [ -3230050.6102, 3494437.312199999578297 ], [ -3230394.699099999852479, 3493839.725700000301003 ], [ -3228990.254499999806285, 3493383.978699999861419 ], [ -3227943.943199999630451, 3492674.734199999831617 ], [ -3225888.581500000320375, 3491677.578499999828637 ], [ -3222680.509200000204146, 3491229.728000000119209 ], [ -3223421.63150000013411, 3489791.0789 ], [ -3225134.917500000447035, 3488144.980600000359118 ], [ -3232726.97829999960959, 3487766.200199999846518 ], [ -3233203.588399999774992, 3489003.71059999987483 ], [ -3232150.2549, 3489514.733799999579787 ], [ -3231806.165900000371039, 3490140.0959 ], [ -3233723.915699999779463, 3490607.607099999673665 ], [ -3236466.68099999986589, 3490551.632299999706447 ], [ -3239152.549800000153482, 3489632.3081 ], [ -3239523.589200000278652, 3488110.289099999703467 ], [ -3239881.7226, 3487415.089100000448525 ], [ -3240238.323800000362098, 3486680.05379999987781 ], [ -3240956.982599999755621, 3485989.5778 ], [ -3244590.641200000420213, 3485280.218100000172853 ], [ -3247946.745900000445545, 3484420.11089999973774 ], [ -3250346.239500000141561, 3483835.159699999727309 ], [ -3250759.146300000138581, 3482141.399500000290573 ], [ -3250951.913200000301003, 3481797.310499999672174 ], [ -3262301.561099999584258, 3482689.1935 ], [ -3262696.925599999725819, 3483879.925599999725819 ], [ -3257430.25829999987036, 3484248.066399999894202 ], [ -3257086.169300000183284, 3485104.162100000306964 ], [ -3259895.058600000105798, 3485652.511 ], [ -3260239.1475, 3486250.0976 ], [ -3257925.82660000026226, 3487000.777900000102818 ], [ -3252336.309500000439584, 3487421.494199999608099 ], [ -3251819.502000000327826, 3488431.909699999727309 ], [ -3255406.205699999816716, 3488812.5115 ], [ -3258834.7029, 3488110.289099999703467 ], [ -3262774.422899999655783, 3487766.200199999846518 ], [ -3263750.259100000374019, 3488840.049599999561906 ], [ -3263048.036799999885261, 3489514.733799999579787 ], [ -3262655.051, 3491126.777499999850988 ], [ -3256589.075500000268221, 3492605.5477 ], [ -3256032.835900000296533, 3493707.529699999839067 ], [ -3260672.873100000433624, 3494079.17879999987781 ], [ -3265405.971800000406802, 3493109.748999999836087 ], [ -3271288.328599999658763, 3492681.756400000303984 ], [ -3271825.815700000151992, 3493638.039200000464916 ], [ -3269016.9265, 3494430.29 ], [ -3268672.837500000372529, 3495098.588000000454485 ], [ -3271908.430100000463426, 3495483.623499999754131 ], [ -3275336.927299999631941, 3494781.401200000196695 ], [ -3278708.985000000335276, 3494437.312199999578297 ], [ -3281308.456299999728799, 3495491.716300000436604 ], [ -3282008.039300000295043, 3496857.705900000408292 ], [ -3278496.927799999713898, 3497239.1793 ], [ -3273974.804999999701977, 3497817.194899999536574 ], [ -3273588.393799999728799, 3498951.22620000038296 ], [ -3284501.501799999736249, 3499345.846199999563396 ], [ -3284449.0992, 3496778.116600000299513 ], [ -3286548.079400000162423, 3495401.964100000448525 ], [ -3285842.1732, 3494031.675599999725819 ], [ -3284900.0488, 3493126.4972 ], [ -3277486.752000000327826, 3492091.5926 ], [ -3277099.505300000309944, 3491086.112599999643862 ], [ -3278152.8388, 3490575.089499999769032 ], [ -3278496.927799999713898, 3490032.779199999757111 ], [ -3277443.5943, 3489521.756 ], [ -3277099.505300000309944, 3488686.995000000111759 ], [ -3279443.908200000412762, 3487926.228500000201166 ], [ -3280252.4835, 3487036.439799999818206 ], [ -3279550.261199999600649, 3486361.755599999800324 ], [ -3279206.1722999997437, 3485631.630400000140071 ], [ -3282366.1727, 3484606.199799999594688 ], [ -3282710.261699999682605, 3483934.339599999599159 ], [ -3279172.976300000213087, 3483550.022599999792874 ], [ -3277135.494199999608099, 3482500.4106 ], [ -3273018.677699999883771, 3481596.719200000166893 ], [ -3266910.259499999694526, 3480743.977099999785423 ], [ -3263702.652599999681115, 3480275.243700000457466 ], [ -3260948.392099999822676, 3479332.510200000368059 ], [ -3259185.8141, 3478988.421299999579787 ], [ -3257658.386800000444055, 3478596.970099999569356 ], [ -3255638.713600000366569, 3478638.18790000025183 ], [ -3253620.702200000174344, 3479677.769500000402331 ], [ -3250448.1003, 3480572.605899999849498 ], [ -3250063.94620000012219, 3482148.421699999831617 ], [ -3246015.6826, 3482544.3596 ], [ -3243260.801, 3483487.305700000375509 ], [ -3234814.176699999719858, 3483922.515599999576807 ], [ -3233207.099499999545515, 3483889.718100000172853 ], [ -3231114.964499999769032, 3483932.41469999961555 ], [ -3230752.832499999552965, 3483361.6672 ], [ -3231994.332899999804795, 3482759.355100000277162 ], [ -3241280.727099999785423, 3481462.963899999856949 ], [ -3241633.3339, 3480376.359299999661744 ], [ -3244446.167600000277162, 3479690.6436 ], [ -3244936.350200000219047, 3478680.267300000414252 ], [ -3247955.489, 3477944.25829999987036 ], [ -3248301.368200000375509, 3476172.509800000116229 ], [ -3255488.82010000012815, 3475828.420800000429153 ], [ -3263777.5296, 3476598.410199999809265 ], [ -3265856.926099999807775, 3476172.509800000116229 ], [ -3274290.616100000217557, 3475828.420800000429153 ], [ -3274704.326100000180304, 3474553.518500000238419 ], [ -3276359.171500000171363, 3473750.6727 ], [ -3277816.121899999678135, 3472645.1475 ], [ -3280717.668700000271201, 3471703.58600000012666 ], [ -3285722.990399999544024, 3472343.363900000229478 ], [ -3286221.373200000263751, 3473370.642699999734759 ], [ -3289037.284699999727309, 3473714.731700000353158 ], [ -3289450.735500000417233, 3474988.835 ], [ -3292915.409400000236928, 3475472.507399999536574 ], [ -3293594.707600000314415, 3476179.531999999657273 ], [ -3294389.764499999582767, 3476565.2527 ], [ -3308184.54590000025928, 3477409.128200000151992 ], [ -3309993.093299999833107, 3476790.095200000330806 ], [ -3310448.043100000359118, 3475725.35840000025928 ], [ -3307990.264999999664724, 3475126.1985 ], [ -3305539.509200000204146, 3474065.842799999751151 ], [ -3303058.806900000199676, 3473719.534 ], [ -3302044.719499999657273, 3472664.055200000293553 ], [ -3299914.708399999886751, 3472317.309299999848008 ], [ -3298676.133500000461936, 3471679.2555 ], [ -3295701.3745, 3471263.97580000013113 ], [ -3294655.063299999572337, 3470905.842400000430644 ], [ -3292369.398400000296533, 3470164.136599999852479 ], [ -3288331.551300000399351, 3470246.541600000113249 ], [ -3284240.1656, 3470163.043999999761581 ], [ -3279420.150600000284612, 3470573.42920000012964 ], [ -3276218.216300000436604, 3470508.083599999547005 ], [ -3272787.860299999825656, 3470578.090900000184774 ], [ -3270448.400100000202656, 3473013.039300000295043 ], [ -3268292.252100000157952, 3473712.7165 ], [ -3266893.954599999822676, 3472257.345599999651313 ], [ -3257121.746399999596179, 3472756.227099999785423 ], [ -3256588.964499999769032, 3471658.044099999591708 ], [ -3254972.480200000107288, 3471263.97580000013113 ], [ -3254588.378499999642372, 3469688.374900000169873 ], [ -3246143.1551, 3469860.7264 ], [ -3243008.0466, 3470933.817300000227988 ], [ -3238622.472, 3470844.315700000151992 ], [ -3236370.610999999567866, 3471615.086900000460446 ], [ -3234796.950199999846518, 3471998.715699999593198 ], [ -3231349.55489999987185, 3471928.3607 ], [ -3230401.721300000324845, 3470885.326500000432134 ], [ -3231103.943599999882281, 3470210.642300000414252 ], [ -3231448.032599999569356, 3469585.2801 ], [ -3229653.269399999640882, 3469147.750799999572337 ], [ -3228295.054399999789894, 3468448.064299999736249 ], [ -3225263.67879999987781, 3468103.975399999879301 ], [ -3221623.9424, 3469157.308799999766052 ], [ -3216197.267199999652803, 3469852.508899999782443 ], [ -3215655.052699999883771, 3468910.833499999716878 ], [ -3217059.4973, 3468455.086500000208616 ], [ -3217403.586199999786913, 3468076.437199999578297 ], [ -3216552.750799999572337, 3467258.967799999751151 ], [ -3210030.251899999566376, 3466348.419599999673665 ], [ -3206421.0587, 3465732.804700000211596 ], [ -3203429.900100000202656, 3464708.985299999825656 ], [ -3201136.1793, 3465890.599100000225008 ], [ -3200557.272900000214577, 3465288.063900000415742 ], [ -3200199.139499999582767, 3464943.974899999797344 ], [ -3199855.050599999725819, 3464585.8416 ], [ -3198443.583700000308454, 3464241.752600000239909 ], [ -3198099.494800000451505, 3462830.285799999721348 ], [ -3197741.361399999819696, 3462135.085699999704957 ], [ -3197386.098199999891222, 3460315.2681 ], [ -3192829.3163, 3460408.2637 ], [ -3190829.153099999763072, 3460367.44400000013411 ], [ -3190365.763299999758601, 3458939.447100000455976 ], [ -3186941.568099999800324, 3459009.328599999658763 ], [ -3180849.19539999961853, 3458530.5751 ], [ -3171863.164200000464916, 3459295.662899999879301 ], [ -3171288.244699999690056, 3457523.972400000318885 ], [ -3168002.977699999697506, 3456723.08629999961704 ], [ -3159089.9517, 3456904.9847999997437 ], [ -3155615.044599999673665, 3456510.284900000318885 ], [ -3147530.58629999961704, 3456015.730000000447035 ], [ -3144922.000300000421703, 3456550.018699999898672 ], [ -3141391.531600000336766, 3456477.968399999663234 ], [ -3139420.920199999585748, 3456518.184899999760091 ], [ -3138059.486700000241399, 3457219.529500000178814 ], [ -3131558.116499999538064, 3457617.2412 ], [ -3128400.418800000101328, 3457552.79839999973774 ], [ -3125783.965400000102818, 3457606.19539999961853 ], [ -3125068.3739, 3456861.396099999547005 ], [ -3123608.853000000119209, 3456517.307099999859929 ], [ -3119995.870000000111759, 3457753.965800000354648 ], [ -3114607.814799999818206, 3456966.599499999545515 ], [ -3114183.928000000305474, 3458272.8629 ], [ -3113558.5658, 3458616.951899999752641 ], [ -3112981.092299999669194, 3456248.132000000216067 ], [ -3109612.460699999704957, 3454761.751299999654293 ], [ -3109268.371799999848008, 3454403.617999999783933 ], [ -3108630.80350000038743, 3453791.052400000393391 ], [ -3106619.394500000402331, 3453357.306699999608099 ], [ -3106108.371299999766052, 3454410.6402000002563 ], [ -3105647.107699999585748, 3455105.840300000272691 ], [ -3100841.704, 3454403.617999999783933 ], [ -3097323.5702, 3454059.529 ], [ -3096979.481200000271201, 3452648.062199999578297 ], [ -3096086.264000000432134, 3452214.719200000166893 ], [ -3089755.0269, 3452343.928100000135601 ], [ -3088201.7023, 3451945.8399 ], [ -3086465.305100000463426, 3451522.539099999703467 ], [ -3080658.489900000393391, 3451641.0455 ], [ -3078721.701000000350177, 3452303.973199999891222 ], [ -3074852.456000000238419, 3452648.062199999578297 ], [ -3074508.36710000038147, 3453006.195600000210106 ], [ -3074120.9983, 3453378.3734 ], [ -3072023.560100000351667, 3454058.999099999666214 ], [ -3071348.36670000012964, 3454761.751299999654293 ], [ -3066114.949900000356138, 3455330.3487 ], [ -3065730.588200000114739, 3456538.638299999758601 ], [ -3069303.52280000038445, 3457212.50719999987632 ], [ -3072633.3849, 3456359.1255 ], [ -3077945.761099999770522, 3457336.4479 ], [ -3078363.567599999718368, 3458623.974100000225008 ], [ -3078721.701000000350177, 3458968.063 ], [ -3079416.901100000366569, 3460028.418700000271201 ], [ -3081534.1014, 3460544.5521 ], [ -3083630.235000000335276, 3461081.7522 ], [ -3086467.6431, 3461425.841099999845028 ], [ -3086428.3043, 3459498.240899999625981 ], [ -3086455.544599999673665, 3458163.467199999839067 ], [ -3088090.044300000183284, 3457570.640599999576807 ], [ -3088724.3279, 3459525.269799999892712 ], [ -3089971.7297, 3460723.753899999894202 ], [ -3089943.6754, 3462098.414099999703467 ], [ -3086439.12430000025779, 3462479.174599999561906 ], [ -3086095.035299999639392, 3463052.7028 ], [ -3088201.7023, 3463883.619199999608099 ], [ -3088687.711199999786913, 3464885.392699999734759 ], [ -3091196.912200000137091, 3465699.636699999682605 ], [ -3091705.791600000113249, 3466597.173700000159442 ], [ -3088207.6645, 3467732.327499999664724 ], [ -3087514.419300000183284, 3468453.86849999986589 ], [ -3083279.123800000175834, 3468799.175499999895692 ], [ -3080796.331899999640882, 3469161.990299999713898 ], [ -3080126.145600000396371, 3469859.53110000025481 ], [ -3079101.2801, 3470844.205900000408292 ], [ -3078721.701000000350177, 3471503.428899999707937 ], [ -3080146.1524, 3471965.668100000359118 ], [ -3081063.447100000455976, 3472920.4035 ], [ -3084991.075199999846518, 3473400.338100000284612 ], [ -3088259.4424, 3473333.636699999682605 ], [ -3094856.937599999830127, 3474007.9298 ], [ -3095216.903199999593198, 3475320.9682 ], [ -3094115.515700000338256, 3475821.3986 ], [ -3092063.924999999813735, 3475119.176300000399351 ], [ -3087250.885200000368059, 3474423.97620000038296 ], [ -3086797.25760000012815, 3475848.936700000427663 ], [ -3087746.4145, 3476760.871799999848008 ], [ -3094872.814299999736249, 3477225.8432 ], [ -3095216.903199999593198, 3478637.310100000351667 ], [ -3096162.562599999830127, 3479096.095300000160933 ], [ -3096642.070299999788404, 3480084.468299999833107 ], [ -3099480.0855, 3480026.549700000323355 ], [ -3099429.807199999690056, 3477562.910000000149012 ], [ -3098025.792500000447035, 3476881.754300000146031 ], [ -3097681.703499999828637, 3476523.620900000445545 ], [ -3096984.599999999627471, 3475853.854799999855459 ], [ -3096628.3701, 3475107.596599999815226 ], [ -3098735.036999999545515, 3474423.97620000038296 ], [ -3099079.126000000163913, 3473363.620500000193715 ], [ -3099788.370500000193715, 3472317.309299999848008 ], [ -3100132.4594, 3471645.449099999852479 ], [ -3096483.510300000198185, 3471249.000099999830127 ], [ -3095926.14780000038445, 3470370.5543 ], [ -3096979.481200000271201, 3469859.53110000025481 ], [ -3097421.465900000184774, 3468497.496799999848008 ], [ -3102271.7725, 3467550.624200000427663 ], [ -3102228.306400000117719, 3469680.464499999769032 ], [ -3102266.498700000345707, 3471551.886900000274181 ], [ -3104752.17960000038147, 3472037.139399999752641 ], [ -3105399.126799999736249, 3473370.642699999734759 ], [ -3107509.442599999718368, 3474754.22719999961555 ], [ -3107921.280899999663234, 3476443.605000000447035 ], [ -3111797.3377, 3475450.243700000457466 ], [ -3114724.333800000138581, 3475509.97829999960959 ], [ -3117336.9062, 3476179.531999999657273 ], [ -3118837.734299999661744, 3476523.620900000445545 ], [ -3123505.186499999836087, 3475727.500300000421703 ], [ -3124008.018199999816716, 3474934.9994 ], [ -3122954.6847, 3474423.97620000038296 ], [ -3121908.373499999754131, 3473714.731700000353158 ], [ -3120145.795400000177324, 3473370.642699999734759 ], [ -3119801.706500000320375, 3472745.280600000172853 ], [ -3121557.262299999594688, 3472317.309299999848008 ], [ -3121935.389700000174344, 3471152.059399999678135 ], [ -3126636.386400000192225, 3471632.521999999880791 ], [ -3128923.574400000274181, 3473019.531600000336766 ], [ -3131734.680200000293553, 3473704.826000000350177 ], [ -3132083.574799999594688, 3474423.97620000038296 ], [ -3132770.308899999596179, 3475757.0483 ], [ -3129625.796699999831617, 3476523.620900000445545 ], [ -3129281.7078, 3476881.754300000146031 ], [ -3126429.746399999596179, 3477230.2483 ], [ -3125770.596199999563396, 3477955.603699999861419 ], [ -3126650.017400000244379, 3478800.537700000219047 ], [ -3131099.08669999986887, 3479332.510200000368059 ], [ -3134130.900100000202656, 3478555.512799999676645 ], [ -3136648.019899999722838, 3476523.620900000445545 ], [ -3137708.3756, 3475828.420800000429153 ], [ -3138052.464499999769032, 3474733.7802 ], [ -3137350.242200000211596, 3473370.642699999734759 ], [ -3137006.153300000354648, 3472640.882299999706447 ], [ -3138028.531899999827147, 3471658.597 ], [ -3138403.5757, 3471131.43709999974817 ], [ -3136999.131, 3470210.642300000414252 ], [ -3136655.042100000195205, 3469585.2801 ], [ -3139324.3607, 3468934.550699999555945 ], [ -3141563.576100000180304, 3469508.42 ], [ -3144103.96860000025481, 3469852.508899999782443 ], [ -3147796.489400000311434, 3469096.209499999880791 ], [ -3148238.704699999652803, 3467733.464300000108778 ], [ -3149646.154900000430644, 3467050.641900000162423 ], [ -3150557.106800000183284, 3466581.363699999637902 ], [ -3151043.577399999834597, 3464585.8416 ], [ -3161605.4309, 3464241.752600000239909 ], [ -3161571.848500000312924, 3465887.293600000441074 ], [ -3159557.510499999858439, 3466540.9529 ], [ -3159126.1562, 3467290.09499999973923 ], [ -3160530.60080000013113, 3467745.842000000178814 ], [ -3160874.689799999818206, 3468475.602400000207126 ], [ -3160024.274299999698997, 3469292.668200000189245 ], [ -3157714.689399999566376, 3470203.6201 ], [ -3156671.8892, 3470740.8202 ], [ -3154554.688900000415742, 3471256.953599999658763 ], [ -3154210.599999999627471, 3471966.198099999688566 ], [ -3150692.466199999675155, 3472310.286999999545515 ], [ -3150348.377299999818206, 3472852.597299999557436 ], [ -3151557.33629999961704, 3473439.122000000439584 ], [ -3155962.6447, 3473349.217799999751151 ], [ -3157388.156000000424683, 3473378.309899999760091 ], [ -3158065.800499999895692, 3474775.08739999961108 ], [ -3158959.222, 3475119.176300000399351 ], [ -3159470.245199999772012, 3474065.842799999751151 ], [ -3159828.378499999642372, 3473370.642699999734759 ], [ -3160172.46750000026077, 3471959.175900000147521 ], [ -3161121.165199999697506, 3471615.086900000460446 ], [ -3161576.912100000306964, 3473019.531600000336766 ], [ -3163643.9682, 3473523.4408 ], [ -3164034.6902, 3475126.1985 ], [ -3165323.155299999751151, 3475544.3097 ], [ -3174517.8333, 3475356.663200000301003 ], [ -3174919.136099999770522, 3476153.632799999788404 ], [ -3170003.579900000244379, 3476523.620900000445545 ], [ -3169659.49100000038743, 3477935.087799999862909 ], [ -3166548.5658, 3478441.5175 ], [ -3164041.71239999961108, 3477928.065600000321865 ], [ -3161487.550900000147521, 3477583.976599999703467 ], [ -3155364.6201, 3478628.356100000441074 ], [ -3151212.761400000192225, 3478997.5777000002563 ], [ -3150699.488400000147521, 3480013.700899999588728 ], [ -3155263.933500000275671, 3480385.8437 ], [ -3157425.476099999621511, 3480828.569299999624491 ], [ -3158065.800499999895692, 3482148.421699999831617 ], [ -3159581.433600000105798, 3483142.114900000393391 ], [ -3170712.824400000274181, 3483545.844100000336766 ], [ -3171759.135700000450015, 3483903.9775 ], [ -3174186.394100000150502, 3484299.112599999643862 ], [ -3176674.6919, 3485308.4221 ], [ -3178546.7027000002563, 3485764.7829 ], [ -3184094.335400000214577, 3485651.565999999642372 ], [ -3184750.248499999754131, 3484929.77280000038445 ], [ -3184048.026200000196695, 3484255.088600000366569 ], [ -3183703.937300000339746, 3481243.561700000427663 ], [ -3189321.715800000354648, 3480743.977099999785423 ], [ -3189665.804700000211596, 3480191.237700000405312 ], [ -3187910.248999999836087, 3479339.5324 ], [ -3187562.143400000408292, 3478266.798999999649823 ], [ -3185931.489699999801815, 3477475.689799999818206 ], [ -3185459.49309999961406, 3476579.6354 ], [ -3188366.124099999666214, 3476106.462899999693036 ], [ -3189314.693599999882281, 3475119.176300000399351 ], [ -3192832.827399999834597, 3474775.08739999961108 ], [ -3193176.916299999691546, 3474107.888600000180304 ], [ -3190016.915900000371039, 3473721.753899999894202 ], [ -3189672.826999999582767, 3473029.352900000289083 ], [ -3197046.161299999803305, 3472668.420400000177324 ], [ -3199593.025299999862909, 3472296.242600000463426 ], [ -3201603.584099999628961, 3471608.0647 ], [ -3206445.53139999974519, 3471243.61710000038147 ], [ -3207015.543200000189245, 3468905.4052 ], [ -3212353.21860000025481, 3468455.086500000208616 ], [ -3212839.141200000420213, 3469633.9364 ], [ -3211083.585400000214577, 3470203.6201 ], [ -3210739.496500000357628, 3471188.4441 ], [ -3214601.719200000166893, 3471608.0647 ], [ -3214945.8081, 3472205.6513 ], [ -3213187.911600000225008, 3472776.094499999657273 ], [ -3211378.4024, 3474002.674499999731779 ], [ -3205114.6957, 3474768.065100000239909 ], [ -3202712.604600000195205, 3475260.0597 ], [ -3202312.828700000420213, 3476769.28110000025481 ], [ -3209410.644000000320375, 3477225.8432 ], [ -3213011.185700000263751, 3475993.443099999800324 ], [ -3217110.528400000184774, 3475421.170199999585748 ], [ -3222341.841699999757111, 3475527.931699999608099 ], [ -3223021.364799999631941, 3476833.719100000336766 ], [ -3217808.119900000281632, 3477561.494 ], [ -3215303.941499999724329, 3478286.198900000192225 ], [ -3211923.259100000374019, 3478946.172799999825656 ], [ -3210388.385300000198185, 3479339.5324 ], [ -3208482.455500000156462, 3479804.162100000306964 ], [ -3207579.496000000275671, 3480743.977099999785423 ], [ -3206519.1403, 3481439.1771 ], [ -3206175.051400000229478, 3482064.539300000295043 ], [ -3207930.607200000435114, 3482492.510599999688566 ], [ -3208274.696100000292063, 3483903.9775 ], [ -3209493.258399999700487, 3484248.066399999894202 ], [ -3217857.521999999880791, 3483025.781499999575317 ], [ -3218571.61600000038743, 3481553.873499999754131 ], [ -3219633.07039999961853, 3481038.910400000400841 ], [ -3221623.9424, 3480392.865899999625981 ], [ -3222319.1425, 3480034.7325 ], [ -3223379.498200000263751, 3479690.6436 ], [ -3223919.378499999642372, 3478026.93059999961406 ], [ -3226188.387400000356138, 3477583.976599999703467 ], [ -3226532.4764, 3476523.620900000445545 ], [ -3227241.7209, 3476179.531999999657273 ], [ -3229206.954300000332296, 3475167.13910000026226 ], [ -3236750.286399999633431, 3476184.330699999816716 ], [ -3236703.879999999888241, 3478458.2434 ], [ -3236736.13910000026226, 3480038.9403 ], [ -3233468.346900000236928, 3480676.875799999572337 ], [ -3227585.8098, 3481088.065999999642372 ], [ -3223440.378999999724329, 3481511.7473 ], [ -3223028.387000000104308, 3483201.755199999548495 ], [ -3221968.0313, 3483545.844100000336766 ], [ -3220921.71999999973923, 3483903.9775 ], [ -3218456.919700000435114, 3484248.066399999894202 ], [ -3214927.528300000354648, 3484763.822700000368059 ], [ -3214967.263600000180304, 3486710.851800000295043 ], [ -3212488.03000000026077, 3487056.955699999816716 ], [ -3209296.570000000298023, 3487601.318400000222027 ], [ -3207228.3849, 3489170.644799999892712 ], [ -3206519.1403, 3489514.733799999579787 ], [ -3205697.3865, 3489938.061499999836087 ], [ -3205121.717899999581277, 3491504.1513 ], [ -3213808.298600000329316, 3492276.642099999822676 ], [ -3214594.696999999694526, 3492681.756400000303984 ], [ -3215655.052699999883771, 3493025.8454 ], [ -3215999.14159999974072, 3493509.495199999772012 ], [ -3213350.818199999630451, 3495245.81319999974221 ], [ -3212136.9189, 3495834.7346 ], [ -3211090.607599999755621, 3496543.9792 ], [ -3209947.5674, 3496914.899500000290573 ], [ -3207575.984899999573827, 3496866.499800000339746 ], [ -3205718.6069, 3496904.405500000342727 ], [ -3205073.901800000108778, 3499549.012299999594688 ], [ -3196145.2664, 3500221.060100000351667 ], [ -3195309.4929, 3499351.17339999973774 ], [ -3192780.160699999891222, 3498637.771999999880791 ], [ -3190932.473399999551475, 3497685.9331 ], [ -3190375.0493, 3496536.956899999640882 ], [ -3188967.599000000394881, 3495854.134499999694526 ], [ -3188492.400500000454485, 3494389.7472 ], [ -3185753.1097999997437, 3494445.651100000366569 ], [ -3184378.351599999703467, 3495153.859899999573827 ], [ -3183703.937300000339746, 3496543.9792 ], [ -3177059.0597, 3497419.935100000351667 ], [ -3176853.758600000292063, 3498471.579400000162423 ] ] } },
{ "type": "Feature", "properties": { "OBJECTID": 147, "LEFT_FID": -1, "RIGHT_FID": 0, "InLine_FID": 258, "MaxSimpTol": 100.0, "MinSimpTol": 100.0, "Shape_Length": 24667.330515513913 }, "geometry": { "type": "LineString", "coordinates": [ [ -2616129.239099999889731, 3504791.580299999564886 ], [ -2616318.07120000012219, 3505780.648199999704957 ], [ -2627088.490299999713898, 3506364.887400000356138 ], [ -2627533.658699999563396, 3504965.596 ], [ -2616129.239099999889731, 3504791.580299999564886 ] ] } },
{ "type": "Feature", "properties": { "OBJECTID": 148, "LEFT_FID": -1, "RIGHT_FID": 0, "InLine_FID": 260, "MaxSimpTol": 100.0, "MinSimpTol": 100.0, "Shape_Length": 30953.329885795967 }, "geometry": { "type": "LineString", "coordinates": [ [ -2639302.575500000268221, 3506196.02489999961108 ], [ -2639468.256099999882281, 3507083.677799999713898 ], [ -2646802.543700000271201, 3507543.402800000272691 ], [ -2647894.923899999819696, 3508137.011300000362098 ], [ -2653595.233900000341237, 3508468.372399999760091 ], [ -2653509.563299999572337, 3507031.011099999770522 ], [ -2651354.846400000154972, 3506365.6486 ], [ -2639302.575500000268221, 3506196.02489999961108 ] ] } },
{ "type": "Feature", "properties": { "OBJECTID": 149, "LEFT_FID": -1, "RIGHT_FID": 0, "InLine_FID": 261, "MaxSimpTol": 100.0, "MinSimpTol": 100.0, "Shape_Length": 5617.7784000001848 }, "geometry": { "type": "LineString", "coordinates": [ [ -3290964.884999999776483, 3508302.6919 ], [ -3290964.884999999776483, 3509356.025299999862909 ], [ -3292720.4408, 3509356.025299999862909 ], [ -3292720.4408, 3508302.6919 ], [ -3290964.884999999776483, 3508302.6919 ] ] } },
{ "type": "Feature", "properties": { "OBJECTID": 150, "LEFT_FID": -1, "RIGHT_FID": 0, "InLine_FID": 263, "MaxSimpTol": 100.0, "MinSimpTol": 100.0, "Shape_Length": 5617.7784000001848 }, "geometry": { "type": "LineString", "coordinates": [ [ -3283591.550699999555945, 3509356.025299999862909 ], [ -3283591.550699999555945, 3510409.358799999579787 ], [ -3285347.1064, 3510409.358799999579787 ], [ -3285347.1064, 3509356.025299999862909 ], [ -3283591.550699999555945, 3509356.025299999862909 ] ] } },
{ "type": "Feature", "properties": { "OBJECTID": 151, "LEFT_FID": -1, "RIGHT_FID": 0, "InLine_FID": 264, "MaxSimpTol": 100.0, "MinSimpTol": 100.0, "Shape_Length": 12828.219579440367 }, "geometry": { "type": "LineString", "coordinates": [ [ -3369613.784400000236928, 3510058.247600000351667 ], [ -3369444.921900000423193, 3510240.496299999766052 ], [ -3369080.424599999561906, 3510578.221300000324845 ], [ -3368742.6996, 3511270.13910000026226 ], [ -3373894.900999999605119, 3511631.5548 ], [ -3374347.092000000178814, 3510297.3915 ], [ -3369613.784400000236928, 3510058.247600000351667 ] ] } },
{ "type": "Feature", "properties": { "OBJECTID": 152, "LEFT_FID": -1, "RIGHT_FID": 0, "InLine_FID": 265, "MaxSimpTol": 100.0, "MinSimpTol": 100.0, "Shape_Length": 38911.455208489308 }, "geometry": { "type": "LineString", "coordinates": [ [ -3303604.886699999682605, 3505844.91370000038296 ], [ -3302637.92850000038743, 3506888.524799999780953 ], [ -3300964.859899999573827, 3507418.2209 ], [ -3299524.231599999591708, 3507923.1552 ], [ -3299633.7127, 3510685.310200000181794 ], [ -3300390.704400000162423, 3511386.701100000180304 ], [ -3303429.3311, 3511266.261699999682605 ], [ -3304588.032700000330806, 3511312.1881 ], [ -3306003.6858, 3512061.2801 ], [ -3315334.814000000245869, 3511691.4304 ], [ -3315711.528599999845028, 3511242.2517 ], [ -3314644.809000000357628, 3510253.882399999536574 ], [ -3313631.6338, 3509160.390599999576807 ], [ -3312720.390700000338256, 3508316.07799999974668 ], [ -3312213.803100000135601, 3507769.332100000232458 ], [ -3309391.527700000442564, 3507431.606999999843538 ], [ -3309053.802699999883771, 3506013.7763 ], [ -3303604.886699999682605, 3505844.91370000038296 ] ] } },
{ "type": "Feature", "properties": { "OBJECTID": 153, "LEFT_FID": -1, "RIGHT_FID": 0, "InLine_FID": 266, "MaxSimpTol": 100.0, "MinSimpTol": 100.0, "Shape_Length": 8461.4252373297168 }, "geometry": { "type": "LineString", "coordinates": [ [ -3276569.327499999664724, 3512164.914599999785423 ], [ -3276053.425499999895692, 3513636.834800000302494 ], [ -3278753.14130000025034, 3514089.332899999804795 ], [ -3279195.968100000172853, 3512666.390800000168383 ], [ -3276569.327499999664724, 3512164.914599999785423 ] ] } },
{ "type": "Feature", "properties": { "OBJECTID": 154, "LEFT_FID": -1, "RIGHT_FID": 0, "InLine_FID": 267, "MaxSimpTol": 100.0, "MinSimpTol": 100.0, "Shape_Length": 5617.7786000017077 }, "geometry": { "type": "LineString", "coordinates": [ [ -3274462.660500000230968, 3514622.692699999548495 ], [ -3274462.660500000230968, 3515676.026200000196695 ], [ -3276218.216300000436604, 3515676.026200000196695 ], [ -3276218.216300000436604, 3514622.692699999548495 ], [ -3274462.660500000230968, 3514622.692699999548495 ] ] } },
{ "type": "Feature", "properties": { "OBJECTID": 155, "LEFT_FID": -1, "RIGHT_FID": 0, "InLine_FID": 269, "MaxSimpTol": 100.0, "MinSimpTol": 100.0, "Shape_Length": 12013.172936289089 }, "geometry": { "type": "LineString", "coordinates": [ [ -3236191.544300000183284, 3514622.692699999548495 ], [ -3236029.045699999667704, 3514811.305200000293553 ], [ -3234247.376000000163913, 3515136.302500000223517 ], [ -3233922.378700000233948, 3516174.9726 ], [ -3238710.999800000339746, 3515790.20160000026226 ], [ -3239162.932199999690056, 3514805.14740000013262 ], [ -3236191.544300000183284, 3514622.692699999548495 ] ] } },
{ "type": "Feature", "properties": { "OBJECTID": 156, "LEFT_FID": -1, "RIGHT_FID": 0, "InLine_FID": 270, "MaxSimpTol": 100.0, "MinSimpTol": 100.0, "Shape_Length": 32322.48536501576 }, "geometry": { "type": "LineString", "coordinates": [ [ -3301498.219700000248849, 3514271.581500000320375 ], [ -3301166.8586, 3514642.442699999548495 ], [ -3300549.8421, 3515193.741499999538064 ], [ -3300645.994800000451505, 3516806.9698 ], [ -3308805.084800000302494, 3517318.3947 ], [ -3311846.1239, 3517968.123700000345707 ], [ -3314459.9863, 3518299.484899999573827 ], [ -3315006.12430000025779, 3517456.894399999640882 ], [ -3313345.105600000359118, 3516400.5 ], [ -3306293.722, 3515301.6776 ], [ -3305896.984199999831617, 3514437.2621 ], [ -3301498.219700000248849, 3514271.581500000320375 ] ] } },
{ "type": "Feature", "properties": { "OBJECTID": 157, "LEFT_FID": -1, "RIGHT_FID": 0, "InLine_FID": 276, "MaxSimpTol": 100.0, "MinSimpTol": 100.0, "Shape_Length": 10533.334800001234 }, "geometry": { "type": "LineString", "coordinates": [ [ -3031142.627999999560416, 3528667.139000000432134 ], [ -3031142.627999999560416, 3529720.472500000149012 ], [ -3035355.961900000460446, 3529720.472500000149012 ], [ -3035355.961900000460446, 3528667.139000000432134 ], [ -3031142.627999999560416, 3528667.139000000432134 ] ] } },
{ "type": "Feature", "properties": { "OBJECTID": 158, "LEFT_FID": -1, "RIGHT_FID": 0, "InLine_FID": 288, "MaxSimpTol": 100.0, "MinSimpTol": 100.0, "Shape_Length": 6320.0008000023663 }, "geometry": { "type": "LineString", "coordinates": [ [ -2516764.7813, 3541658.251899999566376 ], [ -2516764.7813, 3542711.58530000038445 ], [ -2518871.448300000280142, 3542711.58530000038445 ], [ -2518871.448300000280142, 3541658.251899999566376 ], [ -2516764.7813, 3541658.251899999566376 ] ] } },
{ "type": "Feature", "properties": { "OBJECTID": 159, "LEFT_FID": -1, "RIGHT_FID": 0, "InLine_FID": 293, "MaxSimpTol": 100.0, "MinSimpTol": 100.0, "Shape_Length": 23390.005642555097 }, "geometry": { "type": "LineString", "coordinates": [ [ -2513253.669700000435114, 3543764.918800000101328 ], [ -2513568.676199999637902, 3545452.60219999961555 ], [ -2517255.49129999987781, 3546591.066599999554455 ], [ -2517725.815600000321865, 3548114.169700000435114 ], [ -2522411.1431, 3548495.044499999843538 ], [ -2522899.351599999703467, 3547463.637900000438094 ], [ -2518686.017699999734759, 3545705.9052 ], [ -2516247.9896, 3544632.821700000204146 ], [ -2515174.90610000025481, 3544301.46059999987483 ], [ -2514492.433799999766052, 3543930.599399999715388 ], [ -2513253.669700000435114, 3543764.918800000101328 ] ] } },
{ "type": "Feature", "properties": { "OBJECTID": 160, "LEFT_FID": -1, "RIGHT_FID": 0, "InLine_FID": 302, "MaxSimpTol": 100.0, "MinSimpTol": 100.0, "Shape_Length": 24634.938912842652 }, "geometry": { "type": "LineString", "coordinates": [ [ -2625960.35149999987334, 3553596.0312 ], [ -2625791.489, 3553778.279900000430644 ], [ -2624022.5471, 3554116.0049 ], [ -2622982.599700000137091, 3554480.5022 ], [ -2621564.769000000320375, 3554818.22719999961555 ], [ -2621227.0439, 3555420.860299999825656 ], [ -2623623.953499999828637, 3556222.671900000423193 ], [ -2629289.2144, 3555169.338399999774992 ], [ -2632462.600999999791384, 3554831.613400000147521 ], [ -2632800.326000000350177, 3553881.610100000165403 ], [ -2625960.35149999987334, 3553596.0312 ] ] } },
{ "type": "Feature", "properties": { "OBJECTID": 161, "LEFT_FID": -1, "RIGHT_FID": 0, "InLine_FID": 965, "MaxSimpTol": 100.0, "MinSimpTol": 100.0, "Shape_Length": 6708516.3333256701 }, "geometry": { "type": "LineString", "coordinates": [ [ -3630840.485999999567866, 3659280.489799999631941 ], [ -3631012.530500000342727, 3660512.889999999664724 ], [ -3632072.886199999600649, 3660856.978900000452995 ], [ -3632416.97510000038892, 3661482.341099999845028 ], [ -3629473.19469999987632, 3662199.979100000113249 ], [ -3626096.974299999885261, 3662612.534699999727309 ], [ -3625752.8854, 3662991.184000000357628 ], [ -3626455.107699999585748, 3663665.868200000375509 ], [ -3626799.196600000374019, 3664280.178000000305474 ], [ -3623935.368800000287592, 3665070.312800000421703 ], [ -3621514.982300000265241, 3663823.447100000455976 ], [ -3621553.999699999578297, 3661911.594100000336766 ], [ -3617660.542500000447035, 3661566.223500000312924 ], [ -3616632.591900000348687, 3666831.848000000230968 ], [ -3613787.567900000140071, 3667176.979799999855459 ], [ -3612858.99280000012368, 3666210.503700000233948 ], [ -3608485.119300000369549, 3665735.293499999679625 ], [ -3607674.171799999661744, 3664891.246100000105798 ], [ -3605030.3048, 3664375.112700000405312 ], [ -3604686.215900000184774, 3663832.802400000393391 ], [ -3607131.424100000411272, 3662646.513299999758601 ], [ -3607488.082899999804795, 3661881.650299999862909 ], [ -3604234.160299999639392, 3661948.056900000199676 ], [ -3602930.6601, 3662619.557 ], [ -3600895.075199999846518, 3663115.794099999591708 ], [ -3596954.748200000263751, 3663665.868200000375509 ], [ -3594503.9923, 3664024.0016 ], [ -3591688.080799999646842, 3664368.0905 ], [ -3590056.527599999681115, 3664786.227300000376999 ], [ -3589585.621600000187755, 3667198.418999999761581 ], [ -3588341.991499999538064, 3667173.03870000038296 ], [ -3587832.880300000309944, 3666123.646300000138581 ], [ -3583649.1864, 3665714.4627 ], [ -3579221.0433, 3665804.832899999804795 ], [ -3576295.2813, 3665377.286100000143051 ], [ -3572707.032100000418723, 3665450.515599999576807 ], [ -3572750.291400000452995, 3667570.224299999885261 ], [ -3573466.388299999758601, 3668258.238900000229478 ], [ -3577636.7165, 3668173.130199999548495 ], [ -3577994.7456, 3669641.7801 ], [ -3580108.4348, 3669985.869099999777973 ], [ -3580452.523699999786913, 3670528.179399999789894 ], [ -3579286.08530000038445, 3671094.075199999846518 ], [ -3576505.566200000233948, 3671037.329900000244379 ], [ -3573086.2116, 3670336.980200000107288 ], [ -3568330.69440000038594, 3669673.104600000195205 ], [ -3565375.6935, 3670430.416400000452995 ], [ -3558694.095700000412762, 3670294.057199999690056 ], [ -3558339.542999999597669, 3671748.447100000455976 ], [ -3557086.716, 3672356.254200000315905 ], [ -3552319.2259, 3671379.780399999581277 ], [ -3550952.56940000038594, 3669957.342000000178814 ], [ -3545090.86699999962002, 3670076.968500000424683 ], [ -3544646.2078, 3671226.578599999658763 ], [ -3548859.5417, 3671741.424800000153482 ], [ -3549554.7418, 3672099.558199999853969 ], [ -3550615.097500000149012, 3672443.647199999541044 ], [ -3550959.186499999836087, 3672985.957499999552965 ], [ -3549778.574500000104308, 3673558.729600000195205 ], [ -3546544.987700000405312, 3673492.737999999895692 ], [ -3544997.31900000013411, 3672443.647199999541044 ], [ -3543234.74100000038743, 3672099.558199999853969 ], [ -3541859.3268, 3671628.778900000266731 ], [ -3532074.425900000147521, 3672397.700199999846518 ], [ -3531655.09499999973923, 3670736.1266 ], [ -3534463.984199999831617, 3670344.002399999648333 ], [ -3537174.390100000426173, 3669881.6924 ], [ -3537616.96239999961108, 3668803.55599999986589 ], [ -3529492.250199999660254, 3668969.366399999707937 ], [ -3528846.205699999816716, 3669641.7801 ], [ -3528488.072300000116229, 3669985.869099999777973 ], [ -3528143.98340000025928, 3670344.002399999648333 ], [ -3526732.5165, 3670688.091400000266731 ], [ -3525955.528199999593198, 3671088.358099999837577 ], [ -3524983.983, 3672099.558199999853969 ], [ -3523221.40500000026077, 3672794.75829999987036 ], [ -3522877.315999999642372, 3673420.120500000193715 ], [ -3524632.871799999848008, 3673848.091799999587238 ], [ -3524976.960799999535084, 3674628.99170000012964 ], [ -3520064.915699999779463, 3674528.745900000445545 ], [ -3516729.3596, 3674596.818400000222027 ], [ -3505020.050499999895692, 3674357.852900000289083 ], [ -3504619.535799999721348, 3673281.585799999535084 ], [ -3506740.561599999666214, 3672445.006 ], [ -3506718.598799999803305, 3671368.829 ], [ -3501350.962899999693036, 3671478.372499999590218 ], [ -3496192.867999999783933, 3671039.202499999664724 ], [ -3491972.511900000274181, 3670695.113599999807775 ], [ -3490872.0811, 3669949.184000000357628 ], [ -3489514.733799999579787, 3669290.668999999761581 ], [ -3488201.578099999576807, 3668614.194799999706447 ], [ -3483179.89049999974668, 3668236.218299999833107 ], [ -3482452.132799999788404, 3667478.756199999712408 ], [ -3478588.154500000178814, 3667557.6129 ], [ -3477935.087799999862909, 3668237.3355 ], [ -3477576.954400000162423, 3668581.4244 ], [ -3477232.865500000305474, 3669253.284599999897182 ], [ -3480743.977099999785423, 3669634.75789999961853 ], [ -3481088.065999999642372, 3669992.89130000025034 ], [ -3482148.421699999831617, 3670336.980200000107288 ], [ -3482492.510599999688566, 3671013.024799999780953 ], [ -3478582.233799999579787, 3671390.313699999824166 ], [ -3477232.865500000305474, 3669985.869099999777973 ], [ -3472961.026200000196695, 3669463.873700000345707 ], [ -3469859.5312, 3669992.89130000025034 ], [ -3467745.842000000178814, 3670336.980200000107288 ], [ -3465646.197300000116229, 3670695.113599999807775 ], [ -3463502.3125, 3671044.11809999961406 ], [ -3462135.085699999704957, 3671748.447100000455976 ], [ -3461074.730000000447035, 3672092.536000000312924 ], [ -3460730.640999999828637, 3672737.370199999772012 ], [ -3462912.9002, 3673145.8695 ], [ -3467939.965400000102818, 3672116.229600000195205 ], [ -3472963.460799999535084, 3672973.08 ], [ -3473363.620500000193715, 3674206.225200000219047 ], [ -3473721.753899999894202, 3674550.3141 ], [ -3474065.842799999751151, 3675245.519999999552965 ], [ -3458355.347799999639392, 3675886.4978 ], [ -3457921.751799999736249, 3674550.3141 ], [ -3456185.354600000195205, 3674127.013299999758601 ], [ -3449450.902499999850988, 3674264.451100000180304 ], [ -3449509.486700000241399, 3671393.824799999594688 ], [ -3448083.61710000038147, 3671046.2248 ], [ -3447739.528199999593198, 3670667.575500000268221 ], [ -3448739.847, 3669706.484899999573827 ], [ -3455112.862499999813735, 3669290.668999999761581 ], [ -3455456.951399999670684, 3668629.459599999710917 ], [ -3452648.062199999578297, 3668237.3355 ], [ -3452158.320000000298023, 3667727.603900000452995 ], [ -3441588.004300000146031, 3668928.241100000217557 ], [ -3441068.416199999861419, 3667922.2357 ], [ -3445957.35080000013113, 3666543.305499999783933 ], [ -3446328.061300000175834, 3665686.5488 ], [ -3441288.91399999987334, 3665789.388500000350177 ], [ -3437702.705900000408292, 3666523.912999999709427 ], [ -3433171.1733, 3668074.974499999545515 ], [ -3426665.836500000208616, 3668932.5356 ], [ -3426321.747499999590218, 3669641.7801 ], [ -3425963.614199999719858, 3670336.980200000107288 ], [ -3425619.5252, 3671748.447100000455976 ], [ -3416905.29079999960959, 3672317.019000000320375 ], [ -3416484.142900000326335, 3671019.19579999987036 ], [ -3415781.390599999576807, 3670344.002399999648333 ], [ -3415437.301599999889731, 3669965.3531 ], [ -3416468.257000000216067, 3668974.827399999834597 ], [ -3416834.724100000225008, 3668397.247499999590218 ], [ -3415781.390599999576807, 3667886.224299999885261 ], [ -3415086.190499999560416, 3667528.090900000184774 ], [ -3412587.105200000107288, 3667184.002000000327826 ], [ -3411223.9677, 3667886.224299999885261 ], [ -3409935.502600000239909, 3668304.3355 ], [ -3405899.8059, 3668221.974399999715388 ], [ -3403878.082399999722838, 3667180.480499999597669 ], [ -3401152.6074, 3666832.8909 ], [ -3400690.63300000037998, 3668181.321000000461936 ], [ -3404089.538099999539554, 3668734.631099999882281 ], [ -3404545.833499999716878, 3669539.423100000247359 ], [ -3401930.076999999582767, 3670388.244699999690056 ], [ -3402170.669800000265241, 3671390.313699999824166 ], [ -3405633.451999999582767, 3670681.0691 ], [ -3406301.3893, 3669985.869099999777973 ], [ -3410543.24199999962002, 3669641.7801 ], [ -3410500.296799999661744, 3671746.098600000143051 ], [ -3412628.412399999797344, 3672092.536000000312924 ], [ -3412972.501299999654293, 3672685.9753 ], [ -3411155.122399999760091, 3673496.980600000359118 ], [ -3408415.078499999828637, 3672794.75829999987036 ], [ -3406777.718500000424683, 3672450.6694 ], [ -3402095.077600000426173, 3673504.002899999730289 ], [ -3393310.276499999687076, 3673848.091799999587238 ], [ -3392966.1875, 3674557.33629999961704 ], [ -3392256.943, 3674901.425300000235438 ], [ -3391912.854000000283122, 3675259.558600000105798 ], [ -3389799.164900000207126, 3675603.647599999792874 ], [ -3389455.075899999588728, 3675961.781000000424683 ], [ -3385773.293800000101328, 3676859.329900000244379 ], [ -3378353.179700000211596, 3676227.567200000397861 ], [ -3373655.073800000362098, 3676664.0033 ], [ -3368360.868300000205636, 3677008.092199999839067 ], [ -3367611.775600000284612, 3676228.4243 ], [ -3363398.0483, 3676314.418700000271201 ], [ -3360609.1601, 3677029.158900000154972 ], [ -3358939.6064, 3678766.857599999755621 ], [ -3353342.3745, 3679450.808600000105798 ], [ -3351886.182, 3679824.003700000233948 ], [ -3349225.687300000339746, 3680257.1075 ], [ -3343176.869699999690056, 3680133.662200000137091 ], [ -3342750.30449999962002, 3678383.873999999836087 ], [ -3340831.0115, 3678423.043200000189245 ], [ -3340299.513799999840558, 3679389.010200000368059 ], [ -3342055.0696, 3679816.981499999761581 ], [ -3342399.1585, 3680359.291799999773502 ], [ -3340724.0777000002563, 3681171.954800000414252 ], [ -3335223.949799999594688, 3681572.5373 ], [ -3334681.735299999825656, 3680630.8618 ], [ -3336100.559100000187755, 3680170.448800000362098 ], [ -3336064.57010000012815, 3678406.991499999538064 ], [ -3339919.752500000409782, 3677654.386199999600649 ], [ -3341928.411100000143051, 3676130.228199999779463 ], [ -3342399.1585, 3674199.20299999974668 ], [ -3347418.4858, 3673821.4041 ], [ -3351832.029900000430644, 3673911.47649999987334 ], [ -3352230.270999999716878, 3673496.980600000359118 ], [ -3357083.359299999661744, 3673152.891699999570847 ], [ -3357496.938299999572337, 3675200.779 ], [ -3353634.715599999763072, 3675954.75870000012219 ], [ -3353290.6267, 3676637.106999999843538 ], [ -3358036.706199999898672, 3677008.092199999839067 ], [ -3358550.271800000220537, 3674901.425300000235438 ], [ -3368739.5176, 3674557.33629999961704 ], [ -3371777.924200000241399, 3674039.079699999652803 ], [ -3382457.5033, 3674257.030299999751151 ], [ -3387341.386800000444055, 3673496.980600000359118 ], [ -3389806.18709999974817, 3673152.891699999570847 ], [ -3390150.275999999605119, 3672443.647199999541044 ], [ -3390508.409400000236928, 3672099.558199999853969 ], [ -3390852.4984, 3671410.69539999961853 ], [ -3384699.431699999608099, 3671046.2248 ], [ -3384188.408599999733269, 3672099.558199999853969 ], [ -3383309.364900000393391, 3672526.025000000372529 ], [ -3378575.6195, 3672429.417899999767542 ], [ -3370495.073400000110269, 3671741.424800000153482 ], [ -3366386.375300000421703, 3671397.335900000296533 ], [ -3365930.6283, 3672801.780500000342727 ], [ -3364035.259200000204146, 3673496.980600000359118 ], [ -3363472.850200000219047, 3672610.581399999558926 ], [ -3364526.1837, 3672099.558199999853969 ], [ -3364870.272699999623001, 3671150.860500000417233 ], [ -3363465.82799999974668, 3670695.113599999807775 ], [ -3363121.739099999889731, 3670033.904299999587238 ], [ -3365930.6283, 3669641.7801 ], [ -3366274.717299999669194, 3669016.417999999597669 ], [ -3363813.428100000135601, 3668416.402200000360608 ], [ -3361717.294499999843538, 3667879.202100000344217 ], [ -3358768.591799999587238, 3667535.113199999555945 ], [ -3358206.182900000363588, 3668421.512400000356138 ], [ -3359561.472799999639392, 3669079.029299999587238 ], [ -3359954.716400000266731, 3670715.994199999608099 ], [ -3355852.4232, 3672047.201999999582767 ], [ -3344430.233300000429153, 3672443.647199999541044 ], [ -3341001.736100000329316, 3671741.424800000153482 ], [ -3334192.933500000275671, 3671397.335900000296533 ], [ -3325957.974399999715388, 3672332.70990000013262 ], [ -3325552.845200000330806, 3673069.0093 ], [ -3327308.400999999605119, 3673496.980600000359118 ], [ -3327652.489900000393391, 3674249.218399999663234 ], [ -3323963.231300000101328, 3674173.927400000393391 ], [ -3319991.9463, 3674754.258399999700487 ], [ -3319583.955500000156462, 3673496.980600000359118 ], [ -3317119.1551, 3673152.891699999570847 ], [ -3316423.9551, 3672794.75829999987036 ], [ -3311852.487800000235438, 3672099.558199999853969 ], [ -3310143.778900000266731, 3671661.647900000214577 ], [ -3302814.886599999852479, 3671811.2171 ], [ -3302282.271499999798834, 3673452.541000000201166 ], [ -3297632.180100000463426, 3673848.091799999587238 ], [ -3297112.841400000266731, 3672828.4117 ], [ -3300975.0641, 3672450.6694 ], [ -3301319.153, 3671797.439299999736249 ], [ -3298012.6349, 3671259.1689 ], [ -3297463.952499999664724, 3670688.091400000266731 ], [ -3295976.893500000238419, 3670344.002399999648333 ], [ -3292548.396300000138581, 3671046.2248 ], [ -3288658.6354, 3671390.313699999824166 ], [ -3287896.0384, 3670596.590300000272691 ], [ -3280046.005599999800324, 3670756.795 ], [ -3279557.2835, 3671711.062699999660254 ], [ -3283068.394999999552965, 3672092.536000000312924 ], [ -3283486.8925, 3672528.115000000223517 ], [ -3288858.218000000342727, 3672418.496100000105798 ], [ -3293794.192599999718368, 3672519.2303 ], [ -3294296.92989999987185, 3673392.3449 ], [ -3292892.4852, 3673848.091799999587238 ], [ -3292548.396300000138581, 3674390.402099999599159 ], [ -3293601.729799999855459, 3674901.425300000235438 ], [ -3293945.818699999712408, 3675961.781000000424683 ], [ -3298166.174800000153482, 3676305.869900000281632 ], [ -3298550.856300000101328, 3677491.316700000315905 ], [ -3301991.0132, 3678061.425699999555945 ], [ -3302372.486499999649823, 3674550.3141 ], [ -3307295.064899999648333, 3674206.225200000219047 ], [ -3308341.376199999824166, 3673848.091799999587238 ], [ -3312111.090699999593198, 3673387.4534 ], [ -3312554.710099999792874, 3673875.6299 ], [ -3311852.487800000235438, 3674550.3141 ], [ -3311449.1299, 3676616.494099999777973 ], [ -3308772.879700000397861, 3677052.162700000219047 ], [ -3307457.08669999986887, 3679059.079400000162423 ], [ -3303877.806099999696016, 3679496.447800000198185 ], [ -3299461.889999999664724, 3679406.327100000344217 ], [ -3294651.5521, 3680391.576999999582767 ], [ -3291686.4644, 3679784.269899999722838 ], [ -3285830.437400000169873, 3679903.780600000172853 ], [ -3283110.2363, 3679206.643699999898672 ], [ -3282717.283900000154972, 3678524.194799999706447 ], [ -3284121.728500000201166, 3678068.4479 ], [ -3284611.911100000143051, 3677058.071600000374019 ], [ -3286228.395499999634922, 3676664.0033 ], [ -3286441.815999999642372, 3675610.669800000265241 ], [ -3278683.016699999570847, 3676491.958800000138581 ], [ -3273932.482699999585748, 3677008.092199999839067 ], [ -3273588.393799999728799, 3677727.782700000330806 ], [ -3276570.54590000025928, 3678454.775100000202656 ], [ -3277092.483099999837577, 3679361.23450000025332 ], [ -3275688.038499999791384, 3679816.981499999761581 ], [ -3275343.9496, 3680526.225999999791384 ], [ -3273748.305800000205636, 3680870.315000000409782 ], [ -3273237.282599999569356, 3679816.981499999761581 ], [ -3267612.4819, 3679472.8925 ], [ -3267268.392900000326335, 3678412.536799999885261 ], [ -3265538.438699999824166, 3677851.161000000312924 ], [ -3265161.725999999791384, 3676305.869900000281632 ], [ -3263999.619699999690056, 3675189.336400000378489 ], [ -3262415.435600000433624, 3674420.7719 ], [ -3261915.703300000168383, 3672880.780600000172853 ], [ -3257079.147099999710917, 3672450.6694 ], [ -3256735.058199999853969, 3671945.6848 ], [ -3259095.614500000141561, 3670544.398400000296533 ], [ -3259638.596900000236928, 3669425.1897 ], [ -3264310.355999999679625, 3668917.615000000223517 ], [ -3264803.5926, 3667829.043399999849498 ], [ -3261196.411000000312924, 3667902.659300000406802 ], [ -3259192.83629999961704, 3668588.446600000374019 ], [ -3257781.369400000199676, 3668932.5356 ], [ -3257086.169300000183284, 3669290.668999999761581 ], [ -3255991.528699999675155, 3669634.75789999961853 ], [ -3253981.977099999785423, 3668599.534400000236928 ], [ -3251818.709699999541044, 3667897.546900000423193 ], [ -3251468.390800000168383, 3667260.862200000323355 ], [ -3253223.946600000374019, 3666832.8909 ], [ -3253568.035500000230968, 3665385.596300000324845 ], [ -3250036.023900000378489, 3665457.6782 ], [ -3250078.375099999830127, 3667532.885499999858439 ], [ -3247835.240199999883771, 3667879.202100000344217 ], [ -3246903.9457, 3667333.485000000335276 ], [ -3247957.279199999757111, 3665779.557400000281632 ], [ -3248301.368200000375509, 3664698.6858 ], [ -3247540.868800000287592, 3663968.009999999776483 ], [ -3242142.5367, 3664078.179999999701977 ], [ -3241637.278400000184774, 3662807.616499999538064 ], [ -3246009.459800000302494, 3662197.254999999888241 ], [ -3247540.4063, 3661408.58559999987483 ], [ -3247950.257000000216067, 3660202.791799999773502 ], [ -3245141.367700000293553, 3659810.667700000107288 ], [ -3244797.278800000436604, 3658750.312 ], [ -3243378.78969999961555, 3658062.134100000374019 ], [ -3241854.3267, 3657276.804700000211596 ], [ -3232538.371299999766052, 3657466.926199999637902 ], [ -3232157.277099999599159, 3656292.533900000154972 ], [ -3230168.80599999986589, 3655948.445000000298023 ], [ -3224075.042000000365078, 3657319.202600000426173 ], [ -3220212.475499999709427, 3657696.978500000201166 ], [ -3219517.275399999693036, 3658055.1119 ], [ -3215494.051900000311434, 3658546.727699999697506 ], [ -3213548.385700000450015, 3658048.089700000360608 ], [ -3207310.513299999758601, 3657666.497000000439584 ], [ -3203868.1075, 3657736.750199999660254 ], [ -3203366.162100000306964, 3658726.7347 ], [ -3208546.807300000451505, 3659187.44539999961853 ], [ -3208976.918399999849498, 3660512.889999999664724 ], [ -3211792.829900000244379, 3660856.978900000452995 ], [ -3212136.9189, 3661399.289200000464916 ], [ -3211083.585400000214577, 3661910.312400000169873 ], [ -3210739.496500000357628, 3662676.881199999712408 ], [ -3217952.008899999782443, 3662529.68709999974817 ], [ -3218862.556400000117719, 3662998.757000000216067 ], [ -3219510.253200000151992, 3663672.8904 ], [ -3225149.510300000198185, 3664017.863699999637902 ], [ -3225124.472799999639392, 3665244.7012 ], [ -3218456.919700000435114, 3666123.646300000138581 ], [ -3218112.830799999646842, 3666813.146200000308454 ], [ -3224453.347500000149012, 3667176.979799999855459 ], [ -3225128.031700000166893, 3666474.757500000298023 ], [ -3225786.215099999681115, 3666130.668499999679625 ], [ -3226181.365199999883771, 3668793.491600000299513 ], [ -3222670.253600000403821, 3669283.64670000039041 ], [ -3221975.05350000038743, 3669641.7801 ], [ -3219344.171, 3670495.510200000368059 ], [ -3218525.596699999645352, 3671347.495699999853969 ], [ -3212488.03000000026077, 3671741.424800000153482 ], [ -3212143.941100000403821, 3673152.891699999570847 ], [ -3210732.4742, 3673496.980600000359118 ], [ -3208983.940700000151992, 3674206.225200000219047 ], [ -3207889.299999999813735, 3674550.3141 ], [ -3206526.16260000038892, 3673848.091799999587238 ], [ -3205019.002999999560416, 3673480.674800000153482 ], [ -3203015.051, 3672794.75829999987036 ], [ -3200184.701100000180304, 3672448.9051 ], [ -3200206.472199999727309, 3671382.121100000105798 ], [ -3208632.8295, 3670695.113599999807775 ], [ -3209679.140800000168383, 3669985.869099999777973 ], [ -3217375.223000000230968, 3669609.137799999676645 ], [ -3217527.645499999634922, 3668237.3355 ], [ -3204646.987499999813735, 3669059.505099999718368 ], [ -3202312.828700000420213, 3668581.4244 ], [ -3196420.799100000411272, 3668237.3355 ], [ -3195982.364, 3670035.8142 ], [ -3193513.983, 3669985.4391 ], [ -3192832.827399999834597, 3668581.4244 ], [ -3190719.1382, 3668237.3355 ], [ -3190375.0493, 3667541.050499999895692 ], [ -3199855.050599999725819, 3667184.002000000327826 ], [ -3200199.139499999582767, 3666327.9063 ], [ -3197390.250199999660254, 3665779.557400000281632 ], [ -3196766.280500000342727, 3663220.008100000210106 ], [ -3189672.916600000113249, 3663364.770600000396371 ], [ -3189321.715800000354648, 3661241.74349999986589 ], [ -3193667.651600000448525, 3660816.6919 ], [ -3204013.086400000378489, 3661027.823200000450015 ], [ -3204412.473399999551475, 3659844.628100000321865 ], [ -3194567.05350000038743, 3659458.996100000105798 ], [ -3193746.027900000102818, 3658604.459300000220537 ], [ -3191779.493900000117719, 3659108.44539999961853 ], [ -3190016.915900000371039, 3659452.534300000406802 ], [ -3189672.826999999582767, 3659810.667700000107288 ], [ -3189314.693599999882281, 3660154.7566 ], [ -3188970.6047, 3661566.223500000312924 ], [ -3187670.795800000429153, 3661910.312400000169873 ], [ -3187208.072800000198185, 3660484.370199999772012 ], [ -3182952.559399999678135, 3660571.21750000026077 ], [ -3182299.492700000293553, 3661917.334599999710917 ], [ -3180378.1672, 3662540.811099999584258 ], [ -3176681.714100000448525, 3661910.312400000169873 ], [ -3173163.580299999564886, 3661566.223500000312924 ], [ -3172819.491399999707937, 3660651.934000000357628 ], [ -3176330.603000000119209, 3660161.778800000436604 ], [ -3179704.966, 3659470.644299999810755 ], [ -3182313.925900000147521, 3659106.430499999783933 ], [ -3182287.770100000314415, 3657824.7977 ], [ -3179738.446600000374019, 3657352.889600000344217 ], [ -3175628.380599999800324, 3658406.2231 ], [ -3169017.8427, 3659175.2516 ], [ -3168606.15749999973923, 3660864.001199999824166 ], [ -3165874.128399999812245, 3661208.090099999681115 ], [ -3165431.735299999825656, 3659393.375799999572337 ], [ -3156667.5345, 3660139.576500000432134 ], [ -3156317.267, 3661000.146300000138581 ], [ -3164738.488099999725819, 3660828.284699999727309 ], [ -3165088.023699999786913, 3662669.715699999593198 ], [ -3160702.6453, 3662580.2182 ], [ -3156582.261599999852479, 3662664.3076 ], [ -3155966.155799999833107, 3663342.295199999585748 ], [ -3157070.3646, 3664403.20160000026226 ], [ -3159126.1562, 3665070.312800000421703 ], [ -3159470.245199999772012, 3665779.557400000281632 ], [ -3160012.555499999783933, 3666123.646300000138581 ], [ -3160679.283699999563396, 3664749.369800000451505 ], [ -3165095.04590000025928, 3663672.8904 ], [ -3167583.329199999570847, 3663035.1897 ], [ -3176323.580699999816716, 3663672.8904 ], [ -3182650.603799999691546, 3664016.979399999603629 ], [ -3182994.692699999548495, 3664945.056300000287592 ], [ -3177962.237200000323355, 3665421.423999999649823 ], [ -3172080.682300000451505, 3664669.646300000138581 ], [ -3168782.556599999777973, 3664736.955 ], [ -3168255.046299999579787, 3665695.674999999813735 ], [ -3171848.295800000429153, 3666571.64130000025034 ], [ -3189606.139700000174344, 3665783.434100000187755 ], [ -3190016.915900000371039, 3667879.052799999713898 ], [ -3173163.580299999564886, 3668230.313299999572337 ], [ -3167663.691700000315905, 3668662.50789999961853 ], [ -3163335.979000000283122, 3668574.187199999578297 ], [ -3161380.289900000207126, 3668614.099299999885261 ], [ -3160881.712000000290573, 3669641.7801 ], [ -3160172.46750000026077, 3669985.869099999777973 ], [ -3159828.378499999642372, 3670627.940899999812245 ], [ -3161935.0455, 3671039.202499999664724 ], [ -3162981.356700000353158, 3671748.447100000455976 ], [ -3164224.6974, 3672351.651999999769032 ], [ -3168088.112099999561906, 3672794.75829999987036 ], [ -3168750.564399999566376, 3671429.295400000177324 ], [ -3171059.045099999755621, 3670978.635900000110269 ], [ -3180945.571999999694526, 3670234.488699999637902 ], [ -3188234.815600000321865, 3670979.481499999761581 ], [ -3188612.471300000324845, 3671651.396300000138581 ], [ -3185803.582000000402331, 3672443.647199999541044 ], [ -3184757.2708, 3672801.780500000342727 ], [ -3182620.4304, 3673322.7018 ], [ -3174568.02489999961108, 3673848.091799999587238 ], [ -3169719.610399999655783, 3674229.092000000178814 ], [ -3162033.356599999591708, 3674072.2297 ], [ -3161489.309899999760091, 3672950.827200000174344 ], [ -3158416.9117, 3672450.6694 ], [ -3158072.822700000368059, 3671720.908900000154972 ], [ -3158775.045099999755621, 3671046.2248 ], [ -3159119.13399999961257, 3670395.309500000439584 ], [ -3156745.238300000317395, 3669992.89130000025034 ], [ -3156317.267, 3671748.447100000455976 ], [ -3154666.346900000236928, 3672092.536000000312924 ], [ -3154105.643199999816716, 3670364.652900000102818 ], [ -3136648.019899999722838, 3669992.89130000025034 ], [ -3132733.678600000217557, 3669592.828300000168383 ], [ -3128582.872100000269711, 3669677.53870000038296 ], [ -3124170.0801, 3671586.7982 ], [ -3113490.133399999700487, 3672747.147199999541044 ], [ -3113130.594499999657273, 3673855.114 ], [ -3109013.777099999599159, 3674525.293600000441074 ], [ -3108566.149400000460446, 3673145.8695 ], [ -3107589.676099999807775, 3672801.780500000342727 ], [ -3107161.704800000414252, 3674557.33629999961704 ], [ -3103905.320899999700487, 3674901.425300000235438 ], [ -3099788.370500000193715, 3674199.20299999974668 ], [ -3090563.096900000236928, 3673855.114 ], [ -3086446.146499999798834, 3674557.33629999961704 ], [ -3084332.457299999892712, 3674901.425300000235438 ], [ -3083245.114199999719858, 3675273.6031 ], [ -3082583.923700000159442, 3675961.781000000424683 ], [ -3081249.146300000138581, 3676609.346300000324845 ], [ -3078179.390700000338256, 3677008.092199999839067 ], [ -3077668.367499999701977, 3675954.75870000012219 ], [ -3073276.145399999804795, 3675564.161899999715388 ], [ -3069126.2719, 3675648.8531 ], [ -3067837.255099999718368, 3676312.892099999822676 ], [ -3066873.170099999755621, 3676780.616499999538064 ], [ -3060460.409699999727309, 3676649.743900000117719 ], [ -3056376.9869, 3676733.079 ], [ -3055774.74349999986589, 3677974.43790000025183 ], [ -3052480.954599999822676, 3678510.636099999770522 ], [ -3047139.305100000463426, 3677903.900899999774992 ], [ -3040640.93680000025779, 3678853.519100000150502 ], [ -3034504.275399999693036, 3678728.2812 ], [ -3030268.361200000159442, 3679121.78139999974519 ], [ -3023684.020600000396371, 3679582.027700000442564 ], [ -3020788.359899999573827, 3680175.114900000393391 ], [ -3012526.7802, 3680526.824199999682605 ], [ -3001990.534, 3681423.9002 ], [ -2999019.468100000172853, 3681930.670699999667704 ], [ -2994632.05350000038743, 3682407.352099999785423 ], [ -2979608.6442, 3682100.751899999566376 ], [ -2966975.255599999800324, 3682817.4402 ], [ -2948434.152099999599159, 3682439.0504 ], [ -2948479.978799999691546, 3684684.559000000357628 ], [ -2941437.238199999555945, 3684030.315399999730289 ], [ -2934669.742700000293553, 3683686.2264 ], [ -2929110.28830000013113, 3684634.494599999859929 ], [ -2921767.991100000217557, 3685083.648900000378489 ], [ -2920019.457499999552965, 3686144.004599999636412 ], [ -2912639.100999999791384, 3686488.093500000424683 ], [ -2904705.7001, 3687066.925300000235438 ], [ -2901410.566200000233948, 3687548.449199999682605 ], [ -2894585.29590000025928, 3688382.459800000302494 ], [ -2894037.231800000183284, 3688952.893799999728799 ], [ -2887703.186499999836087, 3689641.071700000204146 ], [ -2882778.477800000458956, 3690649.747000000439584 ], [ -2875070.207100000232458, 3691403.6497 ], [ -2873672.784699999727309, 3691761.783099999651313 ], [ -2871166.710900000296533, 3692372.7165 ], [ -2868047.983900000341237, 3692808.0943 ], [ -2860834.154400000348687, 3694171.408800000324845 ], [ -2855468.0493, 3695270.490600000135601 ], [ -2847822.915699999779463, 3695616.9836 ], [ -2847339.447800000198185, 3694423.432199999690056 ], [ -2855980.188, 3693773.053899999707937 ], [ -2856461.315700000151992, 3692875.267099999822676 ], [ -2854354.648699999786913, 3692464.005400000140071 ], [ -2854010.5598, 3691796.806599999777973 ], [ -2857170.560200000181794, 3691410.671900000423193 ], [ -2858716.262199999764562, 3691014.5373 ], [ -2869459.450799999758601, 3690357.338399999774992 ], [ -2870856.873200000263751, 3689999.2051 ], [ -2872268.339999999850988, 3689655.116100000217557 ], [ -2872937.7494, 3688958.383899999782443 ], [ -2873672.784699999727309, 3688601.782700000330806 ], [ -2874016.873599999584258, 3688243.649299999698997 ], [ -2875779.45160000026226, 3687899.5603 ], [ -2882060.807900000363588, 3686613.0175 ], [ -2888770.564500000327826, 3686144.004599999636412 ], [ -2889114.653400000184774, 3685785.8712 ], [ -2897970.238599999807775, 3685119.321700000204146 ], [ -2901754.6551, 3684732.537700000219047 ], [ -2909138.522699999623001, 3684216.404299999587238 ], [ -2913919.166400000452995, 3683605.344600000418723 ], [ -2929148.3476, 3682984.004099999554455 ], [ -2931247.99239999987185, 3682625.870699999853969 ], [ -2944205.683899999596179, 3682137.840900000184774 ], [ -2944617.944299999624491, 3680026.057900000363588 ], [ -2953195.950899999588728, 3680610.141099999658763 ], [ -2960337.355100000277162, 3680123.877299999818206 ], [ -2966011.508100000210106, 3680239.676300000399351 ], [ -2970263.464300000108778, 3680152.901700000278652 ], [ -2970923.5532, 3679465.870299999602139 ], [ -2982793.633100000210106, 3679000.935100000351667 ], [ -2983257.14159999974072, 3677572.572200000286102 ], [ -2985263.347500000149012, 3676921.551799999549985 ], [ -2985670.221900000236928, 3675252.536399999633431 ], [ -2988670.3103, 3674908.447499999776483 ], [ -2989191.729100000113249, 3675983.208700000308454 ], [ -2990940.400399999693036, 3675947.521599999628961 ], [ -2993559.345300000160933, 3676000.969399999827147 ], [ -2994096.889700000174344, 3676848.180200000293553 ], [ -2993043.556200000457466, 3677359.2034 ], [ -2992699.467299999669194, 3678044.628600000403821 ], [ -2998014.188699999824166, 3678412.536799999885261 ], [ -3000065.779400000348687, 3677710.314500000327826 ], [ -3007402.2604, 3677112.165500000119209 ], [ -3010950.2253, 3677717.336799999698997 ], [ -3013919.1223, 3678061.425699999555945 ], [ -3014461.336799999698997, 3677119.750199999660254 ], [ -3013056.892199999652803, 3676664.0033 ], [ -3012712.803299999795854, 3676305.869900000281632 ], [ -3002247.387799999676645, 3675860.339599999599159 ], [ -3001828.3574, 3674464.3277000002563 ], [ -3007780.8536, 3674585.807199999690056 ], [ -3008141.33600000012666, 3673959.749800000339746 ], [ -3006736.8914, 3673504.002899999730289 ], [ -3006392.802400000393391, 3672536.694799999706447 ], [ -3011308.3586, 3672099.558199999853969 ], [ -3011652.447599999606609, 3671446.328200000338256 ], [ -3009194.669499999843538, 3671046.2248 ], [ -3008850.580500000156462, 3670667.575500000268221 ], [ -3009552.802899999544024, 3669992.89130000025034 ], [ -3009896.891800000332296, 3669614.24199999962002 ], [ -3009194.669499999843538, 3668939.557799999602139 ], [ -3008834.364699999801815, 3667829.230999999679625 ], [ -3005511.513399999588728, 3667897.044300000183284 ], [ -3004008.7577, 3667866.375799999572337 ], [ -3003583.913200000301003, 3666123.646300000138581 ], [ -3000416.89049999974668, 3665779.557400000281632 ], [ -2999019.468100000172853, 3665421.423999999649823 ], [ -2994799.111999999731779, 3665077.335099999792874 ], [ -2994455.02309999987483, 3664451.972900000400841 ], [ -2996210.57880000025034, 3664024.0016 ], [ -2996554.6678, 3663063.656899999827147 ], [ -2987231.171699999831617, 3662619.557 ], [ -2985677.244099999777973, 3663672.8904 ], [ -2983568.910400000400841, 3664357.051699999719858 ], [ -2983219.466, 3665077.335099999792874 ], [ -2981539.568599999882281, 3665772.535199999809265 ], [ -2981112.798999999649823, 3663996.463499999605119 ], [ -2981815.0214, 3663321.779299999587238 ], [ -2982159.110299999825656, 3662854.753999999724329 ], [ -2981326.219600000418723, 3662268.44579999987036 ], [ -2975143.909400000236928, 3662970.668100000359118 ], [ -2971610.5784, 3663316.2434 ], [ -2970930.575500000268221, 3664024.0016 ], [ -2967412.441700000315905, 3664368.0905 ], [ -2966623.994800000451505, 3664774.260099999606609 ], [ -2960825.212000000290573, 3665421.423999999649823 ], [ -2960397.2407, 3663665.868200000375509 ], [ -2958555.906700000166893, 3662300.89919999986887 ], [ -2948558.482699999585748, 3661893.010900000110269 ], [ -2948071.3449, 3660391.8311 ], [ -2941683.168600000441074, 3660522.202100000344217 ], [ -2936901.91330000013113, 3661747.548899999819696 ], [ -2932563.075799999758601, 3662261.423600000329316 ], [ -2927995.1294, 3661482.275500000454485 ], [ -2923473.074699999764562, 3661574.562400000169873 ], [ -2922071.599000000394881, 3662296.534699999727309 ], [ -2921033.1086, 3663377.412399999797344 ], [ -2915448.368700000457466, 3664059.837000000290573 ], [ -2912235.177699999883771, 3663994.261699999682605 ], [ -2911592.78969999961555, 3662546.068599999882281 ], [ -2915455.012500000186265, 3661917.334599999710917 ], [ -2916852.434899999760091, 3661559.201299999840558 ], [ -2919317.2352, 3661215.112300000153482 ], [ -2922058.9797, 3660653.550200000405312 ], [ -2922470.213399999774992, 3659792.0658 ], [ -2920009.6847, 3658993.616100000217557 ], [ -2913251.962100000120699, 3658406.2231 ], [ -2908571.454400000162423, 3659204.57050000037998 ], [ -2902464.239799999631941, 3659079.933500000275671 ], [ -2902112.788499999791384, 3660105.764399999752641 ], [ -2904570.566599999554455, 3660505.86780000012368 ], [ -2904914.655500000342727, 3661917.334599999710917 ], [ -2910188.345099999569356, 3662261.423600000329316 ], [ -2910532.434000000357628, 3663207.693900000303984 ], [ -2895290.250799999572337, 3664202.190499999560416 ], [ -2879371.006, 3664879.899400000460446 ], [ -2878939.451999999582767, 3664121.661600000225008 ], [ -2880732.2133, 3662946.275100000202656 ], [ -2881390.207899999804795, 3662261.423600000329316 ], [ -2882450.5636, 3661917.334599999710917 ], [ -2882794.652599999681115, 3661559.201299999840558 ], [ -2883855.0082, 3661215.112300000153482 ], [ -2884199.097199999727309, 3660528.318300000391901 ], [ -2878581.318699999712408, 3660161.778800000436604 ], [ -2878237.2297, 3659536.4167 ], [ -2879992.785500000230968, 3659108.44539999961853 ], [ -2880336.8744, 3658363.373200000263751 ], [ -2874028.141800000332296, 3658492.1228 ], [ -2869810.5619, 3659108.44539999961853 ], [ -2865322.977, 3659452.534300000406802 ], [ -2864895.005699999630451, 3657696.978500000201166 ], [ -2857095.170699999667704, 3657109.8942 ], [ -2854060.75690000038594, 3656592.318599999882281 ], [ -2850378.8492, 3656667.459499999880791 ], [ -2845583.892, 3658055.1119 ], [ -2840310.202399999834597, 3658399.200799999758601 ], [ -2837262.5411, 3659281.188799999654293 ], [ -2836455.001899999566376, 3660512.889999999664724 ], [ -2833642.168100000359118, 3661198.605700000189245 ], [ -2833291.628100000321865, 3662278.841400000266731 ], [ -2831181.312300000339746, 3662963.645899999886751 ], [ -2830810.079800000414252, 3663350.030799999833107 ], [ -2827843.838100000284612, 3663289.495199999772012 ], [ -2827326.1118, 3661291.972500000149012 ], [ -2829081.667600000277162, 3660864.001199999824166 ], [ -2829494.574300000444055, 3659170.240899999625981 ], [ -2831284.027200000360608, 3658734.006199999712408 ], [ -2833329.011099999770522, 3658034.045199999585748 ], [ -2834293.4551, 3657030.236200000159442 ], [ -2838561.6689, 3656650.667299999855459 ], [ -2838905.757799999788404, 3655978.807099999859929 ], [ -2835169.707399999722838, 3655572.894799999892712 ], [ -2834699.446100000292063, 3654355.34360000025481 ], [ -2836806.113099999725819, 3653841.778 ], [ -2837150.201999999582767, 3653163.13300000037998 ], [ -2832936.86809999961406, 3652788.444500000216067 ], [ -2832592.779199999757111, 3652105.0992 ], [ -2837508.335400000214577, 3651735.111100000329316 ], [ -2837852.4243, 3650931.32039999961853 ], [ -2827686.222699999809265, 3649689.066399999894202 ], [ -2827326.1118, 3648326.5159 ], [ -2828751.072300000116229, 3647872.888299999758601 ], [ -2829425.75650000013411, 3648575.110600000247359 ], [ -2840835.0483, 3648919.1996 ], [ -2841363.535899999551475, 3647933.038800000213087 ], [ -2839256.868900000117719, 3647521.777200000360608 ], [ -2838912.78000000026077, 3647163.643799999728799 ], [ -2837150.201999999582767, 3646819.5548 ], [ -2836768.1793, 3646032.120299999602139 ], [ -2828356.1842, 3646203.793600000441074 ], [ -2828393.912700000219047, 3644355.0959 ], [ -2813797.48589999973774, 3644010.6656 ], [ -2813281.665500000119209, 3645044.186599999666214 ], [ -2819601.666299999691546, 3645408.088000000454485 ], [ -2819945.755199999548495, 3647422.9391 ], [ -2807389.635900000110269, 3647865.866100000217557 ], [ -2806961.664599999785423, 3646110.3103 ], [ -2796772.418800000101328, 3645766.221400000154972 ], [ -2796119.431900000199676, 3645086.581899999640882 ], [ -2790884.160299999639392, 3644692.529199999757111 ], [ -2790459.4402, 3642950.309899999760091 ], [ -2789399.084499999880791, 3642606.2209 ], [ -2789054.9956, 3641916.788800000213087 ], [ -2797068.7325, 3641455.363300000317395 ], [ -2797478.152200000360608, 3639775.906700000166893 ], [ -2801185.43790000025183, 3639851.565600000321865 ], [ -2803347.838100000284612, 3639111.415199999697506 ], [ -2805331.480100000277162, 3638627.840800000354648 ], [ -2805901.308899999596179, 3638034.753700000233948 ], [ -2807593.312800000421703, 3637690.66469999961555 ], [ -2808007.9759, 3639712.382000000216067 ], [ -2804496.864299999549985, 3640141.420599999837577 ], [ -2803701.295599999837577, 3640969.461500000208616 ], [ -2801336.863900000229478, 3641545.865199999883771 ], [ -2800030.683000000193715, 3641992.947300000116229 ], [ -2799588.330299999564886, 3643141.50899999961257 ], [ -2800934.8114, 3643794.752299999818206 ], [ -2816432.845599999651313, 3642961.875900000333786 ], [ -2817484.466, 3642420.132000000216067 ], [ -2821708.3333, 3641903.998599999584258 ], [ -2825813.67949999962002, 3640851.874699999578297 ], [ -2830135.0011, 3640499.553999999538064 ], [ -2831852.021599999628961, 3639911.849000000394881 ], [ -2832234.6458, 3638774.783800000324845 ], [ -2825047.072700000368059, 3638383.8947 ], [ -2824517.222500000149012, 3637408.0631 ], [ -2829084.00829999987036, 3636405.597900000400841 ], [ -2830479.089999999850988, 3635928.08669999986887 ], [ -2831539.4457, 3635583.9978 ], [ -2832585.75690000038594, 3635225.864400000311434 ], [ -2834348.335, 3634881.775500000454485 ], [ -2834692.423899999819696, 3633470.308600000105798 ], [ -2836255.708999999798834, 3633089.209300000220537 ], [ -2836799.090800000354648, 3632232.7982 ], [ -2835745.757399999536574, 3631721.775000000372529 ], [ -2835401.668399999849498, 3631363.641699999570847 ], [ -2832936.86809999961406, 3631019.552699999883771 ], [ -2832592.779199999757111, 3629959.196999999694526 ], [ -2831599.596199999563396, 3629615.108099999837577 ], [ -2831188.334499999880791, 3631721.775000000372529 ], [ -2828021.3119, 3632065.864 ], [ -2827677.223000000230968, 3632444.513299999758601 ], [ -2828379.445299999788404, 3633119.197499999776483 ], [ -2828723.534199999645352, 3633726.08490000013262 ], [ -2826265.756099999882281, 3634523.642099999822676 ], [ -2825219.444799999706447, 3634881.775500000454485 ], [ -2823930.9797, 3635299.886699999682605 ], [ -2815209.265700000338256, 3635121.8925 ], [ -2807835.931400000117719, 3635272.368700000457466 ], [ -2801979.652200000360608, 3635152.852800000458956 ], [ -2798183.885700000450015, 3635583.9978 ], [ -2794481.574900000356138, 3635928.08669999986887 ], [ -2793970.551799999549985, 3634874.753200000151992 ], [ -2787932.816800000146031, 3634530.664300000295043 ], [ -2784173.8163, 3635494.026200000196695 ], [ -2783788.328200000338256, 3636266.407700000330806 ], [ -2794624.8108, 3636890.365000000223517 ], [ -2795016.862999999895692, 3637634.650299999862909 ], [ -2792559.08490000013262, 3638034.753700000233948 ], [ -2791889.675499999895692, 3638731.48589999973774 ], [ -2791154.6403, 3639088.087100000120699 ], [ -2790810.551300000399351, 3639446.220499999821186 ], [ -2790212.964800000190735, 3639790.309500000439584 ], [ -2789650.560100000351667, 3638057.184600000269711 ], [ -2779919.083200000226498, 3637690.66469999961555 ], [ -2779574.994300000369549, 3636279.1979 ], [ -2778865.749699999578297, 3635935.108900000341237 ], [ -2778521.660799999721348, 3635337.52240000013262 ], [ -2780296.404199999757111, 3634761.612300000153482 ], [ -2780255.743800000287592, 3632769.251199999824166 ], [ -2784538.604500000365078, 3632423.997399999760091 ], [ -2786946.209699999541044, 3633248.076999999582767 ], [ -2799225.802400000393391, 3632997.4731 ], [ -2803620.393899999558926, 3633747.052199999801815 ], [ -2810037.782700000330806, 3634172.530899999663234 ], [ -2810465.753999999724329, 3632416.97510000038892 ], [ -2812930.5543, 3632072.886199999600649 ], [ -2813274.643199999816716, 3631401.025999999605119 ], [ -2809763.531700000166893, 3631019.552699999883771 ], [ -2803658.473799999803305, 3630069.458999999798834 ], [ -2790410.284599999897182, 3630339.830199999734759 ], [ -2789757.217899999581277, 3631019.552699999883771 ], [ -2777461.305100000463426, 3631363.641699999570847 ], [ -2773756.041500000283122, 3631742.335900000296533 ], [ -2773254.9934, 3632775.1085 ], [ -2772525.233, 3633119.197499999776483 ], [ -2771850.5488, 3632416.97510000038892 ], [ -2770087.970800000242889, 3632072.886199999600649 ], [ -2769653.285500000230968, 3631176.902300000190735 ], [ -2763416.858799999579787, 3630668.441599999554455 ], [ -2760465.78969999961555, 3630064.005699999630451 ], [ -2752081.607099999673665, 3629516.968500000424683 ], [ -2745401.784199999645352, 3629653.291400000452995 ], [ -2744112.767300000414252, 3630317.330400000326335 ], [ -2742930.693099999800324, 3630890.812 ], [ -2742255.539800000376999, 3632282.454400000162423 ], [ -2737785.744199999608099, 3632768.08629999961704 ], [ -2737441.655299999751151, 3633429.295599999837577 ], [ -2741723.758600000292063, 3634027.082100000232458 ], [ -2742701.300499999895692, 3634530.664300000295043 ], [ -2744829.4161, 3634877.101700000464916 ], [ -2744807.3942, 3635956.175599999725819 ], [ -2743908.4063, 3636819.909099999815226 ], [ -2736508.802500000223517, 3637623.857099999673665 ], [ -2736037.210699999704957, 3636572.310700000263751 ], [ -2740601.6557, 3635935.108900000341237 ], [ -2740945.744699999690056, 3634955.215900000184774 ], [ -2728671.233, 3634248.457899999804795 ], [ -2728312.7652000002563, 3632530.654199999757111 ], [ -2732526.099100000225008, 3632072.886199999600649 ], [ -2732870.188, 3631530.575899999588728 ], [ -2731816.854600000195205, 3631019.552699999883771 ], [ -2731472.765599999576807, 3630377.480899999849498 ], [ -2733579.4326, 3629966.2193 ], [ -2733923.521499999798834, 3629305.0099 ], [ -2731114.63219999987632, 3628912.885800000280142 ], [ -2730770.5433, 3627852.5301 ], [ -2726550.187199999578297, 3627508.441100000403821 ], [ -2726206.098299999721348, 3626790.2138 ], [ -2731121.654500000178814, 3626103.996500000357628 ], [ -2731465.7434, 3625442.787200000137091 ], [ -2727721.722799999639392, 3624920.117600000463426 ], [ -2727259.431699999608099, 3624057.480100000277162 ], [ -2730262.673999999649823, 3623471.189799999818206 ], [ -2746488.316100000403821, 3623802.325299999676645 ], [ -2746914.634399999864399, 3622992.988300000317395 ], [ -2742717.883100000210106, 3622309.796299999579787 ], [ -2742357.211500000208616, 3620830.306900000199676 ], [ -2740954.077399999834597, 3620149.578499999828637 ], [ -2740601.6557, 3619537.5203 ], [ -2742006.100399999879301, 3619081.773299999535084 ], [ -2743052.411600000225008, 3618723.639999999664724 ], [ -2745694.280299999751151, 3618207.89670000039041 ], [ -2758157.213600000366569, 3617677.328700000420213 ], [ -2763124.208800000138581, 3617287.010099999606609 ], [ -2763767.9699, 3616616.973000000230968 ], [ -2766311.1245, 3616202.971099999733269 ], [ -2771828.068300000391901, 3616315.56180000025779 ], [ -2772194.637699999846518, 3615619.654 ], [ -2769033.600399999879301, 3615105.066499999724329 ], [ -2763015.275399999693036, 3615227.889499999582767 ], [ -2760990.588000000454485, 3616270.910299999639392 ], [ -2756697.692800000309944, 3616616.973000000230968 ], [ -2754018.984199999831617, 3615700.099600000306964 ], [ -2753592.7686, 3615028.35149999987334 ], [ -2754915.60120000038296, 3614386.581199999898672 ], [ -2768339.437199999578297, 3613815.105999999679625 ], [ -2768683.526200000196695, 3612288.990600000135601 ], [ -2757836.947700000368059, 3612510.349299999885261 ], [ -2756050.546699999831617, 3612052.528 ], [ -2751479.079400000162423, 3611708.439000000245869 ], [ -2751134.990500000305474, 3611045.300599999725819 ], [ -2754047.009999999776483, 3610655.105600000359118 ], [ -2759111.429700000211596, 3611395.178299999795854 ], [ -2764146.418700000271201, 3611292.423499999567866 ], [ -2764118.243300000205636, 3609911.830199999734759 ], [ -2745456.356300000101328, 3609208.96129999961704 ], [ -2744814.9896, 3608541.416400000452995 ], [ -2741258.300900000147521, 3608193.556599999777973 ], [ -2739197.2111, 3607488.082899999804795 ], [ -2736698.125799999572337, 3607143.994 ], [ -2735686.099499999545515, 3608197.327399999834597 ], [ -2727854.873100000433624, 3608541.416400000452995 ], [ -2726908.320600000210106, 3606897.5186 ], [ -2728312.7652000002563, 3606441.77170000039041 ], [ -2728656.854100000113249, 3605981.767199999652803 ], [ -2727837.7325, 3605388.43819999974221 ], [ -2721765.712500000372529, 3606164.560999999754131 ], [ -2721290.542000000365078, 3607143.994 ], [ -2717856.2906, 3607488.082899999804795 ], [ -2717428.319299999624491, 3605732.527099999599159 ], [ -2712924.024799999780953, 3605388.43819999974221 ], [ -2712502.966099999845028, 3607545.289800000376999 ], [ -2708008.468500000424683, 3608190.305200000293553 ], [ -2707597.206899999640882, 3606083.638299999758601 ], [ -2704892.9534, 3605739.5493 ], [ -2704437.206500000320375, 3607143.994 ], [ -2703894.896099999547005, 3607488.082899999804795 ], [ -2703383.872999999672174, 3606434.7494 ], [ -2697056.849899999797344, 3606090.660500000230968 ], [ -2696712.761, 3605281.3843 ], [ -2701979.428299999795854, 3604335.1047 ], [ -2702323.517300000414252, 3602593.3975 ], [ -2696306.573599999770522, 3602228.437800000421703 ], [ -2694025.711500000208616, 3603009.135499999858439 ], [ -2693401.331399999558926, 3604296.122999999672174 ], [ -2691439.071399999782443, 3604679.193599999882281 ], [ -2689690.5378, 3605037.326999999582767 ], [ -2686674.638299999758601, 3605405.853400000371039 ], [ -2684069.248200000263751, 3605352.682199999690056 ], [ -2680665.57660000026226, 3605422.144899999722838 ], [ -2676891.97649999987334, 3606195.050900000147521 ], [ -2669849.246299999766052, 3606051.321700000204146 ], [ -2666702.37430000025779, 3606115.543600000441074 ], [ -2664059.4233, 3606792.882799999788404 ], [ -2660190.178299999795854, 3607136.971800000406802 ], [ -2659846.0894, 3608197.327399999834597 ], [ -2655605.217299999669194, 3608541.416400000452995 ], [ -2654930.533200000412762, 3607839.1941 ], [ -2645443.509700000286102, 3607495.105100000277162 ], [ -2645099.420699999667704, 3606739.16509999986738 ], [ -2651068.310399999842048, 3606090.660500000230968 ], [ -2651412.399400000460446, 3604613.7736 ], [ -2642911.1096, 3603920.6568 ], [ -2642290.531499999575317, 3603274.748999999836087 ], [ -2641932.39809999987483, 3602930.6601 ], [ -2641588.309100000187755, 3602237.383600000292063 ], [ -2649347.039599999785423, 3601877.32660000026226 ], [ -2650531.110299999825656, 3603109.726800000295043 ], [ -2654138.014899999834597, 3603813.8635 ], [ -2664245.335799999535084, 3603607.591699999757111 ], [ -2664754.6234, 3602603.126299999654293 ], [ -2660269.888799999840558, 3602204.302299999631941 ], [ -2659808.3235, 3600310.942699999548495 ], [ -2651770.532700000330806, 3600823.99309999961406 ], [ -2646229.614400000311434, 3601168.082100000232458 ], [ -2645801.643000000156462, 3599412.5263 ], [ -2630696.841, 3599068.437300000339746 ], [ -2628948.307500000111759, 3598710.303999999538064 ], [ -2619461.284, 3598366.214999999850988 ], [ -2613802.278599999845028, 3598005.001899999566376 ], [ -2613148.30530000012368, 3597285.343399999663234 ], [ -2613864.7237, 3596597.019899999722838 ], [ -2613837.7412, 3595274.876299999654293 ], [ -2606119.059999999590218, 3594855.103400000371039 ], [ -2605774.971, 3594176.458499999716878 ], [ -2611995.586199999786913, 3593623.264000000432134 ], [ -2612439.0608, 3592853.072300000116229 ], [ -2611034.6162, 3592397.325299999676645 ], [ -2610690.527200000360608, 3591736.11600000038743 ], [ -2613499.416500000283122, 3591343.991899999789894 ], [ -2613843.505400000140071, 3590718.629700000397861 ], [ -2612087.9496, 3590290.6584 ], [ -2611743.8607, 3589643.2374 ], [ -2617870.1173, 3588542.5126 ], [ -2631230.835799999535084, 3588183.991399999707937 ], [ -2631750.174499999731779, 3589203.671500000171363 ], [ -2627887.9518, 3589581.413800000213087 ], [ -2624211.817900000140071, 3590118.613900000229478 ], [ -2615624.308199999853969, 3590882.294499999843538 ], [ -2615254.972299999557436, 3592397.325299999676645 ], [ -2614896.838899999856949, 3592741.414300000295043 ], [ -2614552.75, 3593283.724600000306964 ], [ -2615606.083399999886751, 3593794.747700000181794 ], [ -2616301.2835, 3594152.881099999882281 ], [ -2618855.44510000012815, 3594496.970099999569356 ], [ -2622972.395499999634922, 3593794.747700000181794 ], [ -2627543.862800000235438, 3593450.658800000324845 ], [ -2627887.9518, 3592808.587000000290573 ], [ -2625781.284799999557436, 3592397.325299999676645 ], [ -2625437.195899999700487, 3591744.095300000160933 ], [ -2627894.974000000394881, 3591343.991899999789894 ], [ -2630157.522199999541044, 3590958.072300000116229 ], [ -2636616.871500000357628, 3590168.7752 ], [ -2637035.996500000357628, 3588449.5071 ], [ -2641760.3536, 3588545.922500000335276 ], [ -2645271.465200000442564, 3588474.267199999652803 ], [ -2650311.207000000402331, 3588577.119099999777973 ], [ -2650710.177000000141561, 3585719.191100000403821 ], [ -2654930.533200000412762, 3585375.10219999961555 ], [ -2655274.622100000269711, 3584680.659699999727309 ], [ -2646931.83669999986887, 3584321.768699999898672 ], [ -2646503.865399999544024, 3586077.324500000104308 ], [ -2640946.237300000153482, 3586421.4134 ], [ -2640499.161999999545515, 3584131.292600000277162 ], [ -2636321.641800000332296, 3583619.546400000341237 ], [ -2618564.876899999566376, 3583981.9293 ], [ -2618063.861600000411272, 3585044.50690000038594 ], [ -2618766.0839, 3585719.191100000403821 ], [ -2619110.172799999825656, 3586344.553299999795854 ], [ -2616047.81180000025779, 3587091.099000000394881 ], [ -2608358.753600000403821, 3587474.746899999678135 ], [ -2607881.638000000268221, 3586240.632000000216067 ], [ -2613144.067599999718368, 3585383.957399999722838 ], [ -2613492.394299999810755, 3584656.0937 ], [ -2609981.282700000330806, 3583970.65749999973923 ], [ -2609637.193799999542534, 3583218.677000000141561 ], [ -2617261.857200000435114, 3582472.951399999670684 ], [ -2617705.728199999779463, 3581325.931699999608099 ], [ -2609012.41469999961555, 3580617.159099999815226 ], [ -2608583.860299999825656, 3579817.4742 ], [ -2610690.527200000360608, 3579406.212500000372529 ], [ -2611084.595599999651313, 3577789.7281 ], [ -2612094.971900000236928, 3577299.5455 ], [ -2612439.0608, 3576701.958999999798834 ], [ -2610004.345200000330806, 3575911.885700000450015 ], [ -2585490.504800000227988, 3575366.143699999898672 ], [ -2585059.412700000219047, 3576212.5587 ], [ -2588921.6354, 3576590.301 ], [ -2589265.724399999715388, 3577243.53110000025481 ], [ -2586807.9463, 3577643.634499999694526 ], [ -2586463.857300000265241, 3578288.4687 ], [ -2588646.116399999707937, 3578696.967899999581277 ], [ -2592074.613599999807775, 3577994.7456 ], [ -2595725.538599999621511, 3577650.656700000166893 ], [ -2596287.947499999776483, 3578537.0559 ], [ -2595234.614099999889731, 3579048.07909999974072 ], [ -2594890.525100000202656, 3580108.4348 ], [ -2593830.1694, 3580452.523699999786913 ], [ -2593486.080500000156462, 3581119.722500000149012 ], [ -2596646.080900000408292, 3581505.857200000435114 ], [ -2596990.169800000265241, 3582048.167500000447035 ], [ -2595560.641800000332296, 3582741.700899999588728 ], [ -2587343.4561, 3583261.412999999709427 ], [ -2586814.968500000424683, 3582275.252299999818206 ], [ -2588921.6354, 3581863.990600000135601 ], [ -2589265.724399999715388, 3580541.909099999815226 ], [ -2579083.500799999572337, 3580108.4348 ], [ -2578739.411799999885261, 3579483.072599999606609 ], [ -2580494.9676, 3579055.101300000213087 ], [ -2580839.056599999777973, 3578273.627899999730289 ], [ -2571442.937699999660254, 3577650.656700000166893 ], [ -2571014.966400000266731, 3579406.212500000372529 ], [ -2568901.277200000360608, 3579750.301400000229478 ], [ -2568491.940600000321865, 3581429.4167 ], [ -2566092.387900000438094, 3582208.0795 ], [ -2565748.298999999649823, 3582875.278300000354648 ], [ -2568908.2994, 3583261.412999999709427 ], [ -2569252.388399999588728, 3583962.015599999576807 ], [ -2548228.581000000238419, 3584490.035400000400841 ], [ -2547838.746500000357628, 3586089.1524 ], [ -2546430.163099999539554, 3586772.524600000120699 ], [ -2546086.074099999852479, 3587464.04 ], [ -2553732.7692, 3587858.033800000324845 ], [ -2554156.8723, 3589597.722 ], [ -2556970.519999999552965, 3590283.636199999600649 ], [ -2557314.609000000171363, 3590881.222699999809265 ], [ -2555910.164300000295043, 3591336.969600000418723 ], [ -2555566.075400000438094, 3592160.862700000405312 ], [ -2568486.525000000372529, 3591897.180100000463426 ], [ -2568901.277200000360608, 3592730.707399999722838 ], [ -2561879.053999999538064, 3593092.525399999693036 ], [ -2561534.965099999681115, 3593838.5636 ], [ -2571322.7226, 3594636.567099999636412 ], [ -2571710.166500000283122, 3596526.7769 ], [ -2569317.028099999763072, 3597110.1787 ], [ -2568908.2994, 3598347.502100000157952 ], [ -2575579.411399999633431, 3598710.303999999538064 ], [ -2575923.50040000025183, 3599384.2374 ], [ -2568805.03139999974519, 3600114.748599999584258 ], [ -2564461.3712, 3599001.549200000241399 ], [ -2559521.927799999713898, 3599102.3542 ], [ -2558970.725700000301003, 3600800.956500000320375 ], [ -2553782.981499999761581, 3601519.193199999630451 ], [ -2553108.2972999997437, 3600816.9709 ], [ -2552399.052799999713898, 3600472.882000000216067 ], [ -2552054.9638, 3599811.672600000165403 ], [ -2554863.8531, 3599419.548499999567866 ], [ -2555207.941999999806285, 3597770.1426 ], [ -2551726.352900000289083, 3597203.3723 ], [ -2551352.741499999538064, 3594145.858900000341237 ], [ -2546781.27419999986887, 3593801.769999999552965 ], [ -2546437.1853, 3592825.2966 ], [ -2548192.741100000217557, 3592397.325299999676645 ], [ -2548536.83, 3591771.963200000114739 ], [ -2546781.27419999986887, 3591343.991899999789894 ], [ -2546405.527900000102818, 3590186.079800000414252 ], [ -2541085.5899, 3589536.012500000186265 ], [ -2540117.184500000439584, 3588528.080400000326335 ], [ -2534927.3772, 3588183.991399999707937 ], [ -2534247.490500000305474, 3590972.91440000012517 ], [ -2538712.739799999631941, 3591336.969600000418723 ], [ -2539056.82880000025034, 3592078.024500000290573 ], [ -2532385.716699999757111, 3593092.525399999693036 ], [ -2531114.8893, 3593527.5066 ], [ -2530637.183199999853969, 3594482.943099999800324 ], [ -2536606.0729, 3594848.081199999898672 ], [ -2536950.161799999885261, 3595567.089700000360608 ], [ -2533439.050200000405312, 3596252.5258 ], [ -2533056.938799999654293, 3597430.052899999544024 ], [ -2523220.272699999623001, 3598031.796500000171363 ], [ -2522226.837299999780953, 3599065.780299999751151 ], [ -2520096.8262, 3599412.5263 ], [ -2519752.737300000153482, 3600065.756299999542534 ], [ -2522210.5154, 3600465.8597 ], [ -2525382.534599999897182, 3601115.5504 ], [ -2532392.739, 3601519.193199999630451 ], [ -2533087.9391, 3601877.32660000026226 ], [ -2535215.3947, 3602292.646599999628961 ], [ -2542194.5028, 3602150.215800000354648 ], [ -2542567.9403, 3603056.1765 ], [ -2541163.495699999853969, 3603976.971300000324845 ], [ -2540819.4068, 3604630.201399999670684 ], [ -2543277.184899999760091, 3605030.3048 ], [ -2543621.27379999961704, 3605408.95409999974072 ], [ -2542919.0515, 3606083.638299999758601 ], [ -2541987.69539999961853, 3607053.008899999782443 ], [ -2539759.051099999807775, 3607488.082899999804795 ], [ -2538712.739799999631941, 3607846.216300000436604 ], [ -2533901.81940000038594, 3608190.305200000293553 ], [ -2533446.0724, 3606785.860600000247359 ], [ -2527979.261800000444055, 3606065.202499999664724 ], [ -2527372.459499999880791, 3604814.446600000374019 ], [ -2511567.028099999763072, 3604335.1047 ], [ -2506761.6244, 3605037.326999999582767 ], [ -2498679.045599999837577, 3605381.416000000201166 ], [ -2498327.969200000166893, 3606821.545699999667704 ], [ -2494318.626400000415742, 3606739.722299999557436 ], [ -2493770.511599999852479, 3604996.019799999892712 ], [ -2494472.733900000341237, 3603632.882399999536574 ], [ -2494816.822800000198185, 3602923.637900000438094 ], [ -2499388.29009999986738, 3602579.548899999819696 ], [ -2499732.378999999724329, 3602200.899600000120699 ], [ -2499030.156700000166893, 3601526.215400000102818 ], [ -2498686.067800000309944, 3601168.082100000232458 ], [ -2497093.886199999600649, 3600395.637500000186265 ], [ -2493894.419599999673665, 3599357.400000000372529 ], [ -2493419.400399999693036, 3598309.034099999815226 ], [ -2499026.004700000397861, 3598423.454599999822676 ], [ -2499384.082299999892712, 3596589.220099999569356 ], [ -2504831.867200000211596, 3596700.399299999698997 ], [ -2505701.268699999898672, 3596252.5258 ], [ -2507112.735600000247359, 3595908.4369 ], [ -2507456.824500000104308, 3595366.1266 ], [ -2506403.49100000038743, 3594855.103400000371039 ], [ -2505708.291000000201166, 3594496.970099999569356 ], [ -2502930.500099999830127, 3593713.490600000135601 ], [ -2500090.512400000356138, 3592741.414300000295043 ], [ -2499030.156700000166893, 3592397.325299999676645 ], [ -2497686.665400000289083, 3591937.4726 ], [ -2497281.623200000263751, 3590326.896300000138581 ], [ -2502862.926799999549985, 3591142.5022 ], [ -2503323.1402000002563, 3589254.688 ], [ -2512730.51410000026226, 3588886.2138 ], [ -2513074.6031, 3588232.98369999974966 ], [ -2510304.699900000356138, 3587782.069199999794364 ], [ -2505334.6502, 3587883.498800000175834 ], [ -2505374.057500000111759, 3585952.541400000452995 ], [ -2503594.601800000295043, 3585375.10219999961555 ], [ -2501439.7917, 3583914.459099999628961 ], [ -2496588.428000000305474, 3584013.4665 ], [ -2496228.28969999961555, 3583052.861100000329316 ], [ -2502197.179399999789894, 3582566.212899999693036 ], [ -2502892.379499999806285, 3582208.0795 ], [ -2504321.8268, 3581859.607300000265241 ], [ -2504999.046400000341237, 3581154.746000000275671 ], [ -2508838.068300000391901, 3580618.8142 ], [ -2512284.663200000301003, 3581206.694899999536574 ], [ -2515657.7308, 3581137.856800000183284 ], [ -2516234.603500000201166, 3580327.007299999706447 ], [ -2514787.744599999859929, 3579378.404500000178814 ], [ -2512021.269600000232458, 3578703.990199999883771 ], [ -2510851.8629, 3578303.723399999551475 ], [ -2509199.740299999713898, 3577452.629999999888241 ], [ -2503209.963999999687076, 3576477.550099999643862 ], [ -2503254.4539, 3574297.545099999755621 ], [ -2504303.846300000324845, 3573788.434000000357628 ], [ -2504647.9353, 3573214.905799999833107 ], [ -2502313.113300000317395, 3572293.999900000169873 ], [ -2501846.068199999630451, 3571302.137000000104308 ], [ -2503881.138000000268221, 3571343.669099999591708 ], [ -2506754.60219999961555, 3573086.2116 ], [ -2513188.079300000332296, 3573456.6469 ], [ -2518574.856499999761581, 3573346.712600000202656 ], [ -2519043.492700000293553, 3572366.521099999547005 ], [ -2516234.603500000201166, 3571681.767 ], [ -2515188.2922, 3571323.633600000292063 ], [ -2512723.491899999789894, 3570979.544700000435114 ], [ -2511677.18059999961406, 3570270.300099999643862 ], [ -2510026.260599999688566, 3569575.10010000038892 ], [ -2509570.5137, 3570979.544700000435114 ], [ -2509058.96100000012666, 3571323.633600000292063 ], [ -2503903.744800000451505, 3569905.7144 ], [ -2501842.557099999859929, 3569947.779500000178814 ], [ -2500279.713200000114739, 3569915.884700000286102 ], [ -2499739.4013, 3568977.513500000350177 ], [ -2501143.8459, 3568521.76659999974072 ], [ -2501487.9348, 3568163.6332 ], [ -2503284.408599999733269, 3567812.927199999801815 ], [ -2504296.824099999852479, 3566759.1886 ], [ -2505006.068599999882281, 3566415.099600000306964 ], [ -2505350.157599999569356, 3565609.814799999818206 ], [ -2502892.379499999806285, 3565010.65500000026077 ], [ -2502548.290500000119209, 3563928.802699999883771 ], [ -2509446.2736, 3564069.5779 ], [ -2509914.60259999986738, 3564943.482300000265241 ], [ -2507807.935700000263751, 3565354.743900000117719 ], [ -2507463.846699999645352, 3565747.1623 ], [ -2508708.25870000012219, 3566942.77379999961704 ], [ -2514719.295599999837577, 3567812.521999999880791 ], [ -2515181.269999999552965, 3566464.091900000348687 ], [ -2512723.491899999789894, 3566063.9885 ], [ -2511677.18059999961406, 3565705.855100000277162 ], [ -2510616.824900000356138, 3565361.766200000420213 ], [ -2510272.735999999567866, 3564760.135300000198185 ], [ -2512103.88399999961257, 3563957.32149999961257 ], [ -2516057.293200000189245, 3565310.501899999566376 ], [ -2520132.510599999688566, 3565705.855100000277162 ], [ -2520095.966400000266731, 3563915.18819999974221 ], [ -2517287.9369, 3562552.876899999566376 ], [ -2516592.7369, 3562194.74349999986589 ], [ -2514766.065100000239909, 3561838.142300000414252 ], [ -2512607.418700000271201, 3561099.276700000278652 ], [ -2511326.069500000216067, 3560439.187699999660254 ], [ -2510265.7138, 3560095.098799999803305 ], [ -2509921.624900000169873, 3559702.6804 ], [ -2510974.9583, 3558690.654199999757111 ], [ -2511319.0472999997437, 3557970.963600000366569 ], [ -2507266.746500000357628, 3556983.089300000108778 ], [ -2506761.6244, 3555731.202200000174344 ], [ -2512021.9699, 3556268.832700000144541 ], [ -2520316.777099999599159, 3556099.551 ], [ -2520799.048499999567866, 3555339.454599999822676 ], [ -2519745.715099999681115, 3554828.431400000117719 ], [ -2519050.514999999664724, 3554470.298000000417233 ], [ -2517990.159300000406802, 3554126.209099999628961 ], [ -2517294.95920000039041, 3553768.0757 ], [ -2514830.158800000324845, 3553072.8756 ], [ -2513783.8476, 3552714.742200000211596 ], [ -2512519.281000000424683, 3552304.386199999600649 ], [ -2512028.291799999773502, 3551352.343399999663234 ], [ -2515188.2922, 3550966.208700000308454 ], [ -2515532.381199999712408, 3550178.656600000336766 ], [ -2511407.065700000151992, 3549373.316100000403821 ], [ -2510974.9583, 3550263.986399999819696 ], [ -2510616.824900000356138, 3550608.075299999676645 ], [ -2510272.735999999567866, 3552019.542100000195205 ], [ -2509212.380300000309944, 3552363.631099999882281 ], [ -2508868.291400000452995, 3552721.764499999582767 ], [ -2505534.556300000287592, 3553065.853400000371039 ], [ -2505006.068599999882281, 3552079.692699999548495 ], [ -2507876.547899999655783, 3551519.3202 ], [ -2507807.505699999630451, 3548136.2527 ], [ -2506403.49100000038743, 3547455.097099999897182 ], [ -2506059.402099999599159, 3546724.355999999679625 ], [ -2509897.918100000359118, 3546802.693 ], [ -2510265.7138, 3546029.7944 ], [ -2508861.2692, 3545348.430100000463426 ], [ -2508166.0691, 3544990.296799999661744 ], [ -2505368.328200000338256, 3543632.977 ], [ -2505006.068599999882281, 3542833.471099999733269 ], [ -2508645.717400000430644, 3542907.74959999974817 ], [ -2512262.143500000238419, 3543834.5724 ], [ -2512822.489500000141561, 3542679.573400000110269 ], [ -2514837.181099999696016, 3542188.429700000211596 ], [ -2515181.269999999552965, 3540776.962899999693036 ], [ -2515904.847, 3540425.920599999837577 ], [ -2515869.046799999661744, 3538671.708800000138581 ], [ -2519703.492200000211596, 3538296.683199999853969 ], [ -2521850.337799999862909, 3538340.496299999766052 ], [ -2522203.493200000375509, 3537783.89670000039041 ], [ -2521150.159699999727309, 3537272.873499999754131 ], [ -2520454.959599999710917, 3536914.7401 ], [ -2517990.159300000406802, 3536219.54 ], [ -2517646.070299999788404, 3535101.860100000165403 ], [ -2522546.0219, 3535201.8591 ], [ -2522905.7155, 3534380.053299999795854 ], [ -2520121.280399999581277, 3533281.809999999590218 ], [ -2514809.642900000326335, 3532708.42850000038743 ], [ -2513930.365299999713898, 3533623.5949 ], [ -2510967.936099999584258, 3534105.8509 ], [ -2510623.847199999727309, 3534648.1612 ], [ -2511691.5131, 3535166.137699999846518 ], [ -2511664.6404, 3536482.898900000378489 ], [ -2509998.485000000335276, 3536914.7401 ], [ -2509570.5137, 3535159.184299999848008 ], [ -2509028.2034, 3534815.0954 ], [ -2508517.180200000293553, 3535868.428899999707937 ], [ -2506403.49100000038743, 3536212.517799999564886 ], [ -2506059.402099999599159, 3536860.184999999590218 ], [ -2509044.549200000241399, 3538037.59360000025481 ], [ -2511614.350200000219047, 3539361.430499999783933 ], [ -2512730.51410000026226, 3539723.6294 ], [ -2514456.174800000153482, 3540314.291799999773502 ], [ -2514768.335699999704957, 3541479.185200000181794 ], [ -2512028.291799999773502, 3540776.962899999693036 ], [ -2509900.836199999786913, 3540361.642900000326335 ], [ -2506382.4244, 3540433.447200000286102 ], [ -2505708.291000000201166, 3541135.096199999563396 ], [ -2504814.8695, 3541479.185200000181794 ], [ -2504303.846300000324845, 3540425.851700000464916 ], [ -2502202.886800000444055, 3539406.574300000444055 ], [ -2501846.068199999630451, 3538648.7993 ], [ -2503944.497600000351667, 3538691.6244 ], [ -2504296.824099999852479, 3538079.731599999591708 ], [ -2502560.203700000420213, 3537516.192499999888241 ], [ -2499197.091, 3536921.762299999594688 ], [ -2498673.555499999783933, 3538000.8865 ], [ -2497976.823300000280142, 3538670.29590000025928 ], [ -2497632.734299999661744, 3539062.714300000108778 ], [ -2498686.067800000309944, 3540074.740500000305474 ], [ -2498825.1217, 3541128.074 ], [ -2495590.074900000356138, 3539815.86629999987781 ], [ -2495174.956199999898672, 3537265.851300000213087 ], [ -2494465.71169999986887, 3536219.54 ], [ -2494121.622700000181794, 3533052.517400000244379 ], [ -2491740.704800000414252, 3532357.317300000227988 ], [ -2491149.413099999539554, 3534782.819799999706447 ], [ -2488959.591099999845028, 3535159.184299999848008 ], [ -2488419.56319999974221, 3533495.016699999570847 ], [ -2486122.926300000399351, 3532708.42850000038743 ], [ -2485694.954900000244379, 3534463.984199999831617 ], [ -2483305.261199999600649, 3535046.546400000341237 ], [ -2482886.065700000151992, 3533754.739699999801815 ], [ -2480490.491899999789894, 3533170.744099999777973 ], [ -2480077.176400000229478, 3532506.800300000235438 ], [ -2482844.835, 3531164.074799999594688 ], [ -2483235.755699999630451, 3529161.603500000201166 ], [ -2486376.977099999785423, 3529225.710099999792874 ], [ -2486741.266200000420213, 3528713.667100000195205 ], [ -2485042.278300000354648, 3527599.761099999770522 ], [ -2481109.0778, 3526736.3756 ], [ -2481144.705900000408292, 3524990.60010000038892 ], [ -2480772.376500000245869, 3524632.871799999848008 ], [ -2480428.28760000038892, 3523902.130699999630451 ], [ -2482807.855600000359118, 3523950.693300000391901 ], [ -2485404.471699999645352, 3523285.228799999691546 ], [ -2489862.3925, 3524575.343500000424683 ], [ -2490252.3778, 3525004.4989 ], [ -2489550.155500000342727, 3525679.1831 ], [ -2489206.066499999724329, 3526071.6014 ], [ -2491561.59250000026077, 3528334.7538 ], [ -2496482.32039999961853, 3529021.693 ], [ -2496923.489799999631941, 3529787.881199999712408 ], [ -2495519.045099999755621, 3530243.628100000321865 ], [ -2495174.956199999898672, 3532923.628999999724329 ], [ -2498870.244699999690056, 3533403.628499999642372 ], [ -2499398.548100000247359, 3532314.676699999719858 ], [ -2501649.845200000330806, 3532360.621600000187755 ], [ -2502190.157200000248849, 3533298.99280000012368 ], [ -2500785.712500000372529, 3533754.739699999801815 ], [ -2500441.623599999584258, 3534698.3235 ], [ -2504571.0751, 3535159.184299999848008 ], [ -2504999.046400000341237, 3533403.628499999642372 ], [ -2505708.291000000201166, 3533059.539599999785423 ], [ -2506061.665900000371039, 3531970.568 ], [ -2510934.4737, 3532070.013000000268221 ], [ -2511319.0472999997437, 3531463.8958 ], [ -2509548.948200000450015, 3530605.1349 ], [ -2509589.432500000111759, 3528621.408200000412762 ], [ -2511610.00789999961853, 3527792.8722 ], [ -2512021.269600000232458, 3529899.539200000464916 ], [ -2512590.847, 3530446.780299999751151 ], [ -2516409.931200000457466, 3530945.850399999879301 ], [ -2516936.825799999758601, 3529954.0943 ], [ -2514127.936499999836087, 3528846.205699999816716 ], [ -2513783.8476, 3528171.7177 ], [ -2517534.4123, 3527792.8722 ], [ -2517990.159300000406802, 3529197.3169 ], [ -2518348.292600000277162, 3529541.405799999833107 ], [ -2518692.3816, 3529920.055100000463426 ], [ -2517990.159300000406802, 3530594.739299999549985 ], [ -2517646.070299999788404, 3530973.388600000180304 ], [ -2518684.2884, 3531970.892199999652803 ], [ -2530087.946399999782443, 3532350.295099999755621 ], [ -2530630.161000000312924, 3531408.619599999859929 ], [ -2528165.360600000247359, 3530608.783699999563396 ], [ -2525949.642699999734759, 3529850.383600000292063 ], [ -2524668.293499999679625, 3529190.294599999673665 ], [ -2523607.937800000421703, 3528846.205699999816716 ], [ -2522038.4709, 3528309.005599999800324 ], [ -2520433.558199999853969, 3527788.206199999898672 ], [ -2520468.510700000450015, 3526075.534599999897182 ], [ -2526661.148, 3526980.4759 ], [ -2527119.0494, 3526011.114099999889731 ], [ -2522905.7155, 3524983.983 ], [ -2522561.626500000245869, 3524341.9112 ], [ -2524966.7089, 3523872.3931 ], [ -2528175.894000000320375, 3523937.886699999682605 ], [ -2532944.6628, 3523840.564899999648333 ], [ -2533439.050200000405312, 3522981.9518 ], [ -2532034.605600000359118, 3522526.204900000244379 ], [ -2531339.405500000342727, 3522168.07149999961257 ], [ -2528783.3163, 3521447.123200000263751 ], [ -2526774.960400000214577, 3520412.515700000338256 ], [ -2524666.851300000213087, 3519728.427299999631941 ], [ -2524317.182300000451505, 3519032.122899999842048 ], [ -2529583.849700000137091, 3518663.982099999673665 ], [ -2529927.9386, 3517987.450899999588728 ], [ -2524997.9726, 3516905.2632 ], [ -2525020.571100000292063, 3515797.935700000263751 ], [ -2529563.3783, 3515890.646099999547005 ], [ -2529927.9386, 3515257.506299999542534 ], [ -2528523.494, 3514801.759399999864399 ], [ -2526806.837600000202656, 3514214.178999999538064 ], [ -2526423.849299999885261, 3513085.459599999710917 ], [ -2529927.9386, 3514099.537100000306964 ], [ -2532392.739, 3514794.737200000323355 ], [ -2533071.3185, 3515501.013899999670684 ], [ -2535014.910199999809265, 3515848.070600000210106 ], [ -2535545.717199999839067, 3514869.8854 ], [ -2532385.716699999757111, 3514099.537100000306964 ], [ -2532041.6278, 3513741.403699999675155 ], [ -2531022.0888, 3513246.7758 ], [ -2527821.27170000039041, 3512343.981300000101328 ], [ -2527126.071600000374019, 3511985.847900000400841 ], [ -2526416.827100000344217, 3511641.75899999961257 ], [ -2526072.738099999725819, 3510502.582399999722838 ], [ -2534458.62459999974817, 3510673.722900000400841 ], [ -2534843.494900000281632, 3509868.735000000335276 ], [ -2531164.429399999789894, 3508971.848399999551475 ], [ -2529583.849700000137091, 3507772.514000000432134 ], [ -2528502.9781, 3507428.425099999643862 ], [ -2527828.2939, 3508130.64740000013262 ], [ -2526232.650100000202656, 3508474.7363 ], [ -2525721.627000000327826, 3507421.402800000272691 ], [ -2525019.283800000324845, 3506746.6025 ], [ -2524668.293499999679625, 3505709.107200000435114 ], [ -2529802.364799999631941, 3506459.358300000429153 ], [ -2531943.287399999797344, 3507562.257799999788404 ], [ -2540343.495900000445545, 3508123.625199999660254 ], [ -2540812.384499999694526, 3506830.838499999605119 ], [ -2538877.7621, 3506203.0471 ], [ -2537308.295199999585748, 3505665.847099999897182 ], [ -2534843.494900000281632, 3504970.646999999880791 ], [ -2533094.96129999961704, 3503910.291299999691546 ], [ -2531683.494400000199676, 3503566.2023 ], [ -2531339.405500000342727, 3502912.972299999557436 ], [ -2533797.183600000105798, 3502512.868900000117719 ], [ -2534141.2725, 3501792.044599999673665 ], [ -2531491.207700000144541, 3500932.089800000190735 ], [ -2530988.294300000183284, 3500378.663800000213087 ], [ -2531690.516699999570847, 3499703.979600000195205 ], [ -2532034.605600000359118, 3498994.735000000335276 ], [ -2532413.2549, 3498650.646099999547005 ], [ -2533087.9391, 3499352.8684 ], [ -2541076.9216, 3499874.120299999602139 ], [ -2541514.6069, 3499078.490199999883771 ], [ -2536950.161799999885261, 3497597.312599999830127 ], [ -2536254.96169999986887, 3497239.1793 ], [ -2535545.717199999839067, 3496895.090300000272691 ], [ -2534155.316999999806285, 3496178.823599999770522 ], [ -2532034.605600000359118, 3495490.645700000226498 ], [ -2531690.516699999570847, 3494731.24239999987185 ], [ -2535900.3394, 3494817.157200000248849 ], [ -2537698.693300000391901, 3494780.4561 ], [ -2538354.6064, 3494058.662899999879301 ], [ -2537377.084300000220537, 3493119.474999999627471 ], [ -2534141.2725, 3492330.6453 ], [ -2532743.85010000038892, 3491972.511900000274181 ], [ -2531332.38329999987036, 3491628.423000000417233 ], [ -2530988.294300000183284, 3490931.212899999693036 ], [ -2541170.517900000326335, 3490575.089499999769032 ], [ -2541514.6069, 3490032.779199999757111 ], [ -2540461.273400000296533, 3489521.756 ], [ -2539717.2873, 3489138.490500000305474 ], [ -2537652.384100000374019, 3488468.422500000335276 ], [ -2536306.96860000025481, 3487556.429399999789894 ], [ -2535903.850599999539554, 3486591.196000000461936 ], [ -2542508.017400000244379, 3486725.974899999797344 ], [ -2547733.215200000442564, 3487901.353500000201166 ], [ -2556005.972299999557436, 3488710.465400000102818 ], [ -2561703.433299999684095, 3487662.298600000329316 ], [ -2572373.001199999824166, 3487880.0449 ], [ -2572763.499900000169873, 3486922.138299999758601 ], [ -2569601.158800000324845, 3485895.948099999688566 ], [ -2567988.76630000025034, 3484802.9841 ], [ -2565726.873999999836087, 3484251.577499999664724 ], [ -2565762.221800000406802, 3482519.5373 ], [ -2565251.687400000169873, 3481528.499800000339746 ], [ -2562939.004599999636412, 3480406.505199999548495 ], [ -2562575.7862, 3479657.8306 ], [ -2561849.818699999712408, 3478960.332399999722838 ], [ -2559772.3871, 3478286.198900000192225 ], [ -2559428.298100000247359, 3476172.509800000116229 ], [ -2557314.609000000171363, 3475828.420800000429153 ], [ -2556619.408900000154972, 3475470.287499999627471 ], [ -2554264.665500000119209, 3475086.957100000232458 ], [ -2553810.519600000232458, 3473800.038200000301003 ], [ -2559077.187, 3473370.642699999734759 ], [ -2559421.275899999774992, 3473012.5093 ], [ -2562588.298600000329316, 3472668.420400000177324 ], [ -2563929.9128, 3471977.285799999721348 ], [ -2565568.525999999605119, 3471445.5504 ], [ -2571316.832399999722838, 3470883.340800000354648 ], [ -2575021.583599999547005, 3470958.947999999858439 ], [ -2576976.833800000138581, 3471966.198099999688566 ], [ -2578149.258500000461936, 3472534.998200000263751 ], [ -2581737.61780000012368, 3473409.772300000302494 ], [ -2584546.790400000289083, 3473352.442300000227988 ], [ -2585329.277099999599159, 3471739.561599999666214 ], [ -2590677.191200000233948, 3471263.97580000013113 ], [ -2592246.658099999651313, 3470726.775700000114739 ], [ -2593851.57079999987036, 3470205.97620000038296 ], [ -2593815.728199999779463, 3468449.688799999654293 ], [ -2596889.0313, 3468103.975399999879301 ], [ -2597341.281000000424683, 3469542.705 ], [ -2596287.947499999776483, 3470554.731200000271201 ], [ -2595943.8586, 3471298.260800000280142 ], [ -2596646.080900000408292, 3472661.398199999704957 ], [ -2596990.169800000265241, 3473636.8043 ], [ -2593464.619900000281632, 3474067.607099999673665 ], [ -2593489.067800000309944, 3475265.556300000287592 ], [ -2598071.041400000452995, 3475821.3986 ], [ -2599081.482099999673665, 3474769.7155 ], [ -2602298.144399999640882, 3474423.97620000038296 ], [ -2603661.2818, 3475126.1985 ], [ -2605072.748700000345707, 3475470.287499999627471 ], [ -2605416.837600000202656, 3476012.597799999639392 ], [ -2604363.504200000315905, 3476523.620900000445545 ], [ -2604019.415199999697506, 3477121.207499999552965 ], [ -2606143.971400000154972, 3477810.63300000037998 ], [ -2612439.0608, 3477225.8432 ], [ -2621030.957399999722838, 3476881.754300000146031 ], [ -2628698.162899999879301, 3477594.008399999700487 ], [ -2631399.063299999572337, 3478286.198900000192225 ], [ -2633161.6414, 3478630.287899999879301 ], [ -2633505.7303, 3479172.598199999891222 ], [ -2632323.092400000430644, 3479746.353199999779463 ], [ -2616338.927799999713898, 3480666.7105 ], [ -2615957.1946, 3481379.026600000448525 ], [ -2618063.861600000411272, 3481790.28830000013113 ], [ -2618407.950500000268221, 3482148.421699999831617 ], [ -2619104.682699999772012, 3482817.8311 ], [ -2619555.9084, 3483747.908599999733269 ], [ -2622628.306599999777973, 3484248.066399999894202 ], [ -2622972.395499999634922, 3485659.533300000242889 ], [ -2627705.153400000184774, 3486698.431300000287592 ], [ -2632245.218299999833107, 3487056.955699999816716 ], [ -2632803.50800000037998, 3486160.127399999648333 ], [ -2631022.161500000394881, 3485295.909799999557436 ], [ -2630352.752100000157952, 3484599.1776 ], [ -2628239.06290000025183, 3484255.088600000366569 ], [ -2624845.627299999818206, 3483676.2752 ], [ -2624383.8624, 3481814.240299999713898 ], [ -2629671.045699999667704, 3481446.199400000274181 ], [ -2630345.729899999685585, 3482148.421699999831617 ], [ -2631066.9408, 3482841.349899999797344 ], [ -2643694.976099999621511, 3483194.732900000177324 ], [ -2648508.526800000108778, 3483686.699 ], [ -2648954.6212, 3484606.199799999594688 ], [ -2649663.865799999795854, 3484950.28870000038296 ], [ -2650033.410299999639392, 3486089.089100000448525 ], [ -2655816.919099999591708, 3485971.058299999684095 ], [ -2656327.9556, 3485017.461500000208616 ], [ -2654221.288599999621511, 3484606.199799999594688 ], [ -2653877.199699999764562, 3483839.631 ], [ -2663971.798100000247359, 3484045.643199999816716 ], [ -2667506.994, 3484951.648199999704957 ], [ -2670997.76410000026226, 3485301.39989999961108 ], [ -2671488.5208, 3483288.295599999837577 ], [ -2673203.43819999974221, 3482731.799200000241399 ], [ -2691981.381699999794364, 3482148.421699999831617 ], [ -2692544.107699999585748, 3483308.326299999840558 ], [ -2699249.978000000119209, 3483171.471800000406802 ], [ -2700648.506199999712408, 3482451.017900000326335 ], [ -2703573.473000000230968, 3482510.7111 ], [ -2704079.073099999688566, 3483552.86629999987781 ], [ -2704814.108300000429153, 3483909.4676 ], [ -2705483.517699999734759, 3484606.199799999594688 ], [ -2709150.420300000347197, 3484950.28870000038296 ], [ -2713207.963200000114739, 3483194.732900000177324 ], [ -2717790.511199999600649, 3482634.770700000226498 ], [ -2721402.454699999652803, 3481398.467899999581277 ], [ -2724843.786999999545515, 3481468.699099999852479 ], [ -2725672.373800000175834, 3482331.105899999849498 ], [ -2727549.1541, 3481688.718000000342727 ], [ -2733011.83559999987483, 3481800.201299999840558 ], [ -2733572.410400000400841, 3482683.709800000302494 ], [ -2732519.076899999752641, 3483194.732900000177324 ], [ -2732174.9879, 3483961.301699999719858 ], [ -2737015.05530000012368, 3483862.52489999961108 ], [ -2737434.633100000210106, 3482141.399500000290573 ], [ -2738846.099899999797344, 3481797.310499999672174 ], [ -2739269.297799999825656, 3480061.3355 ], [ -2743682.900600000284612, 3479629.66579999960959 ], [ -2747093.701100000180304, 3478755.5411 ], [ -2750223.262400000356138, 3479557.5894 ], [ -2750948.901600000448525, 3478802.332299999892712 ], [ -2751522.645899999886751, 3478251.087799999862909 ], [ -2755699.435499999672174, 3477232.865500000305474 ], [ -2758178.46059999987483, 3476160.278699999675155 ], [ -2758142.954199999570847, 3474420.465099999681115 ], [ -2758172.282200000248849, 3472983.3964 ], [ -2753953.073300000280142, 3473069.5027 ], [ -2753592.7686, 3471959.175900000147521 ], [ -2750425.745900000445545, 3471615.086900000460446 ], [ -2750081.656999999657273, 3470929.026800000108778 ], [ -2755532.501299999654293, 3470561.753499999642372 ], [ -2756050.477800000458956, 3471629.4194 ], [ -2758431.080299999564886, 3471580.835699999704957 ], [ -2758852.41370000038296, 3469852.508899999782443 ], [ -2764126.10329999960959, 3469508.42 ], [ -2764470.192300000227988, 3468966.1097 ], [ -2763416.858799999579787, 3468455.086500000208616 ], [ -2763072.769899999722838, 3467601.723600000143051 ], [ -2766934.992600000463426, 3466348.419599999673665 ], [ -2767279.081500000320375, 3465990.2862 ], [ -2767661.5777000002563, 3465622.789800000376999 ], [ -2770446.1042, 3464943.974899999797344 ], [ -2770790.193099999800324, 3464213.233799999579787 ], [ -2767984.815000000409782, 3464270.486399999819696 ], [ -2765690.371000000275671, 3464223.661000000312924 ], [ -2765179.43680000025779, 3463203.847500000149012 ], [ -2770797.215300000272691, 3462837.308000000193715 ], [ -2774632.284799999557436, 3462401.698800000362098 ], [ -2776759.0828, 3462837.308000000193715 ], [ -2779841.422799999825656, 3463339.084300000220537 ], [ -2780270.19440000038594, 3462576.2253 ], [ -2777449.222799999639392, 3461780.566700000315905 ], [ -2776766.105000000447035, 3460372.5077 ], [ -2775872.887799999676645, 3459939.164599999785423 ], [ -2769994.048600000329316, 3460059.1409 ], [ -2768690.54839999973774, 3460730.640999999828637 ], [ -2766392.682300000451505, 3461074.730000000447035 ], [ -2765827.4539, 3459909.667399999685585 ], [ -2761228.345099999569356, 3460694.130800000391901 ], [ -2753821.610399999655783, 3459937.129800000227988 ], [ -2752637.4424, 3458704.628399999812245 ], [ -2749867.559999999590218, 3458163.894399999640882 ], [ -2744463.878499999642372, 3458623.974100000225008 ], [ -2738906.2505, 3458968.063 ], [ -2738494.988800000399351, 3456861.396099999547005 ], [ -2737884.614500000141561, 3455078.1458 ], [ -2741303.878100000321865, 3454410.6402000002563 ], [ -2741647.967000000178814, 3453729.449500000104308 ], [ -2737083.5219, 3453357.306699999608099 ], [ -2736739.433000000193715, 3451945.8399 ], [ -2735679.0773, 3451601.750900000333786 ], [ -2735334.988400000147521, 3450583.440999999642372 ], [ -2739715.946000000461936, 3450048.111999999731779 ], [ -2740243.52240000013262, 3449467.545800000429153 ], [ -2739541.299999999813735, 3448792.861700000241399 ], [ -2739197.2111, 3447911.644299999810755 ], [ -2750604.812599999830127, 3448144.452499999664724 ], [ -2753644.3147, 3448082.421900000423193 ], [ -2756352.272900000214577, 3447155.536799999885261 ], [ -2759522.307799999602139, 3447804.821100000292063 ], [ -2764259.525600000284612, 3447708.1431 ], [ -2764834.287899999879301, 3445936.93680000025779 ], [ -2765881.659099999815226, 3444930.638899999670684 ], [ -2766288.5335, 3443261.623599999584258 ], [ -2768685.192900000140071, 3442483.899600000120699 ], [ -2769199.253499999642372, 3441424.3054 ], [ -2774823.831199999898672, 3441068.416199999861419 ], [ -2775354.6382, 3442046.6014 ], [ -2772194.637699999846518, 3442816.949799999594688 ], [ -2771850.5488, 3443175.083100000396371 ], [ -2771492.415400000289083, 3443519.1721 ], [ -2771148.326500000432134, 3444180.381400000303984 ], [ -2774180.230000000447035, 3444603.638600000180304 ], [ -2775898.860500000417233, 3444568.564500000327826 ], [ -2776407.971599999815226, 3443519.1721 ], [ -2777839.954400000162423, 3443175.083100000396371 ], [ -2778562.038599999621511, 3443926.640100000426173 ], [ -2783052.210099999792874, 3443835.003999999724329 ], [ -2783430.194799999706447, 3444228.416600000113249 ], [ -2784266.717799999751151, 3444634.254499999806285 ], [ -2788769.709599999710917, 3444542.356700000353158 ], [ -2789399.084499999880791, 3443849.767300000414252 ], [ -2788696.862200000323355, 3443175.083100000396371 ], [ -2788352.773199999704957, 3442533.011300000362098 ], [ -2790658.162200000137091, 3442082.955299999564886 ], [ -2794202.0554, 3442155.279699999839067 ], [ -2794665.751899999566376, 3443359.260099999606609 ], [ -2792217.852900000289083, 3444546.854600000195205 ], [ -2791863.884800000116229, 3445465.927000000141561 ], [ -2792917.218299999833107, 3445976.950199999846518 ], [ -2793261.307199999690056, 3447388.417000000365078 ], [ -2793655.809000000357628, 3447767.448099999688566 ], [ -2798180.37459999974817, 3447675.110000000335276 ], [ -2802385.748100000433624, 3447760.934000000357628 ], [ -2802741.308500000275671, 3447097.456399999558926 ], [ -2800634.64159999974072, 3446686.19469999987632 ], [ -2800290.5526, 3446001.076000000350177 ], [ -2805542.134499999694526, 3445632.861200000159442 ], [ -2806252.420099999755621, 3446981.291400000452995 ], [ -2803794.642, 3447381.394799999892712 ], [ -2803450.553000000305474, 3448006.757000000216067 ], [ -2805206.108799999579787, 3448434.72829999960959 ], [ -2805613.749099999666214, 3450522.84499999973923 ], [ -2809770.553899999707937, 3450892.506400000303984 ], [ -2810450.331199999898672, 3451600.029699999839067 ], [ -2813548.8942, 3451945.8399 ], [ -2814037.496000000275671, 3449941.575400000438094 ], [ -2819872.979600000195205, 3450794.325199999846518 ], [ -2820299.77419999986887, 3449479.100999999791384 ], [ -2823815.000199999660254, 3448792.861700000241399 ], [ -2824159.089100000448525, 3447758.4051 ], [ -2819243.5329, 3447388.417000000365078 ], [ -2818899.44400000013411, 3446821.783300000242889 ], [ -2821419.045199999585748, 3445632.861200000159442 ], [ -2824237.299200000241399, 3446355.127299999818206 ], [ -2829067.7067, 3446256.547600000165403 ], [ -2829428.571000000461936, 3448105.056300000287592 ], [ -2830965.964100000448525, 3448073.6809 ], [ -2831532.423499999567866, 3446328.061300000175834 ], [ -2837037.707899999804795, 3445879.211199999786913 ], [ -2837501.31319999974221, 3444923.61670000012964 ], [ -2839284.407100000418723, 3444579.527800000272691 ], [ -2839959.091300000436604, 3445281.750099999830127 ], [ -2840317.224600000306964, 3445625.838999999687076 ], [ -2840835.087100000120699, 3446164.8388 ], [ -2845896.616100000217557, 3445425.188400000333786 ], [ -2847013.49959999974817, 3446000.5526 ], [ -2849797.2259, 3446679.172500000335276 ], [ -2850141.314799999818206, 3447360.363199999555945 ], [ -2845576.869800000451505, 3447732.506 ], [ -2845160.4244, 3448590.893400000408292 ], [ -2837153.713100000284612, 3448427.491100000217557 ], [ -2836426.912999999709427, 3448442.323699999600649 ], [ -2835418.61629999987781, 3449491.775399999693036 ], [ -2833639.090400000102818, 3449839.172899999655783 ], [ -2833295.001500000245869, 3451250.6398 ], [ -2830910.610999999567866, 3451716.1184 ], [ -2825436.659599999897182, 3450916.200000000186265 ], [ -2821726.914800000376999, 3451866.9386 ], [ -2821357.222099999897182, 3453006.195600000210106 ], [ -2818507.025600000284612, 3453350.2845 ], [ -2817143.8882, 3452648.062199999578297 ], [ -2815548.244400000199676, 3452303.973199999891222 ], [ -2815037.221300000324845, 3453357.306699999608099 ], [ -2814358.59499999973923, 3454009.32010000012815 ], [ -2805901.308899999596179, 3454403.617999999783933 ], [ -2805557.21999999973923, 3455045.689799999818206 ], [ -2807663.886900000274181, 3455456.951399999670684 ], [ -2810720.546799999661744, 3456083.0143 ], [ -2816625.842799999751151, 3456510.284900000318885 ], [ -2817136.86600000038743, 3455456.951399999670684 ], [ -2819166.672799999825656, 3455112.862499999813735 ], [ -2819621.403800000436604, 3456978.1875 ], [ -2824082.796500000171363, 3457601.003100000321865 ], [ -2827093.5949, 3457539.558199999853969 ], [ -2827670.2007, 3455875.235299999825656 ], [ -2825563.533800000324845, 3455463.9737 ], [ -2825219.444799999706447, 3454832.3158 ], [ -2828646.673999999649823, 3454059.529 ], [ -2829074.645399999804795, 3455815.084800000302494 ], [ -2833076.6815, 3456159.1738 ], [ -2833639.090400000102818, 3455272.774500000290573 ], [ -2832231.134700000286102, 3454589.706899999640882 ], [ -2831188.334499999880791, 3454052.506799999624491 ], [ -2829074.645399999804795, 3453708.417899999767542 ], [ -2828730.556400000117719, 3453036.557699999772012 ], [ -2832241.667999999597669, 3452655.0844 ], [ -2838257.246000000275671, 3451939.450299999676645 ], [ -2839607.980100000277162, 3451243.617499999701977 ], [ -2842256.957399999722838, 3450899.528599999845028 ], [ -2842767.980499999597669, 3451952.862099999561906 ], [ -2843344.06209999974817, 3452506.35219999961555 ], [ -2847203.970499999821186, 3451847.973199999891222 ], [ -2847683.5367, 3450976.388799999840558 ], [ -2845081.767199999652803, 3450342.126500000245869 ], [ -2844530.558500000275671, 3449022.3021 ], [ -2850520.514899999834597, 3449144.5461 ], [ -2851303.639399999752641, 3449959.634800000116229 ], [ -2858592.3449, 3448582.169800000265241 ], [ -2858541.081199999898672, 3446070.245400000363588 ], [ -2854175.582100000232458, 3445460.816800000146031 ], [ -2851552.781700000166893, 3444923.61670000012964 ], [ -2849341.08530000038445, 3444491.851300000213087 ], [ -2848454.072599999606609, 3443568.63399999961257 ], [ -2845232.780899999663234, 3444228.416600000113249 ], [ -2842045.2423, 3444572.5055 ], [ -2841045.237700000405312, 3443531.684399999678135 ], [ -2840295.869900000281632, 3443168.129800000227988 ], [ -2840318.391099999658763, 3442064.59250000026077 ], [ -2845053.714200000278652, 3442161.231700000353158 ], [ -2847375.436700000427663, 3442113.849700000137091 ], [ -2848736.870199999772012, 3441412.505099999718368 ], [ -2851090.012500000186265, 3441068.416199999861419 ], [ -2851545.759499999694526, 3442472.8608 ], [ -2851903.892900000326335, 3442816.949799999594688 ], [ -2852247.981800000183284, 3443175.083100000396371 ], [ -2854258.654199999757111, 3443827.553000000305474 ], [ -2859657.0005, 3444572.5055 ], [ -2859614.969499999657273, 3442512.987800000235438 ], [ -2856812.426900000311434, 3442121.749699999578297 ], [ -2856468.337899999693036, 3441579.439399999566376 ], [ -2858221.010300000198185, 3440729.13300000037998 ], [ -2858620.845499999821186, 3439088.992700000293553 ], [ -2861054.421500000171363, 3437908.346900000236928 ], [ -2861004.536999999545515, 3435464.00690000038594 ], [ -2861383.894100000150502, 3435099.526499999687076 ], [ -2861727.983099999837577, 3433503.8827 ], [ -2860674.649600000120699, 3432992.85950000025332 ], [ -2860330.560700000263751, 3432614.21030000038445 ], [ -2861054.006699999794364, 3431919.134600000455976 ], [ -2860997.049200000241399, 3429128.213999999687076 ], [ -2863173.734899999573827, 3428779.525600000284612 ], [ -2864536.8723, 3429481.747999999672174 ], [ -2865631.513000000268221, 3429825.836900000460446 ], [ -2867039.345700000412762, 3429100.589700000360608 ], [ -2867696.8728, 3427690.507799999788404 ], [ -2863499.056099999696016, 3427776.177500000223517 ], [ -2863139.449900000356138, 3426617.7824 ], [ -2863855.716699999757111, 3424525.159900000318885 ], [ -2864802.1404, 3423615.8509 ], [ -2868055.006099999882281, 3423161.747100000269711 ], [ -2871507.072100000455976, 3422572.933199999853969 ], [ -2871910.2067, 3424147.9079 ], [ -2868832.482099999673665, 3424748.7385 ], [ -2868406.1173, 3425585.871799999848008 ], [ -2872268.339999999850988, 3425963.614199999719858 ], [ -2873626.554999999701977, 3426663.300699999555945 ], [ -2875077.229299999773502, 3427016.947599999606609 ], [ -2875421.318199999630451, 3427684.1464 ], [ -2872261.317800000309944, 3428070.28110000025481 ], [ -2871566.117700000293553, 3428428.4145 ], [ -2870856.873200000263751, 3428772.503399999812245 ], [ -2870512.784199999645352, 3429151.152700000442564 ], [ -2871483.9983, 3430084.28000000026077 ], [ -2878070.2955, 3430528.0592 ], [ -2878720.744699999690056, 3429187.33739999961108 ], [ -2882322.516699999570847, 3428779.525600000284612 ], [ -2882794.652599999681115, 3430048.253899999894202 ], [ -2880083.659, 3430577.49170000012964 ], [ -2879615.019600000232458, 3432021.666299999691546 ], [ -2876474.651700000278652, 3432634.72620000038296 ], [ -2876130.562800000421703, 3433372.632799999788404 ], [ -2880394.0938, 3433285.622000000439584 ], [ -2883873.237200000323355, 3433879.05449999962002 ], [ -2883833.543499999679625, 3431934.06290000025183 ], [ -2887035.524600000120699, 3431588.414900000207126 ], [ -2888088.463499999605119, 3432684.331000000238419 ], [ -2891853.32039999961853, 3432607.497100000269711 ], [ -2892274.653800000436604, 3430879.170400000177324 ], [ -2898969.300200000405312, 3430283.8207 ], [ -2898915.9688, 3427670.583499999716878 ], [ -2911588.647900000214577, 3426895.350999999791384 ], [ -2913781.517900000326335, 3427645.93059999961406 ], [ -2917207.057199999690056, 3426944.3142 ], [ -2920196.2149, 3427556.551300000399351 ], [ -2920714.657599999569356, 3427016.947599999606609 ], [ -2921823.0674, 3426672.85869999974966 ], [ -2923874.658099999651313, 3427375.081000000238419 ], [ -2928446.125300000421703, 3427719.17 ], [ -2928790.214300000108778, 3428428.4145 ], [ -2930336.752299999818206, 3428805.431200000457466 ], [ -2934296.943599999882281, 3428724.610999999567866 ], [ -2936163.548600000329316, 3429481.747999999672174 ], [ -2937814.46860000025481, 3429825.836900000460446 ], [ -2938362.657700000330806, 3428136.519600000232458 ], [ -2942700.243300000205636, 3428876.375300000421703 ], [ -2950452.956199999898672, 3429474.725700000301003 ], [ -2950916.053600000217557, 3426629.9846 ], [ -2953403.106499999761581, 3426680.740799999795854 ], [ -2954090.6091, 3427396.3048 ], [ -2957469.416500000283122, 3427327.349499999545515 ], [ -2958634.662700000219047, 3427726.192200000397861 ], [ -2962389.211400000378489, 3428184.977400000207126 ], [ -2962847.996600000187755, 3429130.636800000444055 ], [ -2964147.805499999783933, 3429474.725700000301003 ], [ -2964671.2665, 3427861.611100000329316 ], [ -2968037.80379999987781, 3427375.081000000238419 ], [ -2968465.775100000202656, 3429130.636800000444055 ], [ -2969574.184899999760091, 3429474.725700000301003 ], [ -2970923.5532, 3428070.28110000025481 ], [ -2972022.337100000120699, 3427726.192200000397861 ], [ -2972679.109000000171363, 3428448.9304 ], [ -2971962.690700000151992, 3429137.253899999894202 ], [ -2971985.075400000438094, 3430234.105200000107288 ], [ -2975491.509399999864399, 3430162.545300000347197 ], [ -2975851.3114, 3431638.467899999581277 ], [ -2978676.087600000202656, 3431580.81940000038594 ], [ -2979350.221, 3430879.170400000177324 ], [ -2980059.465599999763072, 3430535.081399999558926 ], [ -2980403.55449999962002, 3429909.7193 ], [ -2978647.998700000345707, 3429481.747999999672174 ], [ -2978303.909799999557436, 3428824.1321 ], [ -2983281.289099999703467, 3428077.303299999795854 ], [ -2986021.332999999634922, 3428779.525600000284612 ], [ -2989506.284799999557436, 3429459.854899999685585 ], [ -2990234.666899999603629, 3430819.019899999722838 ], [ -2988128.0, 3431230.281499999575317 ], [ -2987081.688699999824166, 3431588.414900000207126 ], [ -2985491.1552, 3432104.5483 ], [ -2984975.021800000220537, 3432641.7484 ], [ -2984277.848500000312924, 3433311.581600000150502 ], [ -2983921.688299999572337, 3434060.028900000266731 ], [ -2985680.755199999548495, 3434913.437599999830127 ], [ -2986723.5554, 3435450.637699999846518 ], [ -2987432.7999, 3435794.726599999703467 ], [ -2987804.0324, 3436181.111499999649823 ], [ -2990728.935700000263751, 3436121.419599999673665 ], [ -2995220.967000000178814, 3436631.650299999862909 ], [ -3005316.323300000280142, 3436425.622600000351667 ], [ -3005687.892799999564886, 3437570.663200000301003 ], [ -3009223.188299999572337, 3438252.504700000397861 ], [ -3009179.893500000238419, 3436131.06180000025779 ], [ -3012358.18099999986589, 3436195.924800000153482 ], [ -3017946.485100000165403, 3436081.8778 ], [ -3018323.559600000269711, 3436813.036500000394881 ], [ -3015163.5592, 3437199.17119999974966 ], [ -3014819.470200000330806, 3437860.380599999800324 ], [ -3017628.35950000025332, 3438252.504700000397861 ], [ -3018761.989799999631941, 3438836.496100000105798 ], [ -3023523.221800000406802, 3438024.379599999636412 ], [ -3023962.1738, 3439377.068300000391901 ], [ -3029035.96100000012666, 3439273.521599999628961 ], [ -3031097.89740000013262, 3439315.60190000012517 ], [ -3032200.721699999645352, 3440997.6875 ], [ -3034475.07799999974668, 3442101.088100000284612 ], [ -3034825.784, 3442823.972 ], [ -3038706.399600000120699, 3443203.5132 ], [ -3046303.914900000207126, 3443048.461900000460446 ], [ -3048650.030299999751151, 3443649.72759999986738 ], [ -3055004.115199999883771, 3444271.184999999590218 ], [ -3061125.878700000233948, 3443790.122000000439584 ], [ -3063552.756, 3444287.193199999630451 ], [ -3067233.1913, 3444212.082299999892712 ], [ -3070041.007299999706447, 3443492.49129999987781 ], [ -3071900.3427, 3443530.4369 ], [ -3073489.264600000344217, 3444607.49129999987781 ], [ -3076306.056200000457466, 3444550.005800000391901 ], [ -3076959.122999999672174, 3443870.283200000412762 ], [ -3085392.813, 3443526.194299999624491 ], [ -3085736.9019, 3442465.838600000366569 ], [ -3086274.102, 3441949.705199999734759 ], [ -3086824.131199999712408, 3441377.2259 ], [ -3092961.4529, 3441502.477400000207126 ], [ -3094163.56969999987632, 3442121.749699999578297 ], [ -3095244.4413, 3442465.838600000366569 ], [ -3095919.1255, 3441763.61629999987781 ], [ -3097681.703499999828637, 3441419.527300000190735 ], [ -3099430.237099999561906, 3441061.394000000320375 ], [ -3101543.926300000399351, 3440717.304999999701977 ], [ -3101888.0152000002563, 3440050.106300000101328 ], [ -3098459.358900000341237, 3439631.143299999646842 ], [ -3095926.14780000038445, 3438603.615899999625981 ], [ -3093110.2363, 3438259.5269 ], [ -3092711.942099999636412, 3437438.553299999795854 ], [ -3088327.003999999724329, 3438186.48589999973774 ], [ -3087850.591099999845028, 3437185.335400000214577 ], [ -3089950.640999999828637, 3436166.49930000025779 ], [ -3090301.347, 3435443.615399999544024 ], [ -3090659.480399999767542, 3434748.415300000458956 ], [ -3091003.569299999624491, 3433069.719700000248849 ], [ -3089112.942300000227988, 3432608.820600000210106 ], [ -3086544.457600000314415, 3432661.238599999807775 ], [ -3085997.139600000344217, 3434347.8717 ], [ -3083981.346199999563396, 3434741.3931 ], [ -3083496.322100000455976, 3435741.136599999852479 ], [ -3082092.999200000427663, 3436145.8377 ], [ -3081530.590300000272691, 3435259.438500000163913 ], [ -3082598.256199999712408, 3434741.462000000290573 ], [ -3082573.032100000418723, 3433505.481800000183284 ], [ -3080470.2346, 3432992.85950000025332 ], [ -3080126.145600000396371, 3432227.6173 ], [ -3084604.354299999773502, 3430964.532800000160933 ], [ -3085034.67960000038147, 3432290.637199999764562 ], [ -3085764.440100000239909, 3432634.72620000038296 ], [ -3086439.12430000025779, 3431932.5038 ], [ -3086870.1404, 3431518.3903 ], [ -3092961.014000000432134, 3431642.693799999542534 ], [ -3093530.165199999697506, 3433977.375199999660254 ], [ -3096311.331000000238419, 3434655.370900000445545 ], [ -3096255.314500000327826, 3431910.559399999678135 ], [ -3101089.9901, 3432009.226300000213087 ], [ -3102239.126400000415742, 3431230.281499999575317 ], [ -3103684.878200000151992, 3430886.192599999718368 ], [ -3105155.31940000038594, 3431643.692599999718368 ], [ -3109310.505099999718368, 3431558.892900000326335 ], [ -3109963.571899999864399, 3430879.170400000177324 ], [ -3111563.908699999563396, 3430535.081399999558926 ], [ -3112070.238800000399351, 3431608.930800000205636 ], [ -3111368.0165, 3432283.615000000223517 ], [ -3111023.9276, 3433014.356100000441074 ], [ -3112629.236999999731779, 3432981.594700000248849 ], [ -3114461.792500000447035, 3431739.392699999734759 ], [ -3114879.128100000321865, 3430879.170400000177324 ], [ -3117208.212000000290573, 3430535.081399999558926 ], [ -3117688.017300000414252, 3432992.85950000025332 ], [ -3121468.805100000463426, 3433336.9485 ], [ -3121901.35120000038296, 3429937.494900000281632 ], [ -3120496.906600000336766, 3429481.747999999672174 ], [ -3120152.817699999548495, 3428637.685999999754131 ], [ -3123332.005699999630451, 3427606.029 ], [ -3123284.572100000455976, 3425281.783300000242889 ], [ -3123916.447599999606609, 3424674.687199999578297 ], [ -3124359.129300000146031, 3424187.542500000447035 ], [ -3123477.840300000272691, 3423340.813799999654293 ], [ -3122961.706899999640882, 3422803.613699999637902 ], [ -3121556.022199999541044, 3422121.647900000214577 ], [ -3121206.151100000366569, 3421320.861499999649823 ], [ -3124366.151600000448525, 3420703.968999999575317 ], [ -3124710.240500000305474, 3420345.83559999987483 ], [ -3125287.1848, 3419791.51659999974072 ], [ -3128002.7796, 3418948.413200000301003 ], [ -3128923.574400000274181, 3420352.857900000177324 ], [ -3135952.819799999706447, 3420696.9468 ], [ -3136452.342899999581277, 3421216.8586 ], [ -3145253.7544, 3421037.237999999895692 ], [ -3151018.214200000278652, 3421154.879999999888241 ], [ -3151394.688500000163913, 3419994.724499999545515 ], [ -3152097.6266, 3419319.35259999986738 ], [ -3152448.021999999880791, 3418217.6721 ], [ -3150110.407100000418723, 3418265.378499999642372 ], [ -3149639.178899999707937, 3416813.22649999987334 ], [ -3147535.97690000012517, 3416856.149000000208616 ], [ -3144830.22649999987334, 3416800.92960000038147 ], [ -3142929.4715, 3415512.4983 ], [ -3139112.8202, 3416490.635099999606609 ], [ -3137041.176799999549985, 3416834.724000000394881 ], [ -3136655.042100000195205, 3413674.723600000143051 ], [ -3134029.399400000460446, 3412822.693900000303984 ], [ -3128999.618800000287592, 3412003.892400000244379 ], [ -3127175.04079999960959, 3412628.412399999797344 ], [ -3119627.971800000406802, 3412972.501299999654293 ], [ -3119099.484199999831617, 3411986.340599999763072 ], [ -3121206.151100000366569, 3411575.0789 ], [ -3121619.861200000159442, 3410300.1765 ], [ -3122610.595800000242889, 3409819.52309999987483 ], [ -3123118.310700000263751, 3408773.008600000292063 ], [ -3127966.6244, 3408415.078499999828637 ], [ -3132083.574799999594688, 3409117.300800000317395 ], [ -3134899.4863, 3409461.389700000174344 ], [ -3137350.242200000211596, 3410170.6343 ], [ -3139328.646099999547005, 3410556.856499999761581 ], [ -3144730.5987, 3411216.94550000037998 ], [ -3146950.406600000336766, 3411671.605000000447035 ], [ -3148936.910400000400841, 3410865.8344 ], [ -3150348.377299999818206, 3410521.745400000363588 ], [ -3152104.82120000012219, 3409188.966300000436604 ], [ -3158666.911899999715388, 3408695.0455 ], [ -3159119.13399999961257, 3407524.199400000274181 ], [ -3157012.467000000178814, 3407010.6338 ], [ -3155966.155799999833107, 3406652.5005 ], [ -3154554.688900000415742, 3406308.411500000394881 ], [ -3152985.222099999897182, 3405771.211500000208616 ], [ -3151394.688500000163913, 3405255.078099999576807 ], [ -3151050.599600000306964, 3404876.42879999987781 ], [ -3151752.821899999864399, 3404201.744599999859929 ], [ -3152096.910799999721348, 3403559.672799999825656 ], [ -3149990.243900000117719, 3403148.411100000143051 ], [ -3147758.139600000344217, 3402384.402200000360608 ], [ -3144375.97649999987334, 3402453.426 ], [ -3142620.420699999667704, 3402417.598299999721348 ], [ -3139112.8202, 3402489.182 ], [ -3138410.597900000400841, 3401716.428299999795854 ], [ -3139423.113900000229478, 3400743.618900000117719 ], [ -3145995.884399999864399, 3400207.7357 ], [ -3146479.132299999706447, 3399446.100399999879301 ], [ -3142571.129800000227988, 3397550.138799999840558 ], [ -3138403.5757, 3397179.5214 ], [ -3137357.264399999752641, 3396821.388000000268221 ], [ -3134346.747000000439584, 3396477.299100000411272 ], [ -3132444.048899999819696, 3397767.047399999573827 ], [ -3128088.60259999986738, 3398240.255599999800324 ], [ -3122347.675499999895692, 3399219.47719999961555 ], [ -3119768.290400000289083, 3400548.251400000415742 ], [ -3116283.572700000368059, 3401034.721900000236928 ], [ -3115734.128499999642372, 3401606.59250000026077 ], [ -3113992.728799999691546, 3402088.0554 ], [ -3113471.309999999590218, 3401013.294200000353158 ], [ -3106217.479600000195205, 3401161.331500000320375 ], [ -3102775.4068, 3400658.335199999623001 ], [ -3098907.081500000320375, 3400737.280600000172853 ], [ -3091880.717299999669194, 3400593.8854 ], [ -3088954.1217, 3401093.070600000210106 ], [ -3085901.924200000241399, 3401030.780899999663234 ], [ -3085321.853000000119209, 3399835.123999999836087 ], [ -3081549.536999999545515, 3398610.995000000111759 ], [ -3081179.479100000113249, 3398225.832700000144541 ], [ -3080423.419800000265241, 3397499.4227 ], [ -3075554.678399999625981, 3396126.18790000025183 ], [ -3075210.5894, 3395381.1157 ], [ -3079771.523400000296533, 3395474.196000000461936 ], [ -3083796.1732, 3395392.0603 ], [ -3086439.12430000025779, 3394714.721099999733269 ], [ -3089255.035699999891222, 3394370.63219999987632 ], [ -3091943.842799999751151, 3393912.006199999712408 ], [ -3092408.013899999670684, 3392970.398 ], [ -3081509.3531, 3392614.612300000153482 ], [ -3080828.367999999783933, 3391905.831799999810755 ], [ -3078012.456500000320375, 3391561.7429 ], [ -3076847.21030000038445, 3391162.9002 ], [ -3071520.4112, 3391271.610399999655783 ], [ -3067562.510599999688566, 3391190.836900000460446 ], [ -3067111.551699999719858, 3387500.33600000012666 ], [ -3066074.6771, 3386997.297799999825656 ], [ -3065730.588200000114739, 3386618.64850000012666 ], [ -3066781.439299999736249, 3385609.00719999987632 ], [ -3067128.010599999688566, 3383353.647599999792874 ], [ -3065389.3564, 3382213.735299999825656 ], [ -3062914.676699999719858, 3381730.6305 ], [ -3062570.5877, 3381032.618700000457466 ], [ -3073455.033599999733269, 3380677.29700000025332 ], [ -3075679.5954, 3379915.869800000451505 ], [ -3076608.011800000444055, 3378894.203099999576807 ], [ -3075885.324799999594688, 3378199.856700000353158 ], [ -3071639.941599999554455, 3377508.7478 ], [ -3069473.876000000163913, 3376767.342799999751151 ], [ -3063926.313400000333786, 3376880.558299999684095 ], [ -3063272.809999999590218, 3374517.5428 ], [ -3069832.26410000026226, 3373303.9627 ], [ -3070288.011, 3374708.4073 ], [ -3073806.144799999892712, 3375052.4962 ], [ -3074501.3449, 3375410.629599999636412 ], [ -3077553.1381, 3375836.6634 ], [ -3079768.012299999594688, 3377517.2966 ], [ -3086884.210799999535084, 3377952.619599999859929 ], [ -3091709.302699999883771, 3377854.148299999535084 ], [ -3094609.420699999667704, 3377913.3344 ], [ -3097158.750199999660254, 3377478.4989 ], [ -3097674.681300000287592, 3376540.823200000450015 ], [ -3095919.1255, 3376112.85190000012517 ], [ -3095575.036600000225008, 3375720.433600000105798 ], [ -3096628.3701, 3374708.4073 ], [ -3096972.458999999798834, 3373681.705 ], [ -3093110.2363, 3373303.9627 ], [ -3092415.0362, 3372945.829300000332296 ], [ -3088651.95380000025034, 3372577.783300000242889 ], [ -3088201.7023, 3371190.27350000012666 ], [ -3086790.235399999655783, 3370846.184600000269711 ], [ -3086119.6195, 3370148.19649999961257 ], [ -3086542.392199999652803, 3368739.5176 ], [ -3090730.668200000189245, 3369812.894899999722838 ], [ -3092801.258399999700487, 3369770.637900000438094 ], [ -3093674.230200000107288, 3368862.034699999727309 ], [ -3095463.378600000403821, 3368388.406499999575317 ], [ -3095939.961199999786913, 3369857.059000000357628 ], [ -3100385.259499999694526, 3369766.338600000366569 ], [ -3100847.666199999861419, 3368341.370799999684095 ], [ -3102227.124800000339746, 3367016.00870000012219 ], [ -3103292.45990000013262, 3365221.3838 ], [ -3104428.407700000330806, 3364175.072599999606609 ], [ -3107856.904900000430644, 3364877.2949 ], [ -3112013.702200000174344, 3365553.982800000347197 ], [ -3112498.009200000204146, 3363073.144799999892712 ], [ -3115068.7281, 3363125.6085 ], [ -3115584.861499999649823, 3365242.808799999766052 ], [ -3119710.417600000277162, 3365158.613699999637902 ], [ -3120145.795400000177324, 3363816.9392 ], [ -3121246.164599999785423, 3363459.865799999795854 ], [ -3122252.46239999961108, 3362412.4945 ], [ -3124984.491499999538064, 3362068.405600000172853 ], [ -3125412.462799999862909, 3363823.961400000378489 ], [ -3128622.216799999587238, 3364865.537200000137091 ], [ -3129274.685600000433624, 3364147.534400000236928 ], [ -3128552.9287, 3363454.081799999810755 ], [ -3127341.357900000177324, 3360956.762400000356138 ], [ -3119443.573099999688566, 3360312.8498 ], [ -3119027.465300000272691, 3359030.558299999684095 ], [ -3116718.566200000233948, 3358557.293999999761581 ], [ -3116269.162700000219047, 3360400.765700000338256 ], [ -3112536.809600000269711, 3359923.697999999858439 ], [ -3110003.4803, 3359975.3986 ], [ -3108917.260599999688566, 3359603.6053 ], [ -3107836.898199999704957, 3359253.0241 ], [ -3107107.552699999883771, 3358493.909400000236928 ], [ -3101983.649600000120699, 3358598.478799999691546 ], [ -3101475.1085, 3356512.422600000165403 ], [ -3099763.36780000012368, 3356095.13260000012815 ], [ -3098935.57149999961257, 3355233.548700000159442 ], [ -3097407.452499999664724, 3354695.0713 ], [ -3096969.445600000210106, 3356491.793600000441074 ], [ -3096249.720800000242889, 3357145.827200000174344 ], [ -3095340.219100000336766, 3356199.20299999974668 ], [ -3094170.592000000178814, 3356801.738199999555945 ], [ -3092056.902800000272691, 3357145.827200000174344 ], [ -3091712.813900000415742, 3357503.96059999987483 ], [ -3091170.503600000403821, 3357848.049499999731779 ], [ -3090659.480399999767542, 3356794.716 ], [ -3089551.070600000210106, 3356450.627100000157952 ], [ -3085754.182099999859929, 3357750.233199999667704 ], [ -3083351.789200000464916, 3356927.937599999830127 ], [ -3082935.034900000318885, 3356204.151700000278652 ], [ -3084339.479500000365078, 3355748.404799999669194 ], [ -3084683.5685, 3355080.700199999846518 ], [ -3081489.283099999651313, 3354695.0713 ], [ -3080143.093500000424683, 3356096.207399999722838 ], [ -3078363.567599999718368, 3356443.604899999685585 ], [ -3077925.582499999552965, 3358240.237599999643862 ], [ -3075719.7006, 3358195.219600000418723 ], [ -3075074.02489999961108, 3356864.337100000120699 ], [ -3073591.788099999539554, 3356383.346400000154972 ], [ -3070252.89989999961108, 3356451.4869 ], [ -3068907.692900000140071, 3357851.6003 ], [ -3067195.183299999684095, 3358199.1606 ], [ -3066783.9216, 3356092.493700000457466 ], [ -3066041.236600000411272, 3354996.849499999545515 ], [ -3063126.556400000117719, 3355056.332700000144541 ], [ -3062570.5877, 3355932.5817 ], [ -3064318.7642, 3356780.706899999640882 ], [ -3064670.2325, 3357447.946100000292063 ], [ -3062212.454400000162423, 3357848.049499999731779 ], [ -3061868.365399999544024, 3358206.182900000363588 ], [ -3061138.605000000447035, 3358550.271800000220537 ], [ -3060463.920800000429153, 3357848.049499999731779 ], [ -3059219.3882, 3357503.96059999987483 ], [ -3058708.365000000223517, 3358557.293999999761581 ], [ -3057964.8355, 3358901.38300000037998 ], [ -3056573.4759, 3358184.622000000439584 ], [ -3056615.7494, 3356113.222900000400841 ], [ -3055838.925599999725819, 3354967.215599999763072 ], [ -3054810.592899999581277, 3353979.209699999541044 ], [ -3054864.222699999809265, 3351351.353699999861419 ], [ -3051492.247899999842048, 3350802.4276 ], [ -3050983.919499999843538, 3349809.8772 ], [ -3054752.3777, 3349400.443900000303984 ], [ -3055190.231200000271201, 3347891.420599999837577 ], [ -3053146.349700000137091, 3347228.1743 ], [ -3052706.85149999987334, 3345425.334699999541044 ], [ -3050956.890599999576807, 3344857.4666 ], [ -3049956.376799999736249, 3343816.115500000305474 ], [ -3048526.379300000146031, 3343122.354399999603629 ], [ -3048175.0302, 3342447.193699999712408 ], [ -3051182.5532, 3342027.340099999681115 ], [ -3051679.119599999859929, 3340974.197999999858439 ], [ -3050291.083999999798834, 3339640.595200000330806 ], [ -3047465.785699999891222, 3339246.18030000012368 ], [ -3047121.6968, 3338584.971 ], [ -3049930.58600000012666, 3338192.846900000236928 ], [ -3052381.341900000348687, 3337834.713499999605119 ], [ -3055197.253399999812245, 3337490.6245 ], [ -3056243.5647, 3337132.4912 ], [ -3057676.528099999763072, 3336788.402200000360608 ], [ -3057633.813299999572337, 3338881.42989999987185 ], [ -3058006.142699999734759, 3339239.158099999651313 ], [ -3058683.362300000153482, 3339944.019299999810755 ], [ -3060220.758100000210106, 3340318.807400000281632 ], [ -3063468.019000000320375, 3340252.5367 ], [ -3065073.6563, 3340664.031700000166893 ], [ -3066429.2994, 3340636.365500000305474 ], [ -3067514.232800000347197, 3340658.507000000216067 ], [ -3068498.195000000298023, 3341682.630900000222027 ], [ -3069085.194500000216067, 3342048.047399999573827 ], [ -3070690.637299999594688, 3340959.794200000353158 ], [ -3074206.411500000394881, 3341031.544700000435114 ], [ -3075186.722500000149012, 3342051.86849999986589 ], [ -3077014.199300000444055, 3342399.1585 ], [ -3079065.789900000207126, 3341696.936200000345707 ], [ -3082280.866600000299513, 3341352.847299999557436 ], [ -3085252.194899999536574, 3342369.879099999554455 ], [ -3089352.121000000275671, 3341319.1442 ], [ -3091573.4666, 3341364.477800000458956 ], [ -3093110.2363, 3342406.180800000205636 ], [ -3093848.142900000326335, 3342750.2697 ], [ -3093808.5175, 3340808.625 ], [ -3091366.5082, 3339623.887799999676645 ], [ -3091010.5915, 3338823.557099999859929 ], [ -3094542.769799999892712, 3338895.642400000244379 ], [ -3095429.870900000445545, 3339818.9517 ], [ -3100061.1113, 3340322.124200000427663 ], [ -3100483.570600000210106, 3342055.0696 ], [ -3101547.437400000169873, 3342571.20299999974668 ], [ -3102590.237499999813735, 3343108.403099999763072 ], [ -3103650.5932, 3343452.49199999962002 ], [ -3104855.352699999697506, 3343864.859299999661744 ], [ -3108415.1716, 3343792.21 ], [ -3109261.349499999545515, 3342048.047399999573827 ], [ -3111658.977099999785423, 3341703.958399999886751 ], [ -3112073.547399999573827, 3343827.573200000450015 ], [ -3113307.777800000272691, 3345013.402499999850988 ], [ -3116544.489900000393391, 3344461.32120000012219 ], [ -3116990.4611, 3343087.0017 ], [ -3119396.8097, 3343136.1108 ], [ -3120145.795400000177324, 3342750.2697 ], [ -3122657.1014, 3342399.688500000163913 ], [ -3124987.513000000268221, 3341602.030899999663234 ], [ -3125739.764000000432134, 3339283.869400000199676 ], [ -3122954.6847, 3338895.069199999794364 ], [ -3122610.595800000242889, 3337419.112499999813735 ], [ -3127804.073400000110269, 3337525.10190000012517 ], [ -3130977.727300000376999, 3336438.817599999718368 ], [ -3133155.2538, 3336084.3366 ], [ -3133839.130599999800324, 3334674.713000000454485 ], [ -3137192.753200000151992, 3334330.624099999666214 ], [ -3137701.35329999960959, 3335394.403599999845028 ], [ -3134892.464100000448525, 3336079.157700000330806 ], [ -3134517.282800000160933, 3337618.1667 ], [ -3131030.24129999987781, 3338185.8246 ], [ -3130686.1524, 3338930.896800000220537 ], [ -3135531.486399999819696, 3338832.012500000186265 ], [ -3135945.797600000165403, 3337132.4912 ], [ -3137708.3756, 3336788.402200000360608 ], [ -3138073.1869, 3336036.4441 ], [ -3141254.598299999721348, 3336101.370799999684095 ], [ -3141914.687199999578297, 3336788.402200000360608 ], [ -3142828.966799999587238, 3337132.4912 ], [ -3145470.9222999997437, 3336060.854600000195205 ], [ -3146391.734000000171363, 3335102.458700000308454 ], [ -3146871.550699999555945, 3334681.735299999825656 ], [ -3147883.576899999752641, 3335735.068699999712408 ], [ -3151050.599600000306964, 3336079.157700000330806 ], [ -3151394.688500000163913, 3336704.519799999892712 ], [ -3149032.763500000350177, 3337280.3125 ], [ -3148592.82149999961257, 3338213.362800000235438 ], [ -3149545.16260000038892, 3339128.357200000435114 ], [ -3151290.052699999883771, 3339590.269299999810755 ], [ -3151745.799700000323355, 3338185.8246 ], [ -3153157.2665, 3337841.7357 ], [ -3154905.800099999643862, 3337132.4912 ], [ -3157013.891200000420213, 3336448.408599999733269 ], [ -3157363.578200000338256, 3335753.9457 ], [ -3152448.021999999880791, 3335383.957600000314415 ], [ -3152103.9331, 3335025.824199999682605 ], [ -3149288.021599999628961, 3334681.735299999825656 ], [ -3148943.9326, 3333905.206299999728799 ], [ -3151098.653599999845028, 3332926.17949999962002 ], [ -3153191.276100000366569, 3333642.44620000012219 ], [ -3153852.4666, 3334330.624099999666214 ], [ -3158519.9742, 3334674.713000000454485 ], [ -3159821.356300000101328, 3332919.1573 ], [ -3161935.0455, 3332575.068300000391901 ], [ -3162279.134399999864399, 3331514.712600000202656 ], [ -3165831.5532, 3331170.623700000345707 ], [ -3166843.5795, 3332223.9572 ], [ -3167903.935200000181794, 3332568.0461 ], [ -3168248.0241, 3333295.314899999648333 ], [ -3166120.841199999675155, 3333972.4907 ], [ -3165296.854100000113249, 3333114.871500000357628 ], [ -3162077.708200000226498, 3333663.956600000150502 ], [ -3161583.934299999848008, 3334681.735299999825656 ], [ -3160172.46750000026077, 3335025.824199999682605 ], [ -3159828.378499999642372, 3335770.8964 ], [ -3162686.42339999973774, 3335712.56900000013411 ], [ -3163683.579, 3334674.713000000454485 ], [ -3165466.673000000417233, 3333979.513000000268221 ], [ -3166650.205, 3335211.352400000207126 ], [ -3170382.2292, 3335728.046500000171363 ], [ -3171366.71239999961108, 3334703.380300000309944 ], [ -3173514.691499999724329, 3336437.2911 ], [ -3178323.2993, 3336907.593999999575317 ], [ -3180185.80350000038743, 3336430.268799999728799 ], [ -3181969.878100000321865, 3336086.17989999987185 ], [ -3181938.636400000192225, 3337617.024600000120699 ], [ -3180185.80350000038743, 3338185.8246 ], [ -3179841.714499999769032, 3339382.809399999678135 ], [ -3181652.2089, 3339941.380400000140071 ], [ -3183856.057300000451505, 3338806.064600000157952 ], [ -3184412.121899999678135, 3337092.477699999697506 ], [ -3185459.49309999961406, 3336086.17989999987185 ], [ -3185803.582000000402331, 3335707.530600000172853 ], [ -3185072.294200000353158, 3335004.920800000429153 ], [ -3182306.308299999684095, 3335061.3695 ], [ -3181931.101300000213087, 3334287.9836 ], [ -3179117.6941, 3334345.400000000372529 ], [ -3179159.171299999579787, 3332313.0152000002563 ], [ -3178640.779199999757111, 3329782.041899999603629 ], [ -3180895.048000000417233, 3329415.067900000140071 ], [ -3181239.137000000104308, 3328354.7122 ], [ -3182483.669599999673665, 3328010.6233 ], [ -3182994.692699999548495, 3329063.9567 ], [ -3185810.6042, 3329408.045699999667704 ], [ -3186229.101700000464916, 3329843.624699999578297 ], [ -3192694.135800000280142, 3329711.685200000181794 ], [ -3194333.1415, 3330272.687199999578297 ], [ -3197045.0066, 3329577.686599999666214 ], [ -3198115.645899999886751, 3330129.228000000119209 ], [ -3202312.828700000420213, 3330812.490299999713898 ], [ -3203008.028800000436604, 3331170.623700000345707 ], [ -3206201.22510000038892, 3331517.556300000287592 ], [ -3207572.473799999803305, 3332223.9572 ], [ -3208714.7292, 3332594.6228 ], [ -3208577.7533, 3334323.60190000012517 ], [ -3206486.254200000315905, 3333607.719700000248849 ], [ -3204587.185999999754131, 3333646.476099999621511 ], [ -3204068.384499999694526, 3334614.5625 ], [ -3206175.051400000229478, 3335025.824199999682605 ], [ -3209124.601800000295043, 3335781.739099999889731 ], [ -3209761.637000000104308, 3337744.847699999809265 ], [ -3212136.9189, 3336781.379999999888241 ], [ -3214974.326999999582767, 3335735.068699999712408 ], [ -3214943.694299999624491, 3337236.068900000303984 ], [ -3212488.03000000026077, 3337834.713499999605119 ], [ -3212143.941100000403821, 3338565.454599999822676 ], [ -3214773.7637, 3338511.784799999557436 ], [ -3218721.1288, 3338592.3432 ], [ -3220124.346599999815226, 3337869.473500000312924 ], [ -3221975.05350000038743, 3337139.513399999588728 ], [ -3222319.1425, 3336760.864099999889731 ], [ -3221616.920099999755621, 3336086.17989999987185 ], [ -3221334.654299999587238, 3334681.735299999825656 ], [ -3224074.698200000450015, 3335383.957600000314415 ], [ -3228458.173000000417233, 3335919.594200000166893 ], [ -3230489.625, 3335224.264999999664724 ], [ -3231103.538499999791384, 3333958.8514 ], [ -3232706.5345, 3333181.160299999639392 ], [ -3241814.1881, 3333367.030799999833107 ], [ -3242683.589599999599159, 3332919.1573 ], [ -3243392.83420000039041, 3332575.068300000391901 ], [ -3243736.923100000247359, 3331494.196700000204146 ], [ -3243034.700799999758601, 3330819.512500000186265 ], [ -3242690.6118, 3329408.045699999667704 ], [ -3239443.681300000287592, 3329011.288599999621511 ], [ -3238828.38910000026226, 3328334.1963 ], [ -3239932.1239, 3327273.745199999772012 ], [ -3241673.267300000414252, 3327309.278699999675155 ], [ -3243034.700799999758601, 3328010.6233 ], [ -3245128.309999999590218, 3328521.005599999800324 ], [ -3245563.825400000438094, 3332529.5252 ], [ -3247957.279199999757111, 3332919.1573 ], [ -3248301.368200000375509, 3334330.624099999666214 ], [ -3248703.354600000195205, 3334716.846400000154972 ], [ -3250063.94620000012219, 3335376.935399999842048 ], [ -3251843.924999999813735, 3336293.8942 ], [ -3251810.300599999725819, 3337941.490899999625981 ], [ -3250168.581899999640882, 3338536.9358 ], [ -3249712.835, 3337132.4912 ], [ -3249149.666600000113249, 3336788.402200000360608 ], [ -3246552.834599999710917, 3337841.7357 ], [ -3245286.081899999640882, 3338252.801099999807775 ], [ -3244797.278800000436604, 3339212.5269 ], [ -3248659.501500000245869, 3339590.269299999810755 ], [ -3249003.5905, 3339948.402599999681115 ], [ -3251725.983099999837577, 3340479.8657 ], [ -3254444.922899999655783, 3339377.002600000239909 ], [ -3254972.480200000107288, 3337991.2187 ], [ -3253216.9244, 3337139.513399999588728 ], [ -3252872.835400000214577, 3336595.72649999987334 ], [ -3254662.676199999637902, 3335735.068699999712408 ], [ -3256339.4528, 3336598.862700000405312 ], [ -3256741.976099999621511, 3338250.029900000430644 ], [ -3259916.125300000421703, 3338185.251400000415742 ], [ -3260804.436499999836087, 3337260.6826 ], [ -3261650.568199999630451, 3334653.2155 ], [ -3263402.659099999815226, 3334688.972500000149012 ], [ -3264627.1935, 3334663.981999999843538 ], [ -3265154.703700000420213, 3333705.262000000104308 ], [ -3262762.850599999539554, 3333122.17339999973774 ], [ -3262352.83669999986887, 3331903.208200000226498 ], [ -3265863.948300000280142, 3331521.7347999997437 ], [ -3266612.934100000187755, 3331135.893699999898672 ], [ -3268959.3443, 3331183.7796 ], [ -3269195.993200000375509, 3332396.0016 ] ] } }
]
}
